alloy_id,view,latent_y,latent_x,pixel_y,pixel_x,D50,log_spread,area_weighted_aspect,coarse_area_fraction,boundary_length_density,truncation_ratio
ID01,v0_rot0,0,16,0,64,5.8063585784597045,0.3206499150368405,1.7838641447247692,0.981399834665197,0.01658038742422279,0.978851318359375
ID01,v0_rot0,0,30,0,120,5.584901113509465,0.3187510769843538,1.7830113737443045,0.9821286370597243,0.017018964796437816,0.9785919189453125
ID01,v0_rot0,1,55,4,220,5.046265044040321,0.2447973886465284,1.7845512562656167,0.9805285331290693,0.01948004023807689,0.979461669921875
ID01,v0_rot0,1,57,4,228,5.046265044040321,0.27011335608981585,1.784456747393511,0.9797353184449958,0.0197414206129218,0.9763946533203125
ID01,v0_rot0,2,26,8,104,5.584901113509465,0.3187510769843538,1.7816094322843867,0.9821909424724602,0.015453213557667052,0.980255126953125
ID01,v0_rot0,3,26,12,104,5.527906391541368,0.32159587971595127,1.7814251652529387,0.9830345122995962,0.014598255545953672,0.982025146484375
ID01,v0_rot0,3,40,12,160,5.584901113509465,0.35606191938939274,1.7846337220194788,0.9807992411492916,0.016185724520307868,0.979278564453125
ID01,v0_rot0,5,40,20,160,5.970821321441846,0.3745411996752873,1.7842957692689094,0.9825642751173852,0.014474783764800103,0.9812164306640625
ID01,v0_rot0,6,58,24,232,5.29119966281621,0.29095327650010955,1.7836918884771233,0.9832106398934787,0.015902933472731813,0.98065185546875
ID01,v0_rot0,8,17,32,68,5.970821321441846,0.34065029947947956,1.781363234558813,0.9870656045988961,0.010831090607801892,0.9863128662109375
ID01,v0_rot0,8,59,32,236,5.469711385673689,0.29494383615002057,1.7834551919509398,0.9840123617337025,0.01455130847535012,0.982513427734375
ID01,v0_rot0,8,63,32,252,5.469711385673689,0.29494383615002057,1.7835236084330734,0.9839375860486461,0.014405574390600284,0.9832611083984375
ID01,v0_rot0,9,53,36,212,5.802207085643934,0.29890105161598546,1.7838995454029463,0.98488857619186,0.01291358384931795,0.98760986328125
ID01,v0_rot0,10,47,40,188,6.076507779746499,0.3722532255913498,1.7820042721995986,0.9876637571273522,0.010253145689062795,0.98828125
ID01,v0_rot0,10,54,40,216,5.170882945826411,0.36810538309552965,1.7819493348853586,0.9880085653104925,0.011352114781440633,0.9884490966796875
ID01,v0_rot0,11,23,44,92,5.641895835477563,0.2635817041667405,1.7800942172892396,0.992450523420188,0.0071656254840418215,0.9914398193359375
ID01,v0_rot0,11,38,44,152,5.859201807612031,0.2869947457747745,1.7801056575424015,0.9910596937372008,0.008113964581970765,0.990997314453125
ID01,v0_rot0,12,1,48,4,6.076507779746499,0.24249925685532073,1.7796910932609022,0.9933519783595434,0.006673717831201095,0.9942474365234375
ID01,v0_rot0,13,9,52,36,5.859201807612031,0.22681804099515468,1.7793309063660423,0.9938128265452657,0.00590326463368182,0.993804931640625
ID01,v0_rot0,13,26,52,104,6.076507779746499,0.23486652965665333,1.7791635579400187,0.9941331948115442,0.005651727727685487,0.9940948486328125
ID01,v0_rot0,13,35,52,140,6.076507779746499,0.243893087853374,1.7794309485014026,0.9943923234422272,0.005700335048953151,0.9949798583984375
ID01,v0_rot0,13,49,52,196,6.076507779746499,0.2348746936293193,1.779831206837774,0.9929881914422328,0.006538885734278567,0.9942169189453125
ID01,v0_rot0,14,1,56,4,5.641895835477563,0.1457638020034765,1.7787985298894056,0.9945460378569136,0.0055433941593660135,0.9944305419921875
ID01,v0_rot0,14,43,56,172,5.641895835477563,0.16300068235068688,1.7792452174157316,0.9946079704278491,0.005602531692403934,0.9946746826171875
ID01,v0_rot0,14,57,56,228,4.852899062091563,0.25566341301830653,1.7795057331246704,0.9936887788627576,0.006649101950246586,0.9939422607421875
ID01,v0_rot0,15,57,60,228,4.787307364817192,0.25636714091534535,1.7789050240739972,0.9951712229336349,0.0056887689590683285,0.994354248046875
ID01,v0_rot0,16,16,64,64,5.584901113509465,0.15788509596124958,1.778732900697152,0.9956618040174139,0.0046069333956254505,0.9954681396484375
ID01,v0_rot0,18,18,72,72,5.526706107641786,0.1316094593757996,1.778481793720385,0.9974193745419008,0.0031661543357092347,0.997039794921875
ID01,v0_rot0,18,19,72,76,5.526706107641786,0.1316094593757996,1.7784818078360831,0.997419216907947,0.00323831018443148,0.9969635009765625
ID01,v0_rot0,20,31,80,124,5.4115163798060095,0.17229180821946324,1.7786509304389089,0.9982436044291715,0.0028429074413928255,0.998382568359375
ID01,v0_rot0,21,46,84,184,4.51351666838205,1.7622478196547287,1.7788736034059576,0.9986716340428131,0.002398382030101836,0.998382568359375
ID01,v0_rot0,21,62,84,248,4.582971580031664,1.7114613854658538,1.7786147629546394,0.9985793501672701,0.003071382763236435,0.9976959228515625
ID01,v0_rot0,21,64,84,256,4.582971580031664,1.7114613854658538,1.7786147907631065,0.9985792416511351,0.0031916024239011464,0.99761962890625
ID01,v0_rot0,23,22,92,88,4.650412016599621,0.2958909776191043,1.7790793066866546,0.9972516566403029,0.00278212315491813,0.998077392578125
ID01,v0_rot0,24,2,96,8,4.427868154972705,0.227002389367412,1.7778608166727812,0.9977864623087962,0.0023499838186715697,0.99847412109375
ID01,v0_rot0,24,18,96,72,4.650412016599621,0.2958909776191043,1.7790656208949411,0.9966566927210552,0.0028536389058468592,0.9965972900390625
ID01,v0_rot0,25,2,100,8,4.427868154972705,0.227002389367412,1.777842096608395,0.997709853735992,0.0025781032265176245,0.9971923828125
ID01,v0_rot0,25,11,100,44,4.787307364817192,0.38670493235668996,1.7783905073916313,0.9960158754388643,0.0027095097683990737,0.996856689453125
ID01,v0_rot0,25,34,100,136,5.753627391751592,1.3427761343429025,1.7792581339752995,0.995585090131378,0.004103363456796934,0.9962615966796875
ID01,v0_rot0,25,43,100,172,5.753627391751592,1.099925263508464,1.779701380151011,0.9950969160976951,0.004366722135310928,0.9961090087890625
ID01,v0_rot0,27,22,108,88,5.52309741007641,0.3609733043860548,1.778458095892646,0.9936599599737233,0.005339416452203194,0.9937286376953125
ID01,v0_rot0,27,32,108,128,5.753627391751592,0.3708319537265513,1.7790952671299263,0.9936722403937273,0.006014191297987369,0.9932708740234375
ID01,v0_rot0,27,45,108,180,5.753627391751592,0.37262357865036727,1.7796667075681583,0.9925418755349065,0.006757842737387874,0.9921417236328125
ID01,v0_rot0,28,1,112,4,4.787307364817192,0.31732607579582994,1.7774609373118297,0.9966097035781372,0.003706235892698821,0.9965667724609375
ID01,v0_rot0,28,60,112,240,5.753627391751592,0.44175533109351794,1.7801791955477382,0.992214744570205,0.008384948272429167,0.990020751953125
ID01,v0_rot0,29,16,116,64,5.03993739660921,0.3974587341488024,1.7781166967202315,0.9947595984905199,0.004835767036639598,0.99462890625
ID01,v0_rot0,29,48,116,192,5.753627391751592,0.40083644626079207,1.7796942327074878,0.9924935025225501,0.007372488492983233,0.9906463623046875
ID01,v0_rot0,30,23,120,92,5.753627391751592,0.35380915473693153,1.7777494165817866,0.9919147765482668,0.006974328008404925,0.9910430908203125
ID01,v0_rot0,30,27,120,108,5.753627391751592,0.35380915473693153,1.7777493552807722,0.9919137878324671,0.0071672684736820026,0.9909210205078125
ID01,v0_rot0,30,46,120,184,5.753627391751592,0.4153261556967355,1.7797679755687303,0.9920024466702347,0.008202874005664917,0.9902801513671875
ID01,v0_rot0,31,13,124,52,5.292567428401227,0.3708319537265513,1.77714339667989,0.9928646732570399,0.005856075780194575,0.9928436279296875
ID01,v0_rot0,31,16,124,64,5.9840743032628865,0.3796874912731891,1.7773942975730361,0.9929561324430455,0.005856254736473097,0.9930267333984375
ID01,v0_rot0,32,16,128,64,6.950366585984057,0.4056790140807096,1.7778034328764463,0.9915943269348331,0.006601800187501476,0.99163818359375
ID01,v0_rot0,32,32,128,128,6.180387232371033,0.34739072064498155,1.779533880184941,0.9892150713641022,0.009359561401988898,0.988525390625
ID01,v0_rot0,34,13,136,52,6.950366585984057,0.4056790140807096,1.7780845916915138,0.9907333781882683,0.007674313817526598,0.98870849609375
ID01,v0_rot0,34,39,136,156,5.863230142835039,0.38856229571863377,1.7860574421995363,0.9885001148457239,0.011689870834121733,0.9871978759765625
ID01,v0_rot0,36,50,144,200,6.522024874974365,0.38067106540910794,1.7936316820267961,0.987045203969129,0.01244773825671259,0.98602294921875
ID01,v0_rot0,37,26,148,104,5.753627391751592,0.40652828044436956,1.7891741211855121,0.9841362113540058,0.012663642769828365,0.984771728515625
ID01,v0_rot0,38,18,152,72,5.915067585749045,0.4150592773399269,1.7876720784573579,0.9838618389855139,0.012326472942128738,0.9853668212890625
ID01,v0_rot0,38,19,152,76,5.753627391751592,0.40487970247220323,1.79137953640399,0.9828053052670226,0.012915954437917926,0.9846343994140625
ID01,v0_rot0,38,27,152,108,5.753627391751592,0.3908801295197495,1.7904388046600264,0.9807333272120712,0.014350769857321843,0.98333740234375
ID01,v0_rot0,39,33,156,132,6.128447506058766,0.42522851286083,1.7949691150867013,0.9788573792342694,0.016809934492596025,0.9792022705078125
ID01,v0_rot0,39,55,156,220,6.128447506058766,0.4384266064139492,1.799074692710582,0.9818683424017166,0.01635920153356015,0.982574462890625
ID01,v0_rot0,40,16,160,64,6.180387232371033,0.40487970247220323,1.779726281961655,0.9818618747321374,0.01405330394005414,0.9814300537109375
ID01,v0_rot0,41,29,164,116,6.076507779746499,0.40487970247220323,1.7979607252851646,0.9764509407366551,0.01900079211871929,0.9754638671875
ID01,v0_rot0,42,4,168,16,6.180387232371033,0.3908801295197495,1.7792785308498367,0.9813561916424307,0.015219869506523336,0.979217529296875
ID01,v0_rot0,42,24,168,96,5.863230142835039,0.43881112440284015,1.7946057355506186,0.9766665645956456,0.01816971284707022,0.9743194580078125
ID01,v0_rot0,43,1,172,4,6.180387232371033,0.40876323144911975,1.779107548315408,0.9794081173354563,0.016713925120909613,0.9788360595703125
ID01,v0_rot0,43,5,172,20,6.180387232371033,0.41422584771245113,1.779211243491965,0.9796771624601813,0.016767413620681865,0.9778289794921875
ID01,v0_rot0,43,27,172,108,5.863230142835039,0.44739819153188976,1.7963683594533293,0.974944064731664,0.02019643421370212,0.975372314453125
ID01,v0_rot0,43,53,172,212,6.076507779746499,0.42947533981854225,1.806347725728139,0.9776120548113367,0.02230772300401536,0.9735260009765625
ID01,v0_rot0,44,35,176,140,5.808428767293315,0.46003173301893624,1.8012981239389907,0.9744250625182185,0.023255526232446193,0.9720611572265625
ID01,v0_rot0,47,29,188,116,5.753627391751592,0.4664526524226194,1.8123574113723813,0.968916927610978,0.02737826532012656,0.96954345703125
ID01,v0_rot0,47,61,188,244,5.753627391751592,0.5393678305544515,1.8284995817509362,0.9686784743237223,0.02958257879000512,0.9660186767578125
ID01,v0_rot0,48,3,192,12,6.180387232371033,0.4455255871271206,1.7767198472440613,0.9694864835855682,0.02376053140106361,0.93505859375
ID01,v0_rot0,48,5,192,20,6.180387232371033,0.4455255871271206,1.7767198472440613,0.9694864835855682,0.02376053140106361,0.93505859375
ID01,v2_rot180,0,32,0,128,6.179528547030358,0.5912495872350241,1.7974815602647198,0.972894244626376,0.023480305685233255,0.94696044921875
ID01,v2_rot180,1,3,4,12,5.970821321441846,0.5990247436770585,1.7797153679886006,0.9814136647104791,0.01819594598864505,0.9743804931640625
ID01,v2_rot180,1,39,4,156,6.126685317878032,0.552385247928012,1.806487343735816,0.9720563172682747,0.02557659953886763,0.9744873046875
ID01,v2_rot180,2,13,8,52,6.023664550594173,0.6048825693275647,1.7845220118026501,0.979861963190184,0.020020425576174217,0.970550537109375
ID01,v2_rot180,2,38,8,152,6.282549314314218,0.5700645939823102,1.8039542189502666,0.9738090486205997,0.024235846115554464,0.9774169921875
ID01,v2_rot180,2,39,8,156,6.282549314314218,0.5583678197070646,1.8039986653401257,0.9729783673406721,0.024804078149456513,0.974517822265625
ID01,v2_rot180,3,6,12,24,5.970821321441846,0.610653743846749,1.7821299595376896,0.9836359457595955,0.016979955696832902,0.9745941162109375
ID01,v2_rot180,3,12,12,48,6.023664550594173,0.6103679572547352,1.7847229159853608,0.9806441717791411,0.019454264323418388,0.970977783203125
ID01,v2_rot180,3,50,12,200,5.752562989156301,0.42361040799890765,1.81443040674999,0.9750744390213955,0.024796083465459546,0.969451904296875
ID01,v2_rot180,4,20,16,80,5.970821321441846,0.3855392248754536,1.7894855710118245,0.9797032131469218,0.019709602549080555,0.970367431640625
ID01,v2_rot180,4,34,16,136,6.179528547030358,0.44397649386386145,1.7938233916505109,0.9773315962909035,0.02047608668770112,0.96746826171875
ID01,v2_rot180,6,20,24,80,5.970821321441846,0.437636838165814,1.7878879367135578,0.9821819797459821,0.017038559227999982,0.97247314453125
ID01,v2_rot180,7,21,28,84,6.179528547030358,0.4835901898323048,1.7876769891059296,0.9830108975143872,0.01507422090272438,0.974517822265625
ID01,v2_rot180,7,22,28,88,6.179528547030358,0.4835901898323048,1.787634628859701,0.9829346312196764,0.01512207309111208,0.974517822265625
ID01,v2_rot180,8,57,32,228,5.969868961290769,0.4572455301601388,1.801948266854431,0.9782425496054546,0.018339796231022925,0.9803314208984375
ID01,v2_rot180,10,26,40,104,6.863662517577698,0.4299894819029112,1.7893010771741584,0.9864742873754915,0.012485712192572315,0.9784393310546875
ID01,v2_rot180,10,42,40,168,6.529328832273734,0.34443987112540153,1.7911454479563282,0.9855889244528845,0.014265314207228106,0.9873199462890625
ID01,v2_rot180,10,61,40,244,5.863230142835039,0.45153373770865685,1.797371604580099,0.9828410344404952,0.01559437461335784,0.984130859375
ID01,v2_rot180,11,14,44,56,6.179528547030358,0.4730251107013113,1.7872497358242523,0.9874498760292633,0.012573486775134392,0.977874755859375
ID01,v2_rot180,12,2,48,8,6.023664550594173,0.3999698482848544,1.7862064713184747,0.9879654407829345,0.011277450499735515,0.979400634765625
ID01,v2_rot180,14,19,56,76,6.573105915945957,0.5356175358960611,1.7863545475280256,0.9894789962228373,0.009932627056866785,0.98486328125
ID01,v2_rot180,16,39,64,156,6.6755811781245455,0.6061847001147334,1.7863834773497735,0.9927475251312025,0.009481450356053472,0.9919891357421875
ID01,v2_rot180,17,22,68,88,6.137589448691854,0.37403581755154175,1.7842285660323616,0.9945867421056656,0.007782521750616201,0.993896484375
ID01,v2_rot180,18,37,72,148,6.383076486422923,0.7523136622640333,1.7835419449035348,0.9959618208516887,0.007268200698351937,0.994232177734375
ID01,v2_rot180,20,2,80,8,4.222008245644752,0.2507183478229383,1.7798365237115303,0.9974022004889975,0.004680704213401663,0.9963226318359375
ID01,v2_rot180,20,11,80,44,3.742410318509555,0.25193732365261146,1.779962738345938,0.9980890356509509,0.004850805020677691,0.9965667724609375
ID01,v2_rot180,20,23,80,92,4.056302020438936,0.23838087046404272,1.7800279605669413,0.9979056471091815,0.005030755349979069,0.996368408203125
ID01,v2_rot180,21,26,84,104,4.918490759365935,0.2183514055532227,1.7797362994203576,0.9982880376631714,0.003961685578569256,0.996856689453125
ID01,v2_rot180,22,15,88,60,3.742410318509555,0.25193732365261146,1.7792703596291244,0.9984560588226302,0.0039019582540344355,0.99664306640625
ID01,v2_rot180,22,16,88,64,3.742410318509555,0.25193732365261146,1.7792703596291244,0.9984560588226302,0.0039019582540344355,0.99664306640625
ID01,v2_rot180,23,13,92,52,3.655329275407549,0.2362455517489139,1.7792914125378347,0.9985323793799303,0.0039262704004000126,0.996917724609375
ID01,v2_rot180,24,9,96,36,4.222008245644752,0.2477137239133157,1.779934243159212,0.9972946121513183,0.004321640639252295,0.996368408203125
ID01,v2_rot180,25,16,100,64,3.9822092820771537,0.26619684166373153,1.7793260323417512,0.9979975848733587,0.004129820213826175,0.996368408203125
ID01,v2_rot180,25,57,100,228,5.390860451100487,1.7153843020607735,1.7798936918204071,0.9972801173522401,0.003780337715759981,0.9975738525390625
ID01,v2_rot180,26,16,104,64,4.222008245644752,0.25095088373704383,1.779223911686645,0.9974005321263647,0.004971938585989534,0.995513916015625
ID01,v2_rot180,26,54,104,216,4.918490759365935,1.6361224589425083,1.7798187297005497,0.9981972622830604,0.003347685278475435,0.9980621337890625
ID01,v2_rot180,26,63,104,252,4.918490759365935,1.526681960534268,1.7797162321364965,0.9974335472043996,0.003527452796193856,0.997894287109375
ID01,v2_rot180,28,25,112,100,4.222008245644752,0.22718257889134516,1.7787129113904914,0.9972928742945414,0.005105214190904601,0.995452880859375
ID01,v2_rot180,28,56,112,224,4.222008245644752,1.3962067388741348,1.7789275289682414,0.9982116381089219,0.00414169888834385,0.9971160888671875
ID01,v2_rot180,28,63,112,252,4.222008245644752,1.3962067388741348,1.7789857376349725,0.9981352408901932,0.004189654546125419,0.9970855712890625
ID01,v2_rot180,31,25,124,100,4.222008245644752,0.2624819488882089,1.7783824578939946,0.9950410946324441,0.0072484976740386205,0.9939117431640625
ID01,v2_rot180,31,26,124,104,4.570249502505344,0.25401150386851756,1.7786568884080798,0.9948421262072027,0.00744082928728011,0.9939117431640625
ID01,v2_rot180,33,32,132,128,4.918490759365935,0.31185987282691363,1.7785656810244146,0.9930194109362562,0.00900531541829479,0.991424560546875
ID01,v2_rot180,34,27,136,108,4.918490759365935,0.275673160134075,1.7793859210951843,0.9920248591721773,0.009581838357637863,0.9904632568359375
ID01,v2_rot180,35,28,140,112,5.044686852596173,0.30450229183861455,1.7795594721761028,0.990829199583563,0.0104734184628449,0.98956298828125
ID01,v2_rot180,35,62,140,248,5.170882945826411,0.3256892048620976,1.7804469208332743,0.9930892133628928,0.007889405907073214,0.99267578125
ID01,v2_rot180,36,55,144,220,5.044686852596173,0.2881178722570746,1.780595188294334,0.991710890543992,0.009020661916152807,0.9919281005859375
ID01,v2_rot180,37,59,148,236,5.046265044040321,0.26648563579011914,1.7811491007783962,0.9901803331344927,0.010367222120436193,0.988372802734375
ID01,v2_rot180,39,11,156,44,5.410236909971298,0.29555706794581693,1.7786694902048545,0.988941983703976,0.012305677895539876,0.986602783203125
ID01,v2_rot180,41,11,164,44,5.410236909971298,0.27521027764784883,1.7777792739706113,0.9860421646135932,0.014488254408447136,0.9825592041015625
ID01,v2_rot180,41,56,164,224,5.292567428401227,0.2760196198380622,1.7849383332072124,0.9843319242786253,0.016179019325025544,0.9810638427734375
ID01,v2_rot180,42,9,168,36,5.292567428401227,0.27839654239790596,1.7776723654226996,0.987130381492263,0.014066653179280176,0.984466552734375
ID01,v2_rot180,42,15,168,60,5.292567428401227,0.2566482396017735,1.7783747435297304,0.9854379349458904,0.01586735919798027,0.9811553955078125
ID01,v2_rot180,42,22,168,88,5.410236909971298,0.2547339828382733,1.7775880761606784,0.9844066237350506,0.017039840558224308,0.9798583984375
ID01,v2_rot180,42,25,168,100,5.410236909971298,0.2547339828382733,1.77765181978566,0.9842985724581014,0.017257395589317867,0.979827880859375
ID01,v2_rot180,45,4,180,16,5.410236909971298,0.29204299495831737,1.7976345651326688,0.9849105212310807,0.016355687014364677,0.982666015625
ID01,v2_rot180,45,9,180,36,5.527906391541368,0.30326905220475364,1.7980526876614402,0.983419991104158,0.01739466783149918,0.982940673828125
ID01,v2_rot180,46,14,184,56,5.410236909971298,0.3126154985134456,1.8050217932959407,0.9806862669839564,0.020329796629893267,0.97607421875
ID01,v2_rot180,46,33,184,132,5.527906391541368,0.31124216072146454,1.8065251806664273,0.9758366595026098,0.02325810649667912,0.9708404541015625
ID01,v2_rot180,48,47,192,188,5.292567428401227,0.2760196198380622,1.8070071372141137,0.9793436589480141,0.021004974650592697,0.977386474609375
ID01,v2_rot180,48,50,192,200,5.231725187113819,0.27925999144857433,1.7988264941963565,0.9800659357509776,0.020557765313492973,0.976837158203125
ID01,v4_flipLR,0,21,0,84,5.349394668683889,0.29856046339136166,1.8018272446697698,0.9785407066052227,0.022753624211483678,0.972503662109375
ID01,v4_flipLR,1,4,4,16,5.527906391541368,0.3006737588545068,1.801718524878746,0.9831450325432887,0.018663213142257922,0.9773406982421875
ID01,v4_flipLR,2,1,8,4,5.527906391541368,0.29138028384597003,1.8020223875798596,0.9828318937080962,0.017954299137179122,0.980499267578125
ID01,v4_flipLR,3,11,12,44,5.527906391541368,0.2946946367731742,1.7991042086520612,0.9822943676450282,0.018328407360380484,0.98016357421875
ID01,v4_flipLR,3,31,12,124,5.527906391541368,0.3009039044917344,1.8001090889805806,0.9774139597686159,0.021655601240164093,0.975006103515625
ID01,v4_flipLR,4,25,16,100,5.349394668683889,0.25552527334049385,1.7799881453026052,0.9834752589182969,0.01882304459112872,0.97882080078125
ID01,v4_flipLR,6,14,24,56,5.223198575453651,0.25779029365742434,1.7776146876413854,0.9855316801029949,0.01567281379308276,0.9814910888671875
ID01,v4_flipLR,8,13,32,52,5.223198575453651,0.2658240898587296,1.7776394349330036,0.9866997640280715,0.014369241014626478,0.9839935302734375
ID01,v4_flipLR,8,30,32,120,5.046265044040321,0.29702437617106936,1.7776832714209472,0.982295323206156,0.01736045728067079,0.9789886474609375
ID01,v4_flipLR,8,48,32,192,5.170882945826411,0.2795540419367911,1.78195344488889,0.9854872784054377,0.014752817526846531,0.983001708984375
ID01,v4_flipLR,8,49,32,196,5.170882945826411,0.2795540419367911,1.7819532572093408,0.98548794489093,0.014667979477150967,0.983062744140625
ID01,v4_flipLR,11,33,44,132,4.982377901703128,0.3032457365943495,1.7786070565545553,0.9872584152653986,0.013122444734396398,0.9842987060546875
ID01,v4_flipLR,12,36,48,144,4.982377901703128,0.2896303231555644,1.7787757438215068,0.9898504355280682,0.011025368030180184,0.9895477294921875
ID01,v4_flipLR,13,0,52,0,4.222008245644752,0.2975604321685877,1.7790499816487042,0.9939106487148103,0.007750639770369556,0.9916534423828125
ID01,v4_flipLR,13,23,52,92,4.578750543592754,0.29514120238717384,1.7780049498606778,0.9921953906895602,0.009206607797913343,0.9894561767578125
ID01,v4_flipLR,13,45,52,180,4.918490759365935,0.24241388808944633,1.779053347992572,0.99282874617737,0.008178228582166089,0.9919281005859375
ID01,v4_flipLR,15,7,60,28,4.949050056954842,0.23270399350446547,1.7788292054210817,0.9945396145610278,0.007159640645226051,0.9925689697265625
ID01,v4_flipLR,15,48,60,192,4.787307364817192,0.2568007222697646,1.7783671366697154,0.9952760239103514,0.006363777141469288,0.9937286376953125
ID01,v4_flipLR,15,59,60,236,4.787307364817192,0.24238101360637682,1.7784788820233073,0.9950011465260261,0.0066275286432070845,0.9935150146484375
ID01,v4_flipLR,16,37,64,148,4.652426491681278,0.29120566387465,1.7781587286983644,0.9950423845518255,0.007342752973587552,0.9935150146484375
ID01,v4_flipLR,16,46,64,184,4.652426491681278,0.28195164688967883,1.7782417417805163,0.9959327217125382,0.006184710308099172,0.9950408935546875
ID01,v4_flipLR,16,62,64,248,4.787307364817192,0.28195164688967883,1.7784343577239332,0.9958872903511856,0.006136016962956504,0.9949798583984375
ID01,v4_flipLR,17,25,68,100,4.296100984006534,0.26200640056912017,1.777506801952069,0.9947361172744105,0.007258962995088962,0.9922332763671875
ID01,v4_flipLR,18,15,72,60,4.222008245644752,0.26753659283853276,1.778679565728865,0.9950428396572828,0.007173847973504844,0.9935455322265625
ID01,v4_flipLR,19,25,76,100,4.222008245644752,0.23290594757762756,1.7777832313594015,0.9964663229872573,0.006067309242870866,0.9945831298828125
ID01,v4_flipLR,20,6,80,24,4.222008245644752,0.21608637921917226,1.7791879673282054,0.9971570935102253,0.004657697053131934,0.995574951171875
ID01,v4_flipLR,20,38,80,152,4.222008245644752,0.12046232381503509,1.777664720470067,0.9974617737003059,0.004767631053039556,0.996673583984375
ID01,v4_flipLR,20,62,80,248,4.437217368663015,1.1549909090139183,1.7779346101539109,0.9978909402127399,0.004201145573864575,0.9969024658203125
ID01,v4_flipLR,21,17,84,68,4.578750543592754,0.28499198288930416,1.7787970283605947,0.9971712970749683,0.004887647780657199,0.9962310791015625
ID01,v4_flipLR,21,35,84,140,4.719866928249235,1.1357058260969088,1.7780280714619712,0.997508216769854,0.004286282111639364,0.996551513671875
ID01,v4_flipLR,22,55,88,220,4.852899062091563,1.498314099753466,1.7788365927590926,0.9980141150591183,0.0032034051759359428,0.9981536865234375
ID01,v4_flipLR,23,46,92,184,4.918490759365935,1.7975251876994247,1.778717000212495,0.9985636794254718,0.003120231071637811,0.997406005859375
ID01,v4_flipLR,24,34,96,136,4.918490759365935,1.7975251876994247,1.7788683783394243,0.9985941749946518,0.0030483654763447305,0.997467041015625
ID01,v4_flipLR,25,52,100,208,5.641895835477563,1.3525174227388348,1.7798280179129726,0.9972490104079106,0.0045493100201377465,0.996551513671875
ID01,v4_flipLR,26,13,104,52,4.243369495835738,0.24318202560209706,1.7787703902087004,0.99874625405174,0.003974784295831377,0.996734619140625
ID01,v4_flipLR,26,14,104,56,4.243369495835738,0.24318202560209706,1.778770321130477,0.9987463498906878,0.003854405516833783,0.9968109130859375
ID01,v4_flipLR,26,24,104,96,4.644342240867125,0.2177254438675537,1.7789107060226883,0.9985780686196563,0.0041188852370699774,0.9966583251953125
ID01,v4_flipLR,26,35,104,140,4.918490759365935,1.6272508276384476,1.7793313400776931,0.9977533584997936,0.004081175215954707,0.9962158203125
ID01,v4_flipLR,26,61,104,244,5.697761613614578,0.395575645719553,1.7797483463649797,0.9931214747558124,0.006770984304063845,0.9921112060546875
ID01,v4_flipLR,27,20,108,80,4.370193722368317,0.22836038704028636,1.7788417372292604,0.9985934872343678,0.0039504050719731,0.9968719482421875
ID01,v4_flipLR,31,61,124,244,5.697761613614578,0.40009985219981853,1.780887227688998,0.9910169102456194,0.009831749906788778,0.9884185791015625
ID01,v4_flipLR,32,16,128,64,6.863662517577698,0.39305977537791437,1.7844057462010734,0.9937451253268899,0.008215637855967435,0.9931182861328125
ID01,v4_flipLR,32,59,128,236,5.753627391751592,0.3948234675233669,1.7824578763209258,0.990571091824708,0.010531122914637227,0.9882354736328125
ID01,v4_flipLR,33,17,132,68,6.863662517577698,0.600620431877233,1.785103204820902,0.9920168838318958,0.009008512610082679,0.985931396484375
ID01,v4_flipLR,34,18,136,72,6.470085148662099,0.5516859230240448,1.7855889680082864,0.9898599045638077,0.00992198218166971,0.985015869140625
ID01,v4_flipLR,34,55,136,220,5.753627391751592,0.35933059343799045,1.7873524330564592,0.9897274954072259,0.011182184506424171,0.9903106689453125
ID01,v4_flipLR,35,49,140,196,6.128447506058766,0.24214041021712257,1.791273899595983,0.9885476314419573,0.012097108619558332,0.988433837890625
ID01,v4_flipLR,36,7,144,28,5.86222435659672,0.3982110453887258,1.7857030327660848,0.988163327725952,0.011242279873681168,0.9795074462890625
ID01,v4_flipLR,36,42,144,168,6.863662517577698,0.29448174462102245,1.7889105692173646,0.9885791270533841,0.012432855692110436,0.9883270263671875
ID01,v4_flipLR,37,21,148,84,6.023664550594173,0.45920248761453714,1.786805356008102,0.9874988524038314,0.012185845360421894,0.9783477783203125
ID01,v4_flipLR,39,45,156,180,6.180387232371033,0.35031314458186813,1.7887502637676802,0.9839332210139378,0.01507281204988517,0.984893798828125
ID01,v4_flipLR,40,23,160,92,6.179528547030358,0.5129295941105714,1.7874952773839634,0.9846782587399743,0.013909044190455636,0.9775390625
ID01,v4_flipLR,40,31,160,124,6.573105915945957,0.45550348061148815,1.7902161515792483,0.983426936202121,0.014314493589703596,0.9777374267578125
ID01,v4_flipLR,42,27,168,108,6.179528547030358,0.366321603930294,1.7897922755439466,0.9809000122534003,0.01717847961848358,0.972259521484375
ID01,v4_flipLR,45,38,180,152,6.076507779746499,0.5070536194045232,1.8010873329532002,0.9740999462654487,0.023633690032378883,0.9776611328125
ID01,v4_flipLR,48,32,192,128,6.023664550594173,0.607412921631136,1.798454414371685,0.9732468647471867,0.023456223320427884,0.9476470947265625
ID01,v4_flipLR,48,34,192,136,5.86222435659672,0.5480528607674024,1.80064860192892,0.973091901505627,0.02352991339239235,0.9475860595703125
ID01,v4_flipLR,48,55,192,220,5.641895835477563,0.5074451936382575,1.836499397526183,0.9687567169220377,0.027782070323759032,0.92449951171875
ID01,v6_flipLR_rot180,0,28,0,112,5.64076689164648,0.4534452480925886,1.8143024169079593,0.9706956895493062,0.02842884792599753,0.9519805908203125
ID01,v6_flipLR_rot180,0,56,0,224,5.808428767293315,0.5679715702361993,1.8326114026361708,0.9723097254022158,0.030364979625796824,0.9293365478515625
ID01,v6_flipLR_rot180,1,64,4,256,5.808428767293315,0.5212843835937196,1.8282596004652043,0.972708563705615,0.02851519317900798,0.9676666259765625
ID01,v6_flipLR_rot180,2,58,8,232,5.527906391541368,0.4989963764406255,1.8207410427813802,0.9721125332268027,0.029553648451367497,0.9654388427734375
ID01,v6_flipLR_rot180,2,62,8,248,5.527906391541368,0.46247393622846245,1.821110288307981,0.9721658986175116,0.028846190609574482,0.966094970703125
ID01,v6_flipLR_rot180,3,36,12,144,5.753627391751592,0.4495113193377106,1.8041321723977541,0.9728012279355334,0.025725858491023094,0.97052001953125
ID01,v6_flipLR_rot180,4,7,16,28,6.076507779746499,0.4227085186434087,1.7793277658079454,0.9767577257197138,0.018820002260699707,0.976318359375
ID01,v6_flipLR_rot180,4,25,16,100,5.64076689164648,0.4468596757559998,1.7960503067019402,0.9734636657525012,0.021587649651979072,0.972503662109375
ID01,v6_flipLR_rot180,4,30,16,120,5.527906391541368,0.43530431336335995,1.8014789451050692,0.9743294666421163,0.02377693758643536,0.969818115234375
ID01,v6_flipLR_rot180,4,54,16,216,5.64076689164648,0.43471735304206294,1.8097699021497662,0.9764014063963397,0.024672193614579528,0.971466064453125
ID01,v6_flipLR_rot180,5,11,20,44,6.076507779746499,0.4466800051934898,1.780289581410427,0.977819646768684,0.018021942140670277,0.9774169921875
ID01,v6_flipLR_rot180,7,17,28,68,6.076507779746499,0.41963993238317115,1.7814344063194891,0.9802966977449135,0.01575149028690974,0.979217529296875
ID01,v6_flipLR_rot180,9,51,36,204,6.076507779746499,0.4512220913273398,1.7991167983260536,0.9822216772927905,0.01638252360814013,0.9817047119140625
ID01,v6_flipLR_rot180,10,25,40,100,5.753627391751592,0.4164301471567409,1.7901732681045937,0.9811964504283965,0.014359712442777704,0.9832000732421875
ID01,v6_flipLR_rot180,10,56,40,224,6.076507779746499,0.44473621124125434,1.7977358433947692,0.9827607343160992,0.015597720122637729,0.9849700927734375
ID01,v6_flipLR_rot180,11,30,44,120,6.383076486422923,0.43040873319411144,1.792931477432666,0.9824174477730809,0.014687422004354045,0.9823455810546875
ID01,v6_flipLR_rot180,11,32,44,128,6.383076486422923,0.43040873319411144,1.792931477432666,0.9824174477730809,0.014699451015004621,0.9823455810546875
ID01,v6_flipLR_rot180,12,54,48,216,6.863662517577698,0.4191085820230946,1.7938811617187695,0.9871472777965011,0.012921928176244057,0.986175537109375
ID01,v6_flipLR_rot180,14,39,56,156,6.076507779746499,0.350124274565073,1.7867757964662991,0.9881307910253465,0.012100628721614718,0.9868011474609375
ID01,v6_flipLR_rot180,15,5,60,20,6.6755811781245455,0.3383795121899469,1.7778488026846646,0.99225078714884,0.006338309391890879,0.9907073974609375
ID01,v6_flipLR_rot180,15,41,60,164,6.076507779746499,0.350124274565073,1.7845115955268749,0.9889923145227961,0.011326817568210851,0.986358642578125
ID01,v6_flipLR_rot180,15,44,60,176,6.076507779746499,0.350124274565073,1.7845220874790895,0.988960850060478,0.011435910973174916,0.986236572265625
ID01,v6_flipLR_rot180,15,64,60,256,5.863230142835039,0.3864463869662877,1.7854806883740264,0.9890650126349644,0.011932230309981908,0.986419677734375
ID01,v6_flipLR_rot180,18,1,72,4,5.046265044040321,0.29130201784434906,1.777193806996665,0.9950200876831187,0.0048470259232325,0.9952392578125
ID01,v6_flipLR_rot180,18,50,72,200,5.863230142835039,0.3899980794806847,1.7803713717327623,0.9924143942985609,0.00795163540411872,0.9903564453125
ID01,v6_flipLR_rot180,19,35,76,140,6.076507779746499,0.3635023180837377,1.7794431145171474,0.992461427894246,0.007325915251042762,0.9913787841796875
ID01,v6_flipLR_rot180,19,46,76,184,5.808428767293315,0.37998653375233093,1.7803582190206089,0.9921258638615376,0.007961577003432637,0.990203857421875
ID01,v6_flipLR_rot180,20,9,80,36,4.650412016599621,0.19345216525869707,1.7780664302354132,0.9957383760004888,0.004366788835410753,0.9973297119140625
ID01,v6_flipLR_rot180,21,21,84,84,5.582571885778801,0.34352392351548666,1.7790652282813249,0.9934299989304649,0.0056280728297361795,0.9934234619140625
ID01,v6_flipLR_rot180,21,22,84,88,5.582571885778801,0.34352392351548666,1.7790555164978732,0.9934147198582102,0.005676073450885316,0.99298095703125
ID01,v6_flipLR_rot180,22,42,88,168,5.969868961290769,0.36892416604829786,1.780286379771672,0.9933841617137007,0.006000077643641983,0.9928436279296875
ID01,v6_flipLR_rot180,23,33,92,132,5.808428767293315,1.4859746422337667,1.7799737661411956,0.9952941895463782,0.004523920300695757,0.9961090087890625
ID01,v6_flipLR_rot180,24,3,96,12,4.650412016599621,0.21769895049896257,1.7783200825069219,0.997587896737554,0.002481984333897253,0.998321533203125
ID01,v6_flipLR_rot180,26,41,104,164,4.787307364817192,1.6122554941289962,1.7800133740884456,0.9976334071303153,0.0026501716789195523,0.998626708984375
ID01,v6_flipLR_rot180,27,4,108,16,4.51351666838205,0.04524313499205696,1.778785305970296,0.9988399249004014,0.0017383226793557004,0.998870849609375
ID01,v6_flipLR_rot180,29,50,116,200,5.046265044040321,1.6079675519251941,1.7795200886540745,0.9981670714383907,0.0030950942607423614,0.9972991943359375
ID01,v6_flipLR_rot180,29,62,116,248,4.578750543592754,0.2337418577663203,1.7793010857873774,0.9972336848540425,0.00474143778911802,0.9957733154296875
ID01,v6_flipLR_rot180,33,22,132,88,5.8063585784597045,0.1399562160909349,1.7789558387550504,0.9954930179973722,0.004847692394850874,0.9955902099609375
ID01,v6_flipLR_rot180,33,26,132,104,5.8063585784597045,0.1399562160909349,1.7789558452583691,0.9954927425515661,0.0049199884949267195,0.9955902099609375
ID01,v6_flipLR_rot180,33,41,132,164,5.641895835477563,0.1697089368626481,1.7794356262785622,0.9956315202614978,0.004858578200002544,0.9958343505859375
ID01,v6_flipLR_rot180,37,10,148,40,5.641895835477563,0.2599894571383816,1.781385903824773,0.9918692974278247,0.007802246736383998,0.9923858642578125
ID01,v6_flipLR_rot180,37,27,148,108,5.641895835477563,0.268649111577211,1.7807962132463815,0.9926775204463808,0.007612052825712486,0.99237060546875
ID01,v6_flipLR_rot180,37,38,148,152,5.8063585784597045,0.3084772503390216,1.780917240067335,0.9913345152219097,0.008090206047956353,0.9922027587890625
ID01,v6_flipLR_rot180,39,13,156,52,5.641895835477563,0.2930711347451699,1.7824264561226513,0.9886101301044199,0.010026257341296599,0.9891510009765625
ID01,v6_flipLR_rot180,39,56,156,224,5.1694162362207745,0.3119786125970455,1.784165246535131,0.9858023652525129,0.012881092225908611,0.988433837890625
ID01,v6_flipLR_rot180,39,63,156,252,5.292567428401227,0.3081310452437363,1.784241420622144,0.985391745954049,0.013095175423000253,0.98712158203125
ID01,v6_flipLR_rot180,40,8,160,32,5.970821321441846,0.31360855862632925,1.7822058978060518,0.9875103188919803,0.010541773740528932,0.98724365234375
ID01,v6_flipLR_rot180,40,23,160,92,5.970821321441846,0.31925480050610905,1.781747444537093,0.9880278890553805,0.01056772550976659,0.986968994140625
ID01,v6_flipLR_rot180,40,32,160,128,5.970821321441846,0.29980428609063753,1.7837598052520793,0.9879151305624818,0.011377706639601406,0.9864501953125
ID01,v6_flipLR_rot180,40,48,160,192,6.023664550594173,0.3192878366007837,1.7855864028116533,0.9840920215369554,0.013719479665318862,0.98248291015625
ID01,v6_flipLR_rot180,41,8,164,32,5.641895835477563,0.3295775857570202,1.7830439118780135,0.9854312532485401,0.011934536558184236,0.9855499267578125
ID01,v6_flipLR_rot180,43,58,172,232,5.292567428401227,0.3052091418827723,1.7850498010124196,0.9827324913892078,0.016387259038817024,0.9800567626953125
ID01,v6_flipLR_rot180,44,18,176,72,5.753627391751592,0.32269816873810914,1.7837383666884772,0.9831581845716121,0.014380885099150193,0.9828643798828125
ID01,v6_flipLR_rot180,44,62,176,248,5.292567428401227,0.3005042801582359,1.7851647155321595,0.9822084762371387,0.01711204045986295,0.979034423828125
ID01,v6_flipLR_rot180,45,27,180,108,5.641895835477563,0.32269816873810914,1.78276356905875,0.983225687961064,0.015278108691391791,0.98126220703125
ID01,v6_flipLR_rot180,45,32,180,128,5.641895835477563,0.32269816873810914,1.7843447564346857,0.9835011784872509,0.015169923814741493,0.9812164306640625
ID01,v6_flipLR_rot180,45,62,180,248,5.046265044040321,0.2988479115573005,1.7852369795129652,0.9810552109656175,0.01851179682163524,0.97845458984375
ID01,v6_flipLR_rot180,46,17,184,68,5.86222435659672,0.31925480050610905,1.7846118228490415,0.9820644272706405,0.01582935773501323,0.9793701171875
ID01,v6_flipLR_rot180,46,38,184,152,5.8063585784597045,0.34333899503741583,1.785626469012145,0.9812989715964741,0.016406533010490894,0.979400634765625
ID01,v6_flipLR_rot180,48,22,192,88,5.641895835477563,0.33219190800394277,1.7823167264174038,0.9819367480023268,0.016699599684031712,0.9788055419921875
ID01,v6_flipLR_rot180,48,34,192,136,5.641895835477563,0.3376258046290436,1.78474185933779,0.9816839719440106,0.017512630186325533,0.9785003662109375
ID02,v0_rot0,0,20,0,80,5.863230142835039,0.3513964811999881,1.7182438770093167,0.9952278984398899,0.006703153489993517,0.993011474609375
ID02,v0_rot0,1,11,4,44,4.51351666838205,0.3513964811999881,1.7180778876796263,0.9953357495679833,0.006521863906727446,0.993133544921875
ID02,v0_rot0,4,30,16,120,5.147161163579421,0.28264152761624917,1.7176721841953841,0.9945543267098037,0.007580901000470987,0.992095947265625
ID02,v0_rot0,5,21,20,84,5.863230142835039,0.3513964811999881,1.718247792700765,0.9951659782774973,0.007028574660968445,0.992645263671875
ID02,v0_rot0,5,25,20,100,5.147161163579421,0.28264152761624917,1.718429339788729,0.9941547313012609,0.00819625332716764,0.9921875
ID02,v0_rot0,5,29,20,116,5.147161163579421,0.28264152761624917,1.7176726494113292,0.994553576892479,0.0077381497036282465,0.991943359375
ID02,v0_rot0,5,47,20,188,4.437217368663015,0.42943282026327184,1.7172939178523718,0.9948707741303283,0.008874691398017468,0.9914703369140625
ID02,v0_rot0,7,20,28,80,5.863230142835039,0.3513964811999881,1.7180581824622279,0.9953645626166508,0.006944897017466651,0.994354248046875
ID02,v0_rot0,8,0,32,0,4.918490759365935,0.31297688533900625,1.7172650896199741,0.9957780735165894,0.006571716081232378,0.99444580078125
ID02,v0_rot0,8,56,32,224,4.145218595386486,0.4078549903887344,1.7167702568689647,0.9959439189396027,0.008150426344376127,0.9940185546875
ID02,v0_rot0,9,18,36,72,5.0426191942398955,0.2864686459025958,1.717269474497816,0.9961907967201077,0.00671639905365276,0.994384765625
ID02,v0_rot0,9,56,36,224,4.068428945128219,0.19565560014562774,1.7163905911446529,0.9963414820824468,0.008187367386741504,0.9939117431640625
ID02,v0_rot0,10,47,40,188,4.222008245644752,0.19944571031752914,1.7162255199629957,0.9967079071476695,0.008249879648598175,0.99383544921875
ID02,v0_rot0,12,9,48,36,4.367762457013401,0.27284459473730555,1.7165834693686368,0.9966804344500535,0.006656120277224818,0.9942626953125
ID02,v0_rot0,12,39,48,156,4.222008245644752,0.19803199615429856,1.7162153579186707,0.9965255456576974,0.007994149733053282,0.9934539794921875
ID02,v0_rot0,12,56,48,224,4.145218595386486,0.19306804651185236,1.7161596129717114,0.9967084615502381,0.008320634563772166,0.993408203125
ID02,v0_rot0,13,1,52,4,4.51351666838205,0.26592055034675366,1.7163993513411848,0.9967875663520521,0.006367671086577344,0.9945220947265625
ID02,v0_rot0,13,25,52,100,4.437217368663015,0.19825099364693313,1.717322220983524,0.9960353906441343,0.008115107768388403,0.9940643310546875
ID02,v0_rot0,13,51,52,204,4.065414170434056,0.19873949355809153,1.7161683725217423,0.9967523017295525,0.009168212395006748,0.9928131103515625
ID02,v0_rot0,14,13,56,52,4.222008245644752,0.27968408865449945,1.7165304951779543,0.996925053926293,0.006572319295338691,0.994354248046875
ID02,v0_rot0,17,31,68,124,4.222008245644752,0.19944571031752914,1.7165813765190168,0.9962812193927522,0.007740518138282883,0.9935302734375
ID02,v0_rot0,18,11,72,44,4.222008245644752,0.28454118502975234,1.716870708745145,0.996375260002447,0.006726767580793023,0.9940643310546875
ID02,v0_rot0,18,53,72,212,4.652426491681278,0.3229516684264016,1.7170627518078998,0.9961567318440031,0.008706736748376985,0.992767333984375
ID02,v0_rot0,18,57,72,228,4.437217368663015,0.30738343296305853,1.71697356270051,0.995559230674997,0.009236582590488183,0.9924774169921875
ID02,v0_rot0,19,33,76,132,4.222008245644752,0.25318622170822314,1.7168774959419646,0.9957592087939006,0.008777682404239831,0.9930267333984375
ID02,v0_rot0,20,8,80,32,4.222008245644752,0.28454118502975234,1.7168713395694963,0.9963743727817893,0.007064834782733136,0.9938201904296875
ID02,v0_rot0,20,20,80,80,4.065414170434056,0.28961744264031114,1.7166957161787968,0.9966034791389361,0.006945428289709844,0.9939422607421875
ID02,v0_rot0,21,25,84,100,4.222008245644752,0.19944571031752914,1.7173183833398509,0.9958825060078677,0.0082950625697485,0.99395751953125
ID02,v0_rot0,22,35,88,140,4.437217368663015,0.28415054325366923,1.7169928226498092,0.9953765366891716,0.00893386052150682,0.993408203125
ID02,v0_rot0,23,35,92,140,4.437217368663015,0.28415054325366923,1.7169701240678295,0.9953152987645248,0.009054100905376361,0.993011474609375
ID02,v0_rot0,23,36,92,144,4.437217368663015,0.28415054325366923,1.716952452200683,0.9953767490278926,0.008933450222043171,0.99212646484375
ID02,v0_rot0,24,28,96,112,4.437217368663015,0.19873949355809153,1.7164334569021493,0.9958681480121201,0.008112872406777426,0.9929962158203125
ID02,v0_rot0,24,56,96,224,4.437217368663015,0.30738343296305853,1.717044307838272,0.9959577400091869,0.008911040255359198,0.992523193359375
ID02,v0_rot0,26,15,104,60,4.987817818698172,0.27284459473730555,1.7166947800334504,0.9963135191360479,0.0068719636164735285,0.9939422607421875
ID02,v0_rot0,26,25,104,100,4.652426491681278,0.19565560014562774,1.7171773754844526,0.995576372625553,0.008487411846728176,0.99371337890625
ID02,v0_rot0,27,6,108,24,5.753627391751592,0.26592055034675366,1.7165830907945496,0.9966193477329743,0.006511745159417135,0.9948883056640625
ID02,v0_rot0,27,21,108,84,4.987817818698172,0.27284459473730555,1.7164147933532499,0.9964355648023497,0.0068365493050597855,0.9946441650390625
ID02,v0_rot0,27,46,108,184,5.641895835477563,0.3229516684264016,1.7168074948755085,0.9959259939962016,0.009081903041185342,0.992218017578125
ID02,v0_rot0,28,17,112,68,5.753627391751592,0.25746509118725597,1.7161928118674685,0.9965888579557622,0.00651154594428086,0.9953155517578125
ID02,v0_rot0,29,9,116,36,4.987817818698172,0.20266416641081442,1.715603058437674,0.9971403229752875,0.005849169708443805,0.9953155517578125
ID02,v0_rot0,35,38,140,152,5.046265044040321,0.2842523597659794,1.716871891911675,0.995392057805946,0.008921426735876222,0.9921722412109375
ID02,v0_rot0,37,17,148,68,5.399946217895956,0.17792605161993472,1.715151116409886,0.9967739962694554,0.005739845306301872,0.9955291748046875
ID02,v0_rot0,37,58,148,232,4.652426491681278,0.3229516684264016,1.7170734073645695,0.9961246247166228,0.009179259828935927,0.992462158203125
ID02,v0_rot0,38,7,152,28,5.046265044040321,0.19038148468398552,1.7150228534916032,0.9970794660468815,0.005704431682652456,0.99505615234375
ID02,v0_rot0,38,38,152,152,5.046265044040321,0.2842523597659794,1.7168713394164998,0.9953930451818294,0.008546866875468129,0.9924163818359375
ID02,v0_rot0,39,39,156,156,5.046265044040321,0.2842523597659794,1.7168711816042221,0.9953933272115091,0.0084622024339119,0.9924163818359375
ID02,v0_rot0,39,64,156,256,4.437217368663015,0.3375726050927526,1.7170275150873515,0.9965550502962657,0.00826127322667841,0.9931640625
ID02,v0_rot0,41,0,164,0,5.399946217895956,0.18133505958531293,1.7148651176914214,0.9972186563970903,0.004608975101543801,0.995697021484375
ID02,v0_rot0,41,6,164,24,5.046265044040321,0.19038148468398552,1.7150227865813392,0.9970797339652931,0.0055478014141062786,0.995086669921875
ID02,v0_rot0,41,43,164,172,5.046265044040321,0.2842523597659794,1.716872405155006,0.9953911405778683,0.009127642530411786,0.9921722412109375
ID02,v0_rot0,42,28,168,112,5.046265044040321,0.1920682714631101,1.7164130948196372,0.9959008871214439,0.00713561500547697,0.99432373046875
ID02,v0_rot0,44,18,176,72,4.918490759365935,0.17516710101165747,1.715768343169317,0.9965441311395192,0.006269157766430179,0.9946746826171875
ID02,v0_rot0,44,21,176,84,4.982377901703128,0.17169711258252632,1.7156322509092063,0.9968045745038682,0.005811893573744993,0.9948272705078125
ID02,v0_rot0,44,43,176,172,4.982377901703128,0.3004551789466424,1.7168298736404388,0.9958373505960852,0.00799304866105479,0.9932098388671875
ID02,v0_rot0,47,4,188,16,4.6341366448425365,0.1879643804042034,1.7150047176631602,0.9974928147740476,0.005054923053726009,0.995697021484375
ID02,v0_rot0,47,9,188,36,4.918490759365935,0.16780485841814824,1.7157956842568147,0.996651376146789,0.006100646284493941,0.99468994140625
ID02,v0_rot0,48,36,192,144,5.046265044040321,0.3183447064213315,1.7165165932152178,0.9960841300191204,0.007004009625402866,0.99395751953125
ID02,v2_rot180,0,18,0,72,4.370193722368317,0.3722674799268461,1.7164009441628831,0.995793692067668,0.006042633243429235,0.9935302734375
ID02,v2_rot180,1,13,4,52,5.00604477892294,0.40020321074316734,1.7164190374376245,0.9959631793021193,0.005428300098713212,0.993865966796875
ID02,v2_rot180,1,34,4,136,5.970821321441846,1.6704094848681883,1.7172027753477792,0.995440775986047,0.006440644649506323,0.9929046630859375
ID02,v2_rot180,3,3,12,12,5.641895835477563,0.4168070314488556,1.7164431482448381,0.9961481436192164,0.004681920482475656,0.9945220947265625
ID02,v2_rot180,3,7,12,28,5.641895835477563,0.4168070314488556,1.7164442009200547,0.9961461997247285,0.005416953229733127,0.994049072265625
ID02,v2_rot180,3,28,12,112,4.370193722368317,0.4357749877142208,1.7166234159294425,0.9963420980134072,0.0065632158501179524,0.9933319091796875
ID02,v2_rot180,3,31,12,124,5.170507521905082,0.44764249636222353,1.7169972762703136,0.9957604420160093,0.006899896625038421,0.9933319091796875
ID02,v2_rot180,4,17,16,68,5.00604477892294,0.40020321074316734,1.716419762806113,0.995961759082218,0.006030896795801439,0.9935150146484375
ID02,v2_rot180,4,38,16,152,5.970821321441846,1.6704094848681883,1.7172015133996392,0.9954427979385543,0.0058732807557821745,0.9932403564453125
ID02,v2_rot180,5,49,20,196,5.046265044040321,1.4286974227733653,1.71639112981802,0.997093156678855,0.006548689611119583,0.99468994140625
ID02,v2_rot180,6,58,24,232,5.046265044040321,0.3276583377760034,1.7167760564405223,0.9966487115137418,0.007223240132855886,0.9943389892578125
ID02,v2_rot180,7,49,28,196,5.046265044040321,0.3276583377760034,1.716896611207174,0.9965407986775443,0.007681714086464259,0.993560791015625
ID02,v2_rot180,7,64,28,256,4.982377901703128,1.1479731112203642,1.7171379785596699,0.9969367906755908,0.008276086082575613,0.993255615234375
ID02,v2_rot180,8,31,32,124,5.170507521905082,0.44764249636222353,1.7170011486808725,0.9957448111185943,0.007044684438726882,0.993255615234375
ID02,v2_rot180,8,64,32,256,4.982377901703128,1.1479731112203642,1.7171378082114221,0.9969369783291216,0.008227465254060106,0.993316650390625
ID02,v2_rot180,10,0,40,0,5.228890711923166,0.3452429554291747,1.7162752876440648,0.9953368192520564,0.005571732682267926,0.9935150146484375
ID02,v2_rot180,11,4,44,16,5.077706251929806,0.3768423398074392,1.7166407638968129,0.9959317886365374,0.005729676897462458,0.9938507080078125
ID02,v2_rot180,11,10,44,40,4.51351666838205,0.3618025525286062,1.7166172333196348,0.9957456576631724,0.006754820840605492,0.993072509765625
ID02,v2_rot180,12,54,48,216,5.046265044040321,0.3276583377760034,1.7168992180281095,0.9965372475714768,0.009338230852149968,0.992462158203125
ID02,v2_rot180,13,15,52,60,4.51351666838205,0.3618025525286062,1.7166465693545019,0.9957126889096449,0.007732640509953594,0.9923095703125
ID02,v2_rot180,15,18,60,72,4.51351666838205,0.3618025525286062,1.7166315196868243,0.9955881001256166,0.008482271288875288,0.9918365478515625
ID02,v2_rot180,15,56,60,224,5.046265044040321,0.3276583377760034,1.716883271733978,0.996414397572823,0.009555571347934815,0.9923553466796875
ID02,v2_rot180,16,44,64,176,4.982377901703128,0.34023780830261,1.7178761537830194,0.9947730651910667,0.010437624851171655,0.9921722412109375
ID02,v2_rot180,17,32,68,128,5.242168994911948,1.1782363292242402,1.7166518533878745,0.9948814613887484,0.00954470665830194,0.9935150146484375
ID02,v2_rot180,17,39,68,156,5.242168994911948,1.1782363292242402,1.716691855911714,0.9947907888890591,0.009349834882713345,0.99261474609375
ID02,v2_rot180,17,48,68,192,5.344080439758942,0.34023780830261,1.7166759360304242,0.9957555698568845,0.009747977572736556,0.9918212890625
ID02,v2_rot180,17,49,68,196,5.344080439758942,0.34023780830261,1.716770395330754,0.9955561004014833,0.009941139522607072,0.9914398193359375
ID02,v2_rot180,18,5,72,20,4.51351666838205,0.1585750482370842,1.715592656917362,0.9972305102899549,0.0060327423766432416,0.9958648681640625
ID02,v2_rot180,20,2,80,8,4.51351666838205,0.1585750482370842,1.7147036034834668,0.998133472047979,0.005743709221014966,0.99591064453125
ID02,v2_rot180,20,42,80,168,5.046265044040321,0.3265530868034161,1.7167562176742077,0.9957547242103327,0.009942510735280116,0.9918670654296875
ID02,v2_rot180,20,63,80,252,5.046265044040321,0.3265530868034161,1.716939765709383,0.9960448859455482,0.010077542659487126,0.9915313720703125
ID02,v2_rot180,22,1,88,4,5.046265044040321,0.10797951460885197,1.7144822682304475,0.998270981562237,0.005828446320063689,0.9956512451171875
ID02,v2_rot180,22,27,88,108,4.51351666838205,0.2517803550043048,1.7146377158553505,0.9979308759291899,0.008534712205514458,0.9935150146484375
ID02,v2_rot180,26,29,104,116,4.51351666838205,0.2517803550043048,1.7146410652636754,0.9979922140820893,0.00837809400920553,0.9939422607421875
ID02,v2_rot180,27,8,108,32,5.077706251929806,0.23263981130500214,1.7144823235105557,0.9981004901960784,0.007314982894387998,0.9952545166015625
ID02,v2_rot180,27,12,108,48,4.51351666838205,0.2451470364180129,1.7144533229637675,0.9978863208197399,0.007434270167710074,0.9942169189453125
ID02,v2_rot180,28,8,112,32,5.077706251929806,0.23263981130500214,1.7144873375020475,0.9981925957694487,0.007001420360827039,0.995361328125
ID02,v2_rot180,28,9,112,36,4.51351666838205,0.2451470364180129,1.71447289184837,0.99808564077432,0.007012483601762931,0.9945068359375
ID02,v2_rot180,28,29,112,116,4.441855195375183,0.24956951107850528,1.7146611549004438,0.9983602286484913,0.007907783448303122,0.994049072265625
ID02,v2_rot180,30,2,120,8,4.51351666838205,0.08117245637594495,1.7145650971411084,0.9990052948918067,0.0054206006747505465,0.996246337890625
ID02,v2_rot180,30,29,120,116,4.441855195375183,0.24956951107850528,1.7146611735305255,0.998360128124569,0.007980489851683675,0.993988037109375
ID02,v2_rot180,30,39,120,156,4.51351666838205,1.6248166506424637,1.7153009389651226,0.9972113690339386,0.008351586997591805,0.993133544921875
ID02,v2_rot180,31,6,124,24,4.51351666838205,0.08117245637594495,1.7146200814907857,0.9989590827682275,0.005915102429187695,0.9961700439453125
ID02,v2_rot180,31,46,124,184,5.046265044040321,1.3972744910468675,1.7167598458176427,0.9964139579789435,0.009316018856905047,0.992218017578125
ID02,v2_rot180,31,50,124,200,5.344080439758942,1.1496812586784644,1.716856665927681,0.9961231401032807,0.009375337796880311,0.9919281005859375
ID02,v2_rot180,31,53,124,212,5.344080439758942,1.1496812586784644,1.7168562447003894,0.9961237934732649,0.00916919565663943,0.992156982421875
ID02,v2_rot180,32,5,128,20,4.51351666838205,0.07168929227287042,1.7146823716196842,0.998898341391762,0.005251530041689897,0.9961700439453125
ID02,v2_rot180,32,23,128,92,4.51351666838205,0.22317027737843684,1.7145287507713456,0.9977322525780304,0.008123190173502255,0.99365234375
ID02,v2_rot180,32,60,128,240,4.918490759365935,0.34040443519987124,1.7165315878667409,0.9959388217985655,0.009725398700808224,0.99249267578125
ID02,v2_rot180,32,63,128,252,4.7160037138739925,0.33883376009310234,1.7166030736474884,0.9958469342405714,0.009749322059551792,0.9924468994140625
ID02,v2_rot180,33,4,132,16,4.51351666838205,0.09264954951269845,1.714551214584985,0.998714692291214,0.005443972335573095,0.995941162109375
ID02,v2_rot180,33,17,132,68,4.51351666838205,0.22710622572550654,1.714397397818163,0.9975485689771404,0.008170701614066118,0.99346923828125
ID02,v2_rot180,34,11,136,44,4.51351666838205,0.22710622572550654,1.7143973738465046,0.9975500329214326,0.007215748664591375,0.9940643310546875
ID02,v2_rot180,35,17,140,68,4.51351666838205,0.22710622572550654,1.714397397818163,0.9975485689771404,0.008194768481854235,0.99346923828125
ID02,v2_rot180,35,19,140,76,4.51351666838205,0.22710622572550654,1.7143973763038185,0.997549882853774,0.007408622401004979,0.9940185546875
ID02,v2_rot180,35,35,140,140,4.441855195375183,1.1514309793700803,1.714528736709012,0.9973496338511505,0.008242144528100806,0.9934539794921875
ID02,v2_rot180,38,11,152,44,4.51351666838205,0.22710622572550654,1.71420587971356,0.9975967058031135,0.006600388686227733,0.994476318359375
ID02,v2_rot180,38,34,152,136,4.51351666838205,1.4007969428902378,1.7142957101045677,0.9975790264008704,0.008219465020003022,0.9935455322265625
ID02,v2_rot180,38,62,152,248,4.7160037138739925,0.32911623971798476,1.7161116598268058,0.9965364515486352,0.009412596952947917,0.992218017578125
ID02,v2_rot180,39,41,156,164,4.51351666838205,1.1514309793700803,1.7149155891430825,0.997180681539593,0.008628500906410432,0.9930419921875
ID02,v2_rot180,40,5,160,20,4.51351666838205,0.11064842518865796,1.7143598103568567,0.9987613163689748,0.004455938319984911,0.9965667724609375
ID02,v2_rot180,40,11,160,44,4.51351666838205,0.22710622572550654,1.7142059144637911,0.9975972575066573,0.006298378341958662,0.9946441650390625
ID02,v2_rot180,41,36,164,144,4.51351666838205,1.4007969428902378,1.71429572990224,0.9975798051589976,0.007795754088008493,0.9937591552734375
ID02,v2_rot180,42,8,168,32,4.51351666838205,0.23949306132091067,1.71440495721929,0.9981326721155906,0.005902447396885957,0.996063232421875
ID02,v2_rot180,42,10,168,40,4.211168381802705,0.2143131927486462,1.7143759915815413,0.9979186434452573,0.006057982222036576,0.995025634765625
ID02,v2_rot180,42,20,168,80,4.51351666838205,0.23949306132091067,1.7143346564296191,0.9981023506366308,0.005877505232329704,0.9952392578125
ID02,v2_rot180,42,49,168,196,5.046265044040321,0.34352694209381246,1.7155546193132836,0.9966451691968321,0.00859042400566458,0.993194580078125
ID02,v2_rot180,43,22,172,88,4.51351666838205,0.23949306132091067,1.7143670518290852,0.9981634246009274,0.005889975360271043,0.9952545166015625
ID02,v2_rot180,45,17,180,68,4.51351666838205,0.23949306132091067,1.714367052728674,0.9981632559349792,0.006058816744253501,0.9950714111328125
ID02,v2_rot180,46,32,184,128,4.51351666838205,1.5436064182741742,1.7143814101890964,0.9977800912459046,0.006793685696432197,0.9948883056640625
ID02,v2_rot180,47,12,188,48,4.211168381802705,0.2143131927486462,1.714408370013558,0.9979805397466496,0.005491202507077808,0.995361328125
ID02,v2_rot180,48,56,192,224,5.046265044040321,0.34352694209381246,1.7156275132473728,0.9962645437844458,0.008031934677732631,0.9930419921875
ID02,v4_flipLR,0,5,0,20,4.139506908795838,0.055333726686144134,1.714500871192046,0.9991896024464831,0.003999045694363154,0.9971160888671875
ID02,v4_flipLR,1,10,4,40,4.2193113337482675,0.21648881656514093,1.7142889928976728,0.9980264063766963,0.005491286517947981,0.995391845703125
ID02,v4_flipLR,1,25,4,100,4.2193113337482675,0.22547234938254027,1.7143538862641416,0.9980410462037618,0.006058074935374634,0.9951019287109375
ID02,v4_flipLR,1,26,4,104,4.2193113337482675,0.22547234938254027,1.7143538828227942,0.9980412260700567,0.0059132920622453145,0.9951934814453125
ID02,v4_flipLR,2,52,8,208,4.145218595386486,0.3381505062433688,1.7156055342295662,0.9958973102888722,0.008416311473419986,0.9926605224609375
ID02,v4_flipLR,4,16,16,64,4.068428945128219,0.20457763510207788,1.7143650783710132,0.9978727962781586,0.006165971746799875,0.994964599609375
ID02,v4_flipLR,5,6,20,24,4.139506908795838,0.055333726686144134,1.714481532174809,0.9990823583390686,0.004444403463440481,0.997039794921875
ID02,v4_flipLR,5,37,20,148,4.068428945128219,0.35904756611085936,1.7144047880752387,0.9973357015985791,0.007588446149074997,0.993988037109375
ID02,v4_flipLR,6,40,24,160,4.145218595386486,0.3453356359415319,1.714667455593503,0.9971509535115264,0.008192634591003481,0.9935150146484375
ID02,v4_flipLR,7,4,28,16,4.370193722368317,0.12147303430466949,1.7143181069289386,0.9988377960943832,0.004359786725081794,0.99700927734375
ID02,v4_flipLR,7,27,28,108,4.2193113337482675,0.22547234938254027,1.7143539057770543,0.9980400263371461,0.006903066222459083,0.9945526123046875
ID02,v4_flipLR,7,33,28,132,4.068428945128219,0.35904756611085936,1.7144048070256688,0.9973351303335681,0.007878760636893568,0.99365234375
ID02,v4_flipLR,7,36,28,144,4.068428945128219,0.35904756611085936,1.714404797549438,0.9973354159966923,0.007745615185494199,0.9937896728515625
ID02,v4_flipLR,8,54,32,216,4.068428945128219,0.33112419055348413,1.7155395372037636,0.9965547337957646,0.008334189707603037,0.9930877685546875
ID02,v4_flipLR,9,52,36,208,4.068428945128219,0.33112419055348413,1.7155396121241333,0.9965545227631196,0.008418889092051112,0.993011474609375
ID02,v4_flipLR,9,59,36,236,3.9886245201757893,0.3163754556007004,1.715553821133066,0.9963853576351662,0.008985946210107119,0.992645263671875
ID02,v4_flipLR,10,38,40,152,4.068428945128219,0.35904756611085936,1.7144048165039314,0.9973348446091871,0.008084114231058025,0.9935455322265625
ID02,v4_flipLR,12,58,48,232,4.068428945128219,0.30104720292491494,1.7161403536877533,0.996032536266295,0.009432333452361321,0.992156982421875
ID02,v4_flipLR,13,55,52,220,4.145218595386486,0.3163754556007004,1.7161263031339204,0.9962012131609582,0.009119107405417342,0.99237060546875
ID02,v4_flipLR,13,56,52,224,4.145218595386486,0.3163754556007004,1.7161263031339204,0.9962012131609582,0.009119107405417342,0.99237060546875
ID02,v4_flipLR,14,2,56,8,4.370193722368317,0.09906963394133353,1.7145408882586564,0.9986229899478266,0.0054796059075144414,0.9960479736328125
ID02,v4_flipLR,14,15,56,60,4.296100984006534,0.22141415746493273,1.7143975909443931,0.9975186104218362,0.00779551526945358,0.9937744140625
ID02,v4_flipLR,14,31,56,124,4.222008245644752,0.194112707703838,1.7146619785063104,0.9978089328123803,0.00814700921811189,0.9936981201171875
ID02,v4_flipLR,14,45,56,180,4.145218595386486,0.3163754556007004,1.7162075574492743,0.9963693740617053,0.009156040355793042,0.992523193359375
ID02,v4_flipLR,15,49,60,196,4.145218595386486,0.3163754556007004,1.7161263031339204,0.9962012131609582,0.009022863527787608,0.9924774169921875
ID02,v4_flipLR,15,60,60,240,4.068428945128219,0.30104720292491494,1.7161405492883595,0.996032110794497,0.009601797567042984,0.992095947265625
ID02,v4_flipLR,16,30,64,120,4.296100984006534,0.2172316237712933,1.714816470670799,0.9978857703149896,0.007857350788983542,0.9940032958984375
ID02,v4_flipLR,17,21,68,84,4.296100984006534,0.2557666070457225,1.7145145251619613,0.9977640284244058,0.007409416635824984,0.994293212890625
ID02,v4_flipLR,18,9,72,36,4.370193722368317,0.24179680804202386,1.7144469591159839,0.9981007811303415,0.007085304307567729,0.99444580078125
ID02,v4_flipLR,19,14,76,56,4.370193722368317,0.24179680804202386,1.7144267654553131,0.9979932598039216,0.007411232669314156,0.994140625
ID02,v4_flipLR,22,38,88,152,4.296100984006534,1.1832493062525453,1.71553510942919,0.996553203223138,0.008698839917527424,0.9929962158203125
ID02,v4_flipLR,23,5,92,20,5.061910557059955,0.12684889008602226,1.7146152830569845,0.9987297797774819,0.005745379338322089,0.9958038330078125
ID02,v4_flipLR,23,49,92,196,5.228890711923166,0.35811379915171787,1.716897671272531,0.9951586462594414,0.009963225311288125,0.991241455078125
ID02,v4_flipLR,23,63,92,252,4.222008245644752,0.3578020462107954,1.7170075416528479,0.9953255272192251,0.010544519236392913,0.9910430908203125
ID02,v4_flipLR,25,8,100,32,5.753627391751592,0.23213926800382878,1.7144463953848181,0.9977942865895688,0.0073986347628005,0.9949188232421875
ID02,v4_flipLR,25,13,100,52,5.061910557059955,0.2294379929439121,1.7144033006207553,0.997564860477226,0.007517901371081649,0.9938812255859375
ID02,v4_flipLR,25,48,100,192,5.228890711923166,0.35811379915171787,1.7168272854251823,0.995342780543853,0.009782132621097287,0.99163818359375
ID02,v4_flipLR,25,55,100,220,5.228890711923166,0.35811379915171787,1.7168975526373027,0.9951588687685755,0.009962767400390463,0.991180419921875
ID02,v4_flipLR,28,34,112,136,4.222008245644752,0.35904756611085936,1.7156546841172262,0.9961236746951032,0.009313877834001732,0.99237060546875
ID02,v4_flipLR,28,64,112,256,4.6341366448425365,0.35811379915171787,1.7170657760310697,0.9953878213968312,0.01009697923892095,0.9912872314453125
ID02,v4_flipLR,30,19,120,76,4.296100984006534,0.24227543164906024,1.7154603384070104,0.9960031852010658,0.008154420305403661,0.9936981201171875
ID02,v4_flipLR,30,55,120,220,5.046265044040321,0.3578020462107954,1.7168557073396802,0.9949911924638125,0.00991296755210994,0.991180419921875
ID02,v4_flipLR,34,64,136,256,4.222008245644752,0.328443408843414,1.7172394010387038,0.9963683170137453,0.00967621513310882,0.9922027587890625
ID02,v4_flipLR,37,27,148,108,4.222008245644752,0.3722674799268461,1.7170162839912986,0.995940998973762,0.008084114231058025,0.9922332763671875
ID02,v4_flipLR,37,48,148,192,4.6341366448425365,0.3155153858087185,1.7169593799593974,0.9961411836765944,0.008767403125591298,0.9929656982421875
ID02,v4_flipLR,38,5,152,20,5.753627391751592,0.41229636628032523,1.7165337880647162,0.9961312618508777,0.00524831790024902,0.994171142578125
ID02,v4_flipLR,39,32,156,128,4.222008245644752,1.427477808315934,1.7175642443802084,0.9951026904594289,0.007259962821647007,0.993255615234375
ID02,v4_flipLR,40,19,160,76,4.222008245644752,0.3722674799268461,1.7165727274642073,0.9957788483597155,0.005981926823765836,0.993499755859375
ID02,v4_flipLR,41,16,164,64,4.222008245644752,0.3722674799268461,1.7165726584498318,0.9957789774725863,0.005921686184638262,0.9935455322265625
ID02,v4_flipLR,42,50,168,200,4.6341366448425365,0.3155153858087185,1.7169393255564043,0.9960228228779465,0.007256520133572863,0.9939422607421875
ID02,v4_flipLR,43,4,172,16,5.753627391751592,0.41229636628032523,1.7165329068331077,0.9961327993641282,0.004730012478655415,0.9944000244140625
ID02,v4_flipLR,44,41,176,164,4.8167623127253805,1.1936172548272825,1.7178825986268353,0.994846227958831,0.00635390705527306,0.9930419921875
ID02,v4_flipLR,44,46,176,184,4.55734699458427,1.1829107923820381,1.7159783484547646,0.9972625783758985,0.005897392540574203,0.995208740234375
ID02,v4_flipLR,44,49,176,196,5.046265044040321,0.35592627912509195,1.7161304349966346,0.9968646284202316,0.006318453328037224,0.99481201171875
ID02,v4_flipLR,45,47,180,188,4.068428945128219,1.4291876521698121,1.7157242739264054,0.9973696283835449,0.005837337626719068,0.995208740234375
ID02,v4_flipLR,45,60,180,240,5.228890711923166,0.3410159095847741,1.7164615281928526,0.9963127859120883,0.007233819775787761,0.993927001953125
ID02,v4_flipLR,46,25,184,100,4.222008245644752,0.3722674799268461,1.7166457210018113,0.9959139324191969,0.006790982528151908,0.993255615234375
ID02,v4_flipLR,46,57,184,228,4.739972662467114,1.1829107923820381,1.7158114385325844,0.9969565350380816,0.0062100579707656195,0.9947509765625
ID02,v6_flipLR_rot180,1,41,4,164,4.916786204428757,0.31206548623640973,1.716744605856591,0.9963902230107987,0.006799464047278225,0.9940338134765625
ID02,v6_flipLR_rot180,2,38,8,152,4.916786204428757,0.31206548623640973,1.716744532391698,0.9963903334353014,0.006763217589366219,0.9940338134765625
ID02,v6_flipLR_rot180,3,48,12,192,5.344080439758942,1.1497432291673682,1.7167475989406715,0.9967246736152563,0.007320622029004178,0.9938201904296875
ID02,v6_flipLR_rot180,4,48,16,192,5.046265044040321,0.3106844824856071,1.7169610665336394,0.9966022315074154,0.007416787835624923,0.9938201904296875
ID02,v6_flipLR_rot180,4,58,16,232,4.787307364817192,0.3276583377760034,1.7171925396458914,0.9968938872312754,0.006970100753890597,0.99432373046875
ID02,v6_flipLR_rot180,5,14,20,56,4.787307364817192,0.1910491851558729,1.7155362293540592,0.9970037911214382,0.005462825063376528,0.995849609375
ID02,v6_flipLR_rot180,7,50,28,200,4.916786204428757,0.29100279642497595,1.7171062017885845,0.9957583645968915,0.009007935447281047,0.99237060546875
ID02,v6_flipLR_rot180,8,16,32,64,4.787307364817192,0.20501949945701523,1.7151269189068725,0.9970193057275187,0.00534235463707165,0.99542236328125
ID02,v6_flipLR_rot180,8,64,32,256,4.582971580031664,0.3137964903662255,1.717200682188522,0.9966622776127629,0.008140897152525837,0.9932861328125
ID02,v6_flipLR_rot180,9,54,36,216,4.849345767860799,0.31581838913114196,1.7172123687184857,0.9964187327823691,0.007704931477468081,0.993438720703125
ID02,v6_flipLR_rot180,10,5,40,20,5.214601600147377,0.19540282491272504,1.7150240381935566,0.9973245272057362,0.005307312269285147,0.99554443359375
ID02,v6_flipLR_rot180,10,47,40,188,5.046265044040321,0.3001534963608629,1.7169976116473353,0.9959271791888044,0.008622291545925961,0.9925079345703125
ID02,v6_flipLR_rot180,11,52,44,208,5.046265044040321,0.3036078585222072,1.7171754631634693,0.9960332046805122,0.009045816009233614,0.9925079345703125
ID02,v6_flipLR_rot180,11,56,44,224,4.652426491681278,0.3036078585222072,1.7172296086645968,0.9962185581530641,0.008416826870867799,0.993011474609375
ID02,v6_flipLR_rot180,12,41,48,164,4.787307364817192,0.277976853894721,1.7170490159502503,0.995560522327511,0.008825103744986101,0.992401123046875
ID02,v6_flipLR_rot180,14,12,56,48,4.787307364817192,0.20501949945701523,1.7150203157540687,0.997171729525615,0.005463242640317974,0.995269775390625
ID02,v6_flipLR_rot180,15,17,60,68,5.214601600147377,0.19710719697376494,1.7151940746200225,0.9969419895416042,0.005752205135429769,0.9958343505859375
ID02,v6_flipLR_rot180,15,51,60,204,4.916786204428757,0.29100279642497595,1.7171308512208867,0.9958476342240745,0.009843952219586798,0.9918975830078125
ID02,v6_flipLR_rot180,16,42,64,168,4.849345767860799,0.29100279642497595,1.7171185443350896,0.9958348008514157,0.008972130375243043,0.9924468994140625
ID02,v6_flipLR_rot180,17,50,68,200,5.046265044040321,0.3036078585222072,1.7171762008305558,0.9960321715817695,0.009445232604626532,0.9921112060546875
ID02,v6_flipLR_rot180,17,51,68,204,5.046265044040321,0.3036078585222072,1.717176678349333,0.9960315028193185,0.009723610505410919,0.9918975830078125
ID02,v6_flipLR_rot180,17,60,68,240,4.849345767860799,0.33665974472635013,1.7170073971383923,0.9954028624842931,0.010181845080055185,0.9914703369140625
ID02,v6_flipLR_rot180,18,34,72,136,5.046265044040321,0.2973307658187341,1.7169781873668253,0.9957134109001837,0.00863312739313178,0.99359130859375
ID02,v6_flipLR_rot180,19,9,76,36,4.85516239030289,0.2128469968699435,1.7155575283451991,0.9972018776471308,0.005680239312655664,0.9954833984375
ID02,v6_flipLR_rot180,19,30,76,120,4.849345767860799,0.18630652223662322,1.7164911540658094,0.996388731618491,0.007631525665366706,0.9935760498046875
ID02,v6_flipLR_rot180,19,47,76,188,5.287085717790845,0.3140873850013262,1.717067262237773,0.9962014459012376,0.008865924004777592,0.992431640625
ID02,v6_flipLR_rot180,20,11,80,44,5.641895835477563,0.2657235174384893,1.71602624657578,0.9969568608260823,0.005873101125523407,0.995269775390625
ID02,v6_flipLR_rot180,20,56,80,224,4.652426491681278,0.3036078585222072,1.717230183273545,0.9962178054083851,0.008695110282919718,0.99273681640625
ID02,v6_flipLR_rot180,21,28,84,112,4.652426491681278,0.18348574726619396,1.7164794084626882,0.9962054561867895,0.007618808017411788,0.9935150146484375
ID02,v6_flipLR_rot180,21,34,84,136,4.849345767860799,0.28936565161655414,1.7169665119364799,0.9955299052401145,0.008692847421832359,0.9934539794921875
ID02,v6_flipLR_rot180,22,29,88,116,4.360427718404749,0.18064442968315103,1.7164635172627871,0.9961437818482303,0.007896166633798888,0.9933624267578125
ID02,v6_flipLR_rot180,22,60,88,240,4.652426491681278,0.3353864746108812,1.7169959125243701,0.9952188304523722,0.010422870073283533,0.99127197265625
ID02,v6_flipLR_rot180,23,7,92,28,4.85516239030289,0.2563819965670699,1.7166835746738056,0.99638983647183,0.006944365826493783,0.9939117431640625
ID02,v6_flipLR_rot180,25,6,100,24,4.85516239030289,0.2563819965670699,1.716685498994707,0.9964204310780009,0.006860264510255969,0.9939117431640625
ID02,v6_flipLR_rot180,25,20,100,80,4.068428945128219,0.24690148127877876,1.716555714342957,0.9962825278810409,0.007076958071214788,0.99371337890625
ID02,v6_flipLR_rot180,27,5,108,20,4.918490759365935,0.2620751746427487,1.7167323529197551,0.9968029614672724,0.006499631444143905,0.9945831298828125
ID02,v6_flipLR_rot180,27,10,108,40,4.068428945128219,0.24690148127877876,1.7167165226698604,0.9964672957225221,0.006498041052746173,0.99444580078125
ID02,v6_flipLR_rot180,27,47,108,188,4.652426491681278,0.3036078585222072,1.7170502160084553,0.9962321371134494,0.008889847336468843,0.9924774169921875
ID02,v6_flipLR_rot180,27,63,108,252,4.582971580031664,0.33665974472635013,1.716977283358672,0.9955091655937711,0.010448862820013873,0.9910736083984375
ID02,v6_flipLR_rot180,28,0,112,0,4.982377901703128,0.25456208964109395,1.7163845055838955,0.9963757034499633,0.006353615555989267,0.9941864013671875
ID02,v6_flipLR_rot180,28,10,112,40,4.068428945128219,0.24690148127877876,1.7167203514063862,0.9963296578935295,0.0066421750502192855,0.9941558837890625
ID02,v6_flipLR_rot180,28,64,112,256,4.582971580031664,0.33665974472635013,1.716977041129261,0.9955095785440613,0.01024327719618741,0.9911651611328125
ID02,v6_flipLR_rot180,29,42,116,168,4.51351666838205,0.277976853894721,1.717101416757843,0.9958656172480324,0.00888753319374505,0.992523193359375
ID02,v6_flipLR_rot180,30,3,120,12,4.918490759365935,0.2620751746427487,1.7167352677549568,0.9966665647267501,0.006100832854305999,0.99456787109375
ID02,v6_flipLR_rot180,31,2,124,8,4.918490759365935,0.2620751746427487,1.7167350117255298,0.9966669214891828,0.0059320647155162365,0.99468994140625
ID02,v6_flipLR_rot180,32,25,128,100,4.360427718404749,0.18630652223662322,1.7172199617538166,0.9961895142778441,0.007668166808183699,0.9945220947265625
ID02,v6_flipLR_rot180,32,64,128,256,4.582971580031664,0.33665974472635013,1.7167438337820526,0.9957853114271702,0.009894514625930335,0.9922332763671875
ID02,v6_flipLR_rot180,33,56,132,224,4.51351666838205,0.18348574726619396,1.7164350158856412,0.9969221817290908,0.00829823802934247,0.9934234619140625
ID02,v6_flipLR_rot180,34,9,136,36,4.290972806755135,0.25456208964109395,1.716392146827669,0.9966656469868461,0.00647490991237725,0.9943695068359375
ID02,v6_flipLR_rot180,34,54,136,216,4.582971580031664,0.18630652223662322,1.7164186951784208,0.9971212446023336,0.008105815118517136,0.993621826171875
ID02,v6_flipLR_rot180,35,57,140,228,4.51351666838205,0.18348574726619396,1.71633987224569,0.9964929476086191,0.008732393013868134,0.9933319091796875
ID02,v6_flipLR_rot180,35,58,140,232,4.582971580031664,0.3008797695860542,1.7162555144974352,0.9961083532512104,0.009494379342412618,0.992889404296875
ID02,v6_flipLR_rot180,36,56,144,224,4.51351666838205,0.18348574726619396,1.7164350158856412,0.9969221817290908,0.00829823802934247,0.9934234619140625
ID02,v6_flipLR_rot180,38,53,152,212,4.582971580031664,0.18630652223662322,1.7167876910742232,0.9967841720008576,0.00827469199132407,0.993621826171875
ID02,v6_flipLR_rot180,39,9,156,36,4.51351666838205,0.24843752728737334,1.7171282114569397,0.9960847289133593,0.006510450478877677,0.9946746826171875
ID02,v6_flipLR_rot180,40,12,160,48,4.918490759365935,0.338887562176124,1.7175105897739749,0.9959317264162486,0.006426465456650478,0.9947662353515625
ID02,v6_flipLR_rot180,40,28,160,112,4.652426491681278,0.24690148127877876,1.717060016735786,0.9959002600581306,0.006980516030807977,0.9945526123046875
ID02,v6_flipLR_rot180,41,53,164,212,4.582971580031664,0.4473312927352387,1.7175589990559277,0.995774389123645,0.00823684460051522,0.994140625
ID02,v6_flipLR_rot180,42,24,168,96,5.147161163579421,0.31246094094104643,1.7192094349722704,0.9942165577808718,0.007967058589215077,0.9920196533203125
ID02,v6_flipLR_rot180,42,52,168,208,4.582971580031664,0.4209770282404939,1.7178295233279197,0.9950687616772336,0.008984845294770036,0.991851806640625
ID02,v6_flipLR_rot180,43,8,172,32,4.7160037138739925,0.3200857540663284,1.7183341910580252,0.9949831752829611,0.007075550906104268,0.99261474609375
ID02,v6_flipLR_rot180,46,11,184,44,4.918490759365935,0.338887562176124,1.71828023114995,0.9952289930422815,0.006413374405600388,0.9930877685546875
ID02,v6_flipLR_rot180,46,22,184,88,4.85516239030289,0.3353950713820181,1.7186201252035609,0.9949217614757484,0.007015808731268026,0.9926605224609375
ID02,v6_flipLR_rot180,46,49,184,196,4.582971580031664,0.4209770282404939,1.7177978410473105,0.9947631953695623,0.008971580839641944,0.9913787841796875
ID02,v6_flipLR_rot180,47,4,188,16,4.918490759365935,0.338887562176124,1.7183449396657782,0.9951676784976985,0.006557695735246996,0.9930267333984375
ID02,v6_flipLR_rot180,47,29,188,116,5.0901664416113235,0.2780781780801529,1.7178639464442738,0.9944782648597388,0.007472202539588437,0.9920806884765625
ID02,v6_flipLR_rot180,47,45,188,180,4.582971580031664,0.4209770282404939,1.7177155714153394,0.9947183098591549,0.008609079684515814,0.991607666015625
ID02,v6_flipLR_rot180,47,50,188,200,4.582971580031664,0.4209770282404939,1.7178467122887293,0.9946872033560952,0.008910494519972887,0.9913482666015625
ID02,v6_flipLR_rot180,48,59,192,236,4.652426491681278,0.4217043424726412,1.7176931164999527,0.9936914313713481,0.009680981220293775,0.9902801513671875
ID04,v0_rot0,0,8,0,32,4.652426491681278,0.05023446305962514,1.7186139102670779,0.9992674998855469,0.0008869273770607086,0.9991607666015625
ID04,v0_rot0,0,18,0,72,4.652426491681278,0.05023446305962514,1.7186139102670779,0.9992674998855469,0.0008869273770607086,0.9991607666015625
ID04,v0_rot0,1,29,4,116,,,,,,0.999420166015625
ID04,v0_rot0,2,1,8,4,4.652426491681278,0.05023446305962514,1.71861391035246,0.9992675557725761,0.0007670138013464262,0.999237060546875
ID04,v0_rot0,2,22,8,88,4.652426491681278,0.05023446305962514,1.7186139102670779,0.9992674998855469,0.0008869273770607086,0.9991607666015625
ID04,v0_rot0,2,32,8,128,,,,,,0.999420166015625
ID04,v0_rot0,2,60,8,240,,,,,,0.9998931884765625
ID04,v0_rot0,2,62,8,248,,,,,,0.9999237060546875
ID04,v0_rot0,3,1,12,4,4.652426491681278,0.05023446305962514,1.71861391035246,0.9992675557725761,0.0007670138013464262,0.999237060546875
ID04,v0_rot0,4,63,16,252,,,,,,0.9999237060546875
ID04,v0_rot0,5,7,20,28,4.652426491681278,0.05023446305962514,1.7186139103012323,0.9992675222413819,0.0008269746116253976,0.999237060546875
ID04,v0_rot0,6,14,24,56,4.652426491681278,0.05023446305962514,1.7186139102670779,0.9992674998855469,0.0008869273770607086,0.9991607666015625
ID04,v0_rot0,6,18,24,72,4.652426491681278,0.05023446305962514,1.7186139102670779,0.9992674998855469,0.0008869273770607086,0.9991607666015625
ID04,v0_rot0,7,57,28,228,,,,,,0.99969482421875
ID04,v0_rot0,8,8,32,32,4.652426491681278,0.05023446305962514,1.7186139102670779,0.9992674998855469,0.0008869273770607086,0.9991607666015625
ID04,v0_rot0,8,15,32,60,4.652426491681278,0.05023446305962514,1.7186139102670779,0.9992674998855469,0.0008869273770607086,0.9991607666015625
ID04,v0_rot0,8,38,32,152,,,,,,0.99969482421875
ID04,v0_rot0,9,21,36,84,4.652426491681278,0.05023446305962514,1.7186139102670779,0.9992674998855469,0.0008869273770607086,0.9991607666015625
ID04,v0_rot0,10,25,40,100,4.652426491681278,0.05023446305962514,1.7186310379033003,0.999298020723649,0.0008030288413928037,0.999420166015625
ID04,v0_rot0,12,46,48,184,,,,,,0.99969482421875
ID04,v0_rot0,13,62,52,248,,,,,,0.9999237060546875
ID04,v0_rot0,14,59,56,236,,,,,,0.9998931884765625
ID04,v0_rot0,15,16,60,64,4.652426491681278,0.05023446305962514,1.719210365225718,0.9987027653989378,0.0012226148078038539,0.99908447265625
ID04,v0_rot0,15,57,60,228,,,,,,0.99969482421875
ID04,v0_rot0,17,24,68,96,4.719866928249235,0.31245578626932996,1.720274312061024,0.9976955008851719,0.0016900851754935626,0.9975128173828125
ID04,v0_rot0,17,52,68,208,,,,,,0.99969482421875
ID04,v0_rot0,17,58,68,232,,,,,,0.99969482421875
ID04,v0_rot0,18,28,72,112,4.787307364817192,0.3419370135088005,1.7204199080781946,0.9979549478053843,0.0014503567818065326,0.997772216796875
ID04,v0_rot0,19,53,76,212,,,,,,0.99969482421875
ID04,v0_rot0,20,58,80,232,,,,,,0.99969482421875
ID04,v0_rot0,23,3,92,12,6.840435166640878,0.41439656281323384,1.7218641008257503,0.9926435799209414,0.003895764764032458,0.994598388671875
ID04,v0_rot0,23,13,92,52,6.840435166640878,0.41439656281323384,1.7218643487859029,0.9926430184992979,0.00401594091119948,0.9945220947265625
ID04,v0_rot0,23,15,92,60,6.840435166640878,0.41439656281323384,1.7218643487859029,0.9926430184992979,0.00401594091119948,0.9945220947265625
ID04,v0_rot0,23,39,92,156,11.451797811161432,1.6696640835655858,1.7216056965898494,0.9953146938526342,0.002265433320342435,0.997314453125
ID04,v0_rot0,24,26,96,104,7.817640190446719,0.4467468976535333,1.721544393762953,0.9942151535502778,0.0030928738957894508,0.996917724609375
ID04,v0_rot0,24,44,96,176,11.451797811161432,1.6696640835655858,1.721739133030729,0.9947805384286673,0.002469202454976411,0.997314453125
ID04,v0_rot0,26,3,104,12,6.840435166640878,0.41439656281323384,1.7220094475682866,0.9920625228965686,0.004411810418400613,0.99169921875
ID04,v0_rot0,27,26,108,104,7.817640190446719,0.4467468976535333,1.7215562366054173,0.9941685621383974,0.0034050266140240788,0.9940185546875
ID04,v0_rot0,27,38,108,152,11.451797811161432,1.6696640835655858,1.7217510011790111,0.9947340303747233,0.002781231380725147,0.994415283203125
ID04,v0_rot0,27,43,108,172,11.451797811161432,1.6696640835655858,1.7217510011790111,0.9947340303747233,0.002781231380725147,0.994415283203125
ID04,v0_rot0,29,12,116,48,6.840435166640878,0.41439656281323384,1.7220097066564921,0.9920619170470332,0.004532042465144725,0.9916229248046875
ID04,v0_rot0,29,35,116,140,9.634719000804076,1.57604238296865,1.722149311745983,0.9942303289323056,0.003092921104427103,0.994415283203125
ID04,v0_rot0,30,63,120,252,,,,,,0.9991912841796875
ID04,v0_rot0,31,6,124,24,6.840435166640878,0.41439656281323384,1.7220094475682866,0.9920625228965686,0.004411810418400613,0.99169921875
ID04,v0_rot0,31,8,124,32,6.840435166640878,0.41439656281323384,1.7220097066564921,0.9920619170470332,0.004532042465144725,0.9916229248046875
ID04,v0_rot0,31,33,124,132,7.817640190446719,1.601883397177255,1.7224599072318805,0.9937258613583281,0.0036927753419697756,0.9932861328125
ID04,v0_rot0,31,46,124,184,11.451797811161432,1.6696640835655858,1.7216538943782662,0.994826244219587,0.0024812267421099733,0.996124267578125
ID04,v0_rot0,31,54,124,216,11.499214643549955,1.7548927869289992,1.7200900560043937,0.996306978589632,0.001749883743930587,0.9962005615234375
ID04,v0_rot0,32,58,128,232,11.499214643549955,1.7548927869289992,1.7200900560043937,0.996306978589632,0.0017139272286443422,0.9962005615234375
ID04,v0_rot0,34,62,136,248,,,,,,0.9991912841796875
ID04,v0_rot0,35,49,140,196,11.499214643549955,1.7548927869289992,1.7203804975423673,0.9960316248969748,0.0021457656101856472,0.99603271484375
ID04,v0_rot0,36,22,144,88,6.840435166640878,0.41439656281323384,1.722009965784252,0.9920613111050044,0.004616321530762689,0.991546630859375
ID04,v0_rot0,36,29,144,116,7.817640190446719,0.4467468976535333,1.7216902788779473,0.9944581844829166,0.0033573247496455913,0.9939422607421875
ID04,v0_rot0,36,32,144,128,7.817640190446719,0.42958531390061,1.7223800005326406,0.993801715978138,0.003705047670144599,0.9939422607421875
ID04,v0_rot0,36,41,144,164,11.451797811161432,1.6696640835655858,1.7217510011790111,0.9947340303747233,0.002781231380725147,0.994415283203125
ID04,v0_rot0,36,44,144,176,11.451797811161432,1.6696640835655858,1.72175128840414,0.9947335480620983,0.0029253560864763222,0.99432373046875
ID04,v0_rot0,37,17,148,68,6.840435166640878,0.41439656281323384,1.722009965784252,0.9920613111050044,0.004652292867366034,0.991546630859375
ID04,v0_rot0,39,32,156,128,7.817640190446719,0.42958531390061,1.7223800005326406,0.993801715978138,0.003705047670144599,0.9939422607421875
ID04,v0_rot0,39,34,156,136,7.817640190446719,1.601883397177255,1.7224315115362474,0.9937864492687246,0.0036930572246101504,0.9934844970703125
ID04,v0_rot0,40,18,160,72,6.840435166640878,0.41439656281323384,1.7220101212798975,0.9920609474953817,0.004748433910523665,0.9915008544921875
ID04,v0_rot0,40,43,160,172,11.451797811161432,1.6696640835655858,1.72175128840414,0.9947335480620983,0.0029253560864763222,0.99432373046875
ID04,v0_rot0,41,0,164,0,6.840435166640878,0.41439656281323384,1.7220098621284008,0.9920615534929165,0.004628170662423898,0.9915771484375
ID04,v0_rot0,43,12,172,48,7.817640190446719,0.39962233145565207,1.7230107352202055,0.991587657826837,0.005216082704741905,0.9915008544921875
ID04,v0_rot0,43,48,172,192,7.817640190446719,1.7753835842609922,1.7209736028424354,0.9953594162634142,0.0026975619649884115,0.9956512451171875
ID04,v0_rot0,44,11,176,44,7.817640190446719,0.39962233145565207,1.7237614821403642,0.9912513741297179,0.005660008750512941,0.9914703369140625
ID04,v0_rot0,44,18,176,72,7.817640190446719,0.39962233145565207,1.7233958935765719,0.9912513741297179,0.005312253975587358,0.9914703369140625
ID04,v0_rot0,44,42,176,168,9.634719000804076,1.7031175670067222,1.7219018116981737,0.9944585228834,0.003237222607353693,0.9940338134765625
ID04,v0_rot0,45,9,180,36,6.840435166640878,0.38466452787390676,1.7243580767221767,0.9904266039637218,0.006535591032027503,0.990478515625
ID04,v0_rot0,46,16,184,64,5.863230142835039,0.36595976659785046,1.723464196082567,0.9889150151158885,0.0067034777741346325,0.9898529052734375
ID04,v0_rot0,46,61,184,244,5.527906391541368,1.781414311704643,1.719803290744295,0.9969014256494795,0.0022418026155527496,0.998138427734375
ID04,v0_rot0,47,35,188,140,7.817640190446719,0.4526707704419201,1.7239131906901644,0.9903953335674693,0.0054807213527864815,0.9933319091796875
ID04,v0_rot0,48,50,192,200,7.817640190446719,1.3591372305252074,1.7221192911418495,0.9928839752008063,0.004185687918420875,0.99212646484375
ID04,v2_rot180,0,16,0,64,5.863230142835039,0.27489441498560674,1.7196525915924952,0.9965812487599396,0.002145667362344031,0.9963531494140625
ID04,v2_rot180,0,48,0,192,5.917025732138443,1.1581533538072273,1.7203258371929129,0.9957570855145679,0.0027450157875797934,0.9955291748046875
ID04,v2_rot180,2,43,8,172,4.068428945128219,1.8257051136898292,1.7198787840934016,0.9983366904718306,0.0014741496383123686,0.9987030029296875
ID04,v2_rot180,2,62,8,248,4.068428945128219,1.8257051136898292,1.7196596245959814,0.9987638494643347,0.0013424380291871044,0.9986114501953125
ID04,v2_rot180,3,22,12,88,,,,,,0.9996490478515625
ID04,v2_rot180,4,36,16,144,5.860734401227015,1.8833235502437533,1.719698945644602,0.9989470792895074,0.000982766425541579,0.9988861083984375
ID04,v2_rot180,5,8,20,32,,,,,,0.9997100830078125
ID04,v2_rot180,6,14,24,56,,,,,,0.99993896484375
ID04,v2_rot180,6,61,24,244,7.653039857325812,1.8361839475587176,1.7197646425923265,0.9990843329365443,0.0009588843065622175,0.9989471435546875
ID04,v2_rot180,7,18,28,72,,,,,,0.999969482421875
ID04,v2_rot180,7,21,28,84,,,,,,0.999969482421875
ID04,v2_rot180,8,30,32,120,,,,,,0.99993896484375
ID04,v2_rot180,8,45,32,180,,,,,,0.999237060546875
ID04,v2_rot180,8,63,32,252,,,,,,0.9991455078125
ID04,v2_rot180,11,9,44,36,,,,,,1.0
ID04,v2_rot180,11,36,44,144,,,,,,0.999237060546875
ID04,v2_rot180,11,44,44,176,,,,,,0.999237060546875
ID04,v2_rot180,12,24,48,96,,,,,,0.99993896484375
ID04,v2_rot180,12,53,48,212,,,,,,0.999237060546875
ID04,v2_rot180,13,33,52,132,,,,,,0.99993896484375
ID04,v2_rot180,14,3,56,12,,,,,,1.0
ID04,v2_rot180,14,50,56,200,,,,,,0.999298095703125
ID04,v2_rot180,16,3,64,12,,,,,,1.0
ID04,v2_rot180,16,37,64,148,,,,,,0.999298095703125
ID04,v2_rot180,16,44,64,176,,,,,,0.999298095703125
ID04,v2_rot180,20,53,80,212,,,,,,0.999298095703125
ID04,v2_rot180,23,13,92,52,5.292567428401227,0.1656180275147886,1.7186288381756476,0.9988555908203125,0.000922785317712456,0.9989471435546875
ID04,v2_rot180,24,5,96,20,5.03993739660921,0.1583258583570825,1.7187644755722098,0.9986724853515625,0.0010785802414820915,0.9986724853515625
ID04,v2_rot180,25,8,100,32,5.03993739660921,0.1583258583570825,1.7187644755722098,0.9986724853515625,0.0010785802414820915,0.9986724853515625
ID04,v2_rot180,25,26,100,104,,,,,,0.9992828369140625
ID04,v2_rot180,25,28,100,112,,,,,,0.9992828369140625
ID04,v2_rot180,25,37,100,148,7.653039857325812,1.6950420238219015,1.719432504766243,0.9987640380859375,0.0008149272935642469,0.9987640380859375
ID04,v2_rot180,25,52,100,208,,,,,,0.999298095703125
ID04,v2_rot180,27,20,108,80,,,,,,0.9991912841796875
ID04,v2_rot180,29,15,116,60,,,,,,0.9991912841796875
ID04,v2_rot180,30,7,120,28,5.03993739660921,0.1583258583570825,1.7187644722614295,0.9986723638028384,0.0012225028638263348,0.9985809326171875
ID04,v2_rot180,30,48,120,192,,,,,,0.999908447265625
ID04,v2_rot180,32,20,128,80,,,,,,0.9991912841796875
ID04,v2_rot180,32,48,128,192,,,,,,0.999908447265625
ID04,v2_rot180,33,13,132,52,5.292567428401227,0.1656180275147886,1.718628822445756,0.9988554860369296,0.001066693675299449,0.9988555908203125
ID04,v2_rot180,33,54,132,216,,,,,,0.999908447265625
ID04,v2_rot180,34,35,136,140,5.372005061626382,1.8588314703790152,1.7187295180592463,0.9991911360722788,0.0008510357975889572,0.9990997314453125
ID04,v2_rot180,34,45,136,180,,,,,,0.9993743896484375
ID04,v2_rot180,35,17,140,68,4.068428945128219,0.17391353190044986,1.718775454006123,0.998992735486234,0.0010308320928542297,0.9989013671875
ID04,v2_rot180,35,22,140,88,4.068428945128219,0.17391353190044986,1.718775454006123,0.998992735486234,0.0010308320928542297,0.9989013671875
ID04,v2_rot180,38,31,152,124,4.493459852247077,0.17197520075323836,1.718757151410574,0.9987942612942613,0.001294612357248541,0.9985504150390625
ID04,v2_rot180,38,44,152,176,,,,,,0.9993133544921875
ID04,v2_rot180,39,21,156,84,4.493459852247077,0.17197520075323836,1.718757151410574,0.9987942612942613,0.001294612357248541,0.9985504150390625
ID04,v2_rot180,39,47,156,188,,,,,,0.9993743896484375
ID04,v2_rot180,39,63,156,252,,,,,,0.999908447265625
ID04,v2_rot180,40,29,160,116,4.493459852247077,0.17197520075323836,1.718757151410574,0.9987942612942613,0.001294612357248541,0.9985504150390625
ID04,v2_rot180,40,37,160,148,6.6755811781245455,1.8523131370502088,1.7187521468994522,0.9992064218783384,0.0007551213914177463,0.9993133544921875
ID04,v2_rot180,40,49,160,196,,,,,,0.999908447265625
ID04,v2_rot180,41,20,164,80,4.493459852247077,0.17197520075323836,1.7187571500832015,0.998794224487927,0.0013426019460379469,0.9985504150390625
ID04,v2_rot180,42,10,168,40,4.852899062091563,0.15826741754188703,1.7188387228120072,0.9981836497954698,0.00191806133072214,0.9978790283203125
ID04,v2_rot180,43,46,172,184,,,,,,0.9993133544921875
ID04,v2_rot180,43,55,172,220,,,,,,0.999908447265625
ID04,v2_rot180,44,56,176,224,,,,,,0.999908447265625
ID04,v2_rot180,46,34,184,136,4.918490759365935,1.7980530233440424,1.7187571480919905,0.998794169274212,0.0013906156903625735,0.99847412109375
ID04,v2_rot180,46,62,184,248,,,,,,0.999908447265625
ID04,v2_rot180,47,25,188,100,4.493459852247077,0.17197520075323836,1.7187571454367592,0.9987940956480591,0.0015105885818882095,0.9984130859375
ID04,v2_rot180,48,0,192,0,4.852899062091563,0.15826741754188703,1.7188387257190003,0.9981835111660637,0.0020380957057221875,0.997802734375
ID04,v2_rot180,48,6,192,24,4.852899062091563,0.15826741754188703,1.7188387257190003,0.9981835111660637,0.0020380957057221875,0.997802734375
ID04,v4_flipLR,0,0,0,0,5.108573994933366,0.1651705774076805,1.7186402812531367,0.9980918652398907,0.0021220820791242176,0.9976806640625
ID04,v4_flipLR,0,13,0,52,5.170882945826411,0.1753428185377768,1.7184971093519612,0.9983208414111038,0.001930255450502819,0.99798583984375
ID04,v4_flipLR,0,37,0,148,6.770275002573076,1.861702227267336,1.7185469108481197,0.9991758367546283,0.0008990226378536442,0.9992218017578125
ID04,v4_flipLR,0,54,0,216,,,,,,0.9999237060546875
ID04,v4_flipLR,1,56,4,224,,,,,,0.9999237060546875
ID04,v4_flipLR,2,45,8,180,,,,,,0.9992218017578125
ID04,v4_flipLR,3,7,12,28,5.108573994933366,0.1651705774076805,1.7186402794431228,0.9980920108679061,0.0020020376299321346,0.9977569580078125
ID04,v4_flipLR,3,41,12,164,,,,,,0.999298095703125
ID04,v4_flipLR,3,51,12,204,,,,,,0.9999237060546875
ID04,v4_flipLR,5,6,20,24,5.108573994933366,0.1651705774076805,1.7186402794431228,0.9980920108679061,0.0020020376299321346,0.9977569580078125
ID04,v4_flipLR,5,42,20,168,,,,,,0.999298095703125
ID04,v4_flipLR,5,46,20,184,,,,,,0.999298095703125
ID04,v4_flipLR,7,10,28,40,5.108573994933366,0.1651705774076805,1.7186402787191948,0.9980920691128885,0.00195402498067318,0.997833251953125
ID04,v4_flipLR,7,47,28,188,,,,,,0.9993743896484375
ID04,v4_flipLR,9,3,36,12,5.108573994933366,0.1651705774076805,1.7186402776333853,0.9980921564736946,0.0018820115028220727,0.997833251953125
ID04,v4_flipLR,10,40,40,160,,,,,,0.999298095703125
ID04,v4_flipLR,10,48,40,192,,,,,,0.9999237060546875
ID04,v4_flipLR,11,45,44,180,,,,,,0.9993743896484375
ID04,v4_flipLR,13,18,52,72,4.068428945128219,0.1786868302533228,1.71856479714652,0.9989469507356084,0.0010428185125385813,0.9988861083984375
ID04,v4_flipLR,13,35,52,140,5.419351973850647,1.8588752318995843,1.71856479714652,0.9989469507356084,0.0010428185125385813,0.9988861083984375
ID04,v4_flipLR,13,57,52,228,,,,,,0.9999237060546875
ID04,v4_flipLR,14,5,56,20,5.046265044040321,0.1753428185377768,1.718569393340161,0.998489103229351,0.001414397522753478,0.9984130859375
ID04,v4_flipLR,14,23,56,92,4.068428945128219,0.1786868302533228,1.7185087346621823,0.9991453513216532,0.0008630222172733087,0.9990692138671875
ID04,v4_flipLR,14,55,56,220,,,,,,0.9999237060546875
ID04,v4_flipLR,15,6,60,24,5.228890711923166,0.14730770230542617,1.718503685920588,0.998596084295982,0.0012224842084897181,0.9985198974609375
ID04,v4_flipLR,16,55,64,220,,,,,,0.9999237060546875
ID04,v4_flipLR,17,8,68,32,5.228890711923166,0.14730770230542617,1.718503685920588,0.998596084295982,0.0012224842084897181,0.9985198974609375
ID04,v4_flipLR,17,47,68,188,,,,,,0.9993743896484375
ID04,v4_flipLR,18,8,72,32,5.228890711923166,0.14730770230542617,1.718503685920588,0.998596084295982,0.0012224842084897181,0.9985198974609375
ID04,v4_flipLR,20,36,80,144,6.770275002573076,1.8507404639349232,1.718443308734177,0.9993133021012955,0.0005752866863481026,0.9993743896484375
ID04,v4_flipLR,20,51,80,204,,,,,,0.9999237060546875
ID04,v4_flipLR,21,14,84,56,5.4115163798060095,0.15777043122192025,1.7183468140307876,0.9989928430819002,0.0008389597509243163,0.999176025390625
ID04,v4_flipLR,21,25,84,100,,,,,,0.999176025390625
ID04,v4_flipLR,22,63,88,252,,,,,,0.9991607666015625
ID04,v4_flipLR,25,55,100,220,,,,,,0.999237060546875
ID04,v4_flipLR,26,30,104,120,,,,,,0.9992523193359375
ID04,v4_flipLR,27,28,108,112,,,,,,0.9992523193359375
ID04,v4_flipLR,29,22,116,88,,,,,,0.9992523193359375
ID04,v4_flipLR,29,32,116,128,6.770275002573076,1.8507404639349232,1.7185081016545651,0.9991912841796875,0.0006351639199838983,0.9992523193359375
ID04,v4_flipLR,33,12,132,48,,,,,,1.0
ID04,v4_flipLR,33,46,132,184,,,,,,0.999237060546875
ID04,v4_flipLR,34,42,136,168,,,,,,0.999237060546875
ID04,v4_flipLR,35,23,140,92,,,,,,1.0
ID04,v4_flipLR,35,30,140,120,,,,,,1.0
ID04,v4_flipLR,37,61,148,244,,,,,,0.99908447265625
ID04,v4_flipLR,38,55,152,220,,,,,,0.9991607666015625
ID04,v4_flipLR,39,44,156,176,,,,,,0.9991607666015625
ID04,v4_flipLR,39,49,156,196,,,,,,0.9991607666015625
ID04,v4_flipLR,40,31,160,124,,,,,,0.9999237060546875
ID04,v4_flipLR,41,28,164,112,,,,,,0.9999237060546875
ID04,v4_flipLR,41,31,164,124,,,,,,0.9999237060546875
ID04,v4_flipLR,43,43,172,172,6.0236372765784365,1.8834255412580807,1.7195799698656158,0.9988860234087684,0.0010067517011091798,0.998809814453125
ID04,v4_flipLR,45,52,180,208,4.068428945128219,1.8329265266272485,1.7195513245923284,0.9987792037356366,0.00110263281550053,0.998809814453125
ID04,v4_flipLR,46,29,184,116,,,,,,0.9997100830078125
ID04,v4_flipLR,47,5,188,20,7.60199880093611,0.2515184708421824,1.7217810441234302,0.9979551038471517,0.0013064200554002328,0.9996795654296875
ID04,v4_flipLR,48,61,192,244,5.8063585784597045,1.5646514814351296,1.7229031259498258,0.996870133439189,0.0026980150044951887,0.99658203125
ID04,v6_flipLR_rot180,0,50,0,200,6.983432725723842,1.1755467363026615,1.7221034029594036,0.9926405472257,0.004209160462828722,0.99200439453125
ID04,v6_flipLR_rot180,2,6,8,24,6.703333624538702,0.42245597517182737,1.7242641029263108,0.9888239155991877,0.007470617826718938,0.9900054931640625
ID04,v6_flipLR_rot180,3,5,12,20,6.703333624538702,0.3754113185140538,1.7242434965113884,0.990396506710231,0.006571265760902052,0.9906158447265625
ID04,v6_flipLR_rot180,5,11,20,44,6.703333624538702,0.40921899410845525,1.7229949191556,0.9916791352407707,0.005360056475597108,0.9915924072265625
ID04,v6_flipLR_rot180,5,12,20,48,6.703333624538702,0.40921899410845525,1.7229321494208842,0.9916791352407707,0.005264127053215057,0.9915924072265625
ID04,v6_flipLR_rot180,5,21,20,84,6.703333624538702,0.40921899410845525,1.722724526452209,0.9916791352407707,0.005072268208450954,0.9915924072265625
ID04,v6_flipLR_rot180,5,36,20,144,9.384306153987119,1.7103489456138936,1.7221200331856534,0.9944731980640926,0.003477388469827936,0.9940948486328125
ID04,v6_flipLR_rot180,5,53,20,212,7.48482063701911,1.7842136828463606,1.7203613970042202,0.9961840217358122,0.0022777673633958416,0.995849609375
ID04,v6_flipLR_rot180,5,64,20,256,7.48482063701911,1.8107175651638343,1.7197663273297206,0.9990842071523421,0.00110286843159127,0.9987945556640625
ID04,v6_flipLR_rot180,7,62,28,248,,,,,,0.9991607666015625
ID04,v6_flipLR_rot180,8,5,32,20,6.703333624538702,0.40921899410845525,1.721913404197255,0.9921682976352229,0.004652221843247026,0.991668701171875
ID04,v6_flipLR_rot180,10,45,40,180,11.283791670955125,1.6859721214966588,1.721814117528802,0.9949012304216408,0.0029374797733394626,0.99444580078125
ID04,v6_flipLR_rot180,12,1,48,4,6.703333624538702,0.40921899410845525,1.7219133100841588,0.9921685367529196,0.004580140423140604,0.99169921875
ID04,v6_flipLR_rot180,12,19,48,76,6.703333624538702,0.40921899410845525,1.7219135453776755,0.9921679389312977,0.004700398168729767,0.9916229248046875
ID04,v6_flipLR_rot180,13,43,52,172,11.283791670955125,1.6859721214966588,1.721814117528802,0.9949012304216408,0.002925490059978893,0.99444580078125
ID04,v6_flipLR_rot180,14,5,56,20,6.703333624538702,0.40921899410845525,1.7219132630297658,0.9921686563062926,0.004532111650295171,0.9917755126953125
ID04,v6_flipLR_rot180,16,7,64,28,6.703333624538702,0.40921899410845525,1.7219132159768091,0.9921687758560154,0.004520052934813654,0.9917755126953125
ID04,v6_flipLR_rot180,16,45,64,180,11.283791670955125,1.6859721214966588,1.7218138443129776,0.9949016973989498,0.0027933473573025624,0.994537353515625
ID04,v6_flipLR_rot180,18,53,72,212,11.269638210683057,1.7710685320940553,1.7202197757376427,0.9964290074471981,0.00174991044829733,0.996307373046875
ID04,v6_flipLR_rot180,18,57,72,228,11.269638210683057,1.7710685320940553,1.7202197757376427,0.9964290074471981,0.00174991044829733,0.996307373046875
ID04,v6_flipLR_rot180,19,30,76,120,7.653039857325812,0.4513228933813916,1.7219409862793864,0.9944584382871536,0.0033811507835750003,0.9941253662109375
ID04,v6_flipLR_rot180,22,36,88,144,11.283791670955125,1.6859721214966588,1.721978051713638,0.9947185248504091,0.0029731765863134567,0.994537353515625
ID04,v6_flipLR_rot180,22,64,88,256,,,,,,0.9992523193359375
ID04,v6_flipLR_rot180,23,26,92,104,7.653039857325812,0.4513228933813916,1.7216349535964868,0.9943057781848714,0.003429110369157625,0.9941253662109375
ID04,v6_flipLR_rot180,23,50,92,200,11.269638210683057,1.7710685320940553,1.72021990291423,0.9964286804432099,0.001881925332764558,0.9962158203125
ID04,v6_flipLR_rot180,23,61,92,244,,,,,,0.99920654296875
ID04,v6_flipLR_rot180,24,4,96,16,6.703333624538702,0.40921899410845525,1.7219092998331682,0.9921855921855922,0.004147554403777734,0.9946441650390625
ID04,v6_flipLR_rot180,24,5,96,20,6.703333624538702,0.40921899410845525,1.7219092998331682,0.9921855921855922,0.004147554403777734,0.9946441650390625
ID04,v6_flipLR_rot180,24,25,96,100,7.653039857325812,0.42600674977386305,1.7212180359910068,0.9934213538884225,0.0034645511596102046,0.9969940185546875
ID04,v6_flipLR_rot180,25,0,100,0,6.703333624538702,0.40921899410845525,1.7218002484981425,0.9926892551892552,0.003943772829025648,0.9946441650390625
ID04,v6_flipLR_rot180,25,23,100,92,7.653039857325812,0.42600674977386305,1.7211650983205748,0.9929176524460047,0.003812205082200848,0.994964599609375
ID04,v6_flipLR_rot180,25,54,100,216,11.269638210683057,1.7710685320940553,1.7201074335337034,0.9969478696129899,0.001462253936248454,0.9990234375
ID04,v6_flipLR_rot180,26,11,104,44,6.703333624538702,0.40921899410845525,1.7215297593277572,0.9934824086087155,0.0037642528170159315,0.99566650390625
ID04,v6_flipLR_rot180,26,54,104,216,11.269638210683057,1.7710685320940553,1.7199488327752017,0.9976803809058723,0.0013064399922219792,0.9990234375
ID04,v6_flipLR_rot180,27,43,108,172,9.384306153987119,1.7701212430754554,1.7211149115707394,0.9970391624187296,0.0018100046194104986,0.998077392578125
ID04,v6_flipLR_rot180,28,36,112,144,11.283791670955125,1.7907422690871277,1.7204906877490254,0.9980159335795611,0.001426427481522181,0.998077392578125
ID04,v6_flipLR_rot180,29,30,116,120,4.787307364817192,0.3487299568320063,1.720560394402158,0.9980157215904755,0.0016064008836946969,0.9976959228515625
ID04,v6_flipLR_rot180,29,56,116,224,,,,,,0.99969482421875
ID04,v6_flipLR_rot180,29,59,116,236,,,,,,0.9998779296875
ID04,v6_flipLR_rot180,30,3,120,12,4.916786204428757,0.3174120574589583,1.7202433779122708,0.9972988233857799,0.0018697958626215441,0.9975738525390625
ID04,v6_flipLR_rot180,31,18,124,72,4.916786204428757,0.3174120574589583,1.7204474742785727,0.9977106925918012,0.001762057477174459,0.99749755859375
ID04,v6_flipLR_rot180,31,25,124,100,4.916786204428757,0.3174120574589583,1.7204643845827419,0.9977564787399652,0.0016661631927023795,0.997802734375
ID04,v6_flipLR_rot180,31,50,124,200,,,,,,0.999603271484375
ID04,v6_flipLR_rot180,31,53,124,212,,,,,,0.99969482421875
ID04,v6_flipLR_rot180,32,19,128,76,4.916786204428757,0.3174120574589583,1.7203040605250512,0.9978480510362931,0.0015822556937893101,0.9990234375
ID04,v6_flipLR_rot180,32,35,128,140,11.283791670955125,1.7907422690871277,1.7202877932647775,0.9984280089130368,0.0010548371291928733,0.999603271484375
ID04,v6_flipLR_rot180,32,41,128,164,11.283791670955125,1.7907422690871277,1.7202877932647775,0.9984280089130368,0.0010548371291928733,0.999603271484375
ID04,v6_flipLR_rot180,34,40,136,160,,,,,,0.99969482421875
ID04,v6_flipLR_rot180,34,45,136,180,,,,,,0.99969482421875
ID04,v6_flipLR_rot180,35,52,140,208,,,,,,0.99969482421875
ID04,v6_flipLR_rot180,36,50,144,200,,,,,,0.99969482421875
ID04,v6_flipLR_rot180,38,33,152,132,4.787307364817192,1.8975425900235399,1.718966711058888,0.9995421804419484,0.0006711985281140445,0.999420166015625
ID04,v6_flipLR_rot180,38,64,152,256,,,,,,0.9999237060546875
ID04,v6_flipLR_rot180,39,38,156,152,,,,,,0.99969482421875
ID04,v6_flipLR_rot180,40,36,160,144,,,,,,0.99969482421875
ID04,v6_flipLR_rot180,41,9,164,36,4.787307364817192,0.07847075200673115,1.7188539860202503,0.9992369674032474,0.0009348836641588476,0.999114990234375
ID04,v6_flipLR_rot180,41,35,164,140,,,,,,0.99969482421875
ID04,v6_flipLR_rot180,41,53,164,212,,,,,,0.99969482421875
ID04,v6_flipLR_rot180,43,57,172,228,,,,,,0.99969482421875
ID04,v6_flipLR_rot180,44,3,176,12,4.787307364817192,0.07847075200673115,1.7188539842638066,0.9992370256206796,0.0008149645996830069,0.9991912841796875
ID04,v6_flipLR_rot180,44,17,176,68,4.787307364817192,0.07847075200673115,1.7188539860202503,0.9992369674032474,0.0009348836641588476,0.999114990234375
ID04,v6_flipLR_rot180,44,30,176,120,,,,,,0.999420166015625
ID04,v6_flipLR_rot180,45,30,180,120,,,,,,0.999420166015625
ID04,v6_flipLR_rot180,45,33,180,132,4.787307364817192,1.8975425900235399,1.718966711058888,0.9995421804419484,0.0006711985281140445,0.999420166015625
ID04,v6_flipLR_rot180,47,8,188,32,4.787307364817192,0.07847075200673115,1.7188539860202503,0.9992369674032474,0.0009348836641588476,0.999114990234375
ID05,v0_rot0,0,5,0,20,7.398776714225281,0.35997819406237136,1.7218798678099643,0.9924374369786415,0.006155609402372521,0.9911956787109375
ID05,v0_rot0,0,39,0,156,10.02925341359355,1.808037954801566,1.7150534041885013,0.9984731192646542,0.0018707665474173108,0.997955322265625
ID05,v0_rot0,1,10,4,40,7.398776714225281,0.3753065563735739,1.7227382782898635,0.9910617427309814,0.006948089911337416,0.98974609375
ID05,v0_rot0,1,57,4,228,8.446457965585623,1.6244602220247697,1.7262342217993905,0.9946082998579524,0.0038387593329441043,0.994903564453125
ID05,v0_rot0,1,58,4,232,8.446457965585623,1.6244602220247697,1.7300669938094893,0.994302298938364,0.004139041722632241,0.994781494140625
ID05,v0_rot0,2,56,8,224,10.02925341359355,1.6974966413870378,1.7226715042245042,0.9957240157600562,0.003046503367382668,0.99737548828125
ID05,v0_rot0,3,28,12,112,8.963953791631068,0.4243339529856231,1.7211950983891386,0.9945787456286365,0.00402995865952297,0.9937744140625
ID05,v0_rot0,3,62,12,248,10.02925341359355,1.5380654191635539,1.7488900666946696,0.9931724453948373,0.00457059264173557,0.995147705078125
ID05,v0_rot0,4,47,16,188,10.02925341359355,1.808037954801566,1.7147753686378933,0.9985798057540773,0.0019909610763541694,0.9978179931640625
ID05,v0_rot0,5,45,20,180,10.02925341359355,1.808037954801566,1.7147504265115077,0.9986103475658176,0.001954979852082708,0.9978179931640625
ID05,v0_rot0,7,55,28,220,10.02925341359355,1.720246344022919,1.7186326498763622,0.9975111844013864,0.0022065451584922127,0.9977874755859375
ID05,v0_rot0,9,25,36,100,7.898654169668588,0.415638559182153,1.7212166510529163,0.9942734102986989,0.004257778205456205,0.9936065673828125
ID05,v0_rot0,10,51,40,204,,,,,,0.998382568359375
ID05,v0_rot0,14,27,56,108,8.963953791631068,0.4243339529856231,1.7211944243725303,0.9945792423155033,0.0038856755323912907,0.993865966796875
ID05,v0_rot0,15,0,60,0,7.312732791431452,0.3796009030188665,1.7218221846421293,0.9922696162307504,0.006263411166179846,0.991119384765625
ID05,v0_rot0,15,23,60,92,7.48482063701911,0.3978810135700669,1.7208010828248592,0.9928524520060479,0.005157860168622612,0.992889404296875
ID05,v0_rot0,17,21,68,84,7.398776714225281,0.3753065563735739,1.7227393662877661,0.9910606500511911,0.007200973365909276,0.9896240234375
ID05,v0_rot0,17,46,68,184,9.997414191963653,1.7143459935752277,1.7196394709437468,0.9974333511572836,0.0033357373680313286,0.9974365234375
ID05,v0_rot0,18,0,72,0,7.312732791431452,0.3796009030188665,1.7218262117816903,0.9922657169496966,0.0071309250425398455,0.9906005859375
ID05,v0_rot0,18,13,72,52,7.398776714225281,0.3753065563735739,1.7227408627193,0.9910591471801926,0.007502274982781678,0.989501953125
ID05,v0_rot0,18,57,72,228,11.9014382361901,1.4707834736833483,1.7303731653219119,0.9920369266510768,0.005798023949148937,0.993377685546875
ID05,v0_rot0,20,50,80,200,9.997414191963653,1.7143459935752277,1.722151854717216,0.9974485508685622,0.0041278011429380194,0.996337890625
ID05,v0_rot0,21,25,84,100,7.898654169668588,0.415638559182153,1.721222853321611,0.9942685964939094,0.005653800836940778,0.992767333984375
ID05,v0_rot0,25,12,100,48,7.312732791431452,0.36425507455736056,1.721541501157773,0.992691019740363,0.007097513946205476,0.9930267333984375
ID05,v0_rot0,26,21,104,84,7.312732791431452,0.36425507455736056,1.7203388237842776,0.9933343525454823,0.006604020637037098,0.9931182861328125
ID05,v0_rot0,26,48,104,192,10.02925341359355,1.6226070059675548,1.727446954510733,0.9974164946877627,0.006027209019728182,0.9874267578125
ID05,v0_rot0,27,41,108,164,26.075082298788182,1.4407498909729977,1.7196449544227006,0.9987926950408803,0.004104931181812903,0.997283935546875
ID05,v0_rot0,27,56,108,224,13.773623058786647,1.3177203231555825,1.7345240246623943,0.9911591055094986,0.008493323465416439,0.986572265625
ID05,v0_rot0,28,47,112,188,10.02925341359355,1.6226070059675548,1.7274438346952663,0.9974170869631668,0.005821765386638582,0.9876556396484375
ID05,v0_rot0,29,20,116,80,7.088197654504575,0.32686936324838617,1.7168906149017076,0.9950783339701949,0.005594123716365471,0.993560791015625
ID05,v0_rot0,29,54,116,216,9.997414191963653,1.6711983327347264,1.7284253550874948,0.996621260071244,0.006796241503202247,0.9874114990234375
ID05,v0_rot0,33,25,132,100,7.898654169668588,0.28940575779485056,1.7152814032709789,0.9977839927865144,0.0039130072175747425,0.996337890625
ID05,v0_rot0,33,26,132,104,7.898654169668588,0.28940575779485056,1.7153291013748475,0.9978758519514656,0.0037206734718849745,0.9963836669921875
ID05,v0_rot0,33,42,132,168,26.075082298788182,1.4407498909729977,1.7206253539164347,0.9987928241801901,0.004152497853603452,0.9974212646484375
ID05,v0_rot0,33,47,132,188,10.02925341359355,1.6226070059675548,1.7274438346952663,0.9974170869631668,0.005821765386638582,0.9876556396484375
ID05,v0_rot0,34,12,136,48,7.088197654504575,0.2434583541847195,1.7153537783088284,0.9959638581846535,0.005451402195148091,0.99432373046875
ID05,v0_rot0,36,9,144,36,7.088197654504575,0.2434583541847195,1.714580227394173,0.9964844705306921,0.004729867883018382,0.995758056640625
ID05,v0_rot0,36,55,144,220,9.997414191963653,1.6711983327347264,1.7312574848948248,0.9942964616654943,0.007722117175824326,0.9868621826171875
ID05,v0_rot0,39,32,156,128,8.963953791631068,1.7680692590815918,1.7153291013748475,0.9978758519514656,0.0037206734718849745,0.9963836669921875
ID05,v0_rot0,41,15,164,60,7.088197654504575,0.2434583541847195,1.7147540455042567,0.9962553113441139,0.004909788903945777,0.9945831298828125
ID05,v0_rot0,42,35,168,140,8.963953791631068,1.7680692590815918,1.7153290785936022,0.9978758844114366,0.0036486046802797147,0.9964141845703125
ID05,v0_rot0,43,15,172,60,7.088197654504575,0.2434583541847195,1.7147539755277885,0.9962555974996561,0.004789379150488023,0.994659423828125
ID05,v0_rot0,43,20,172,80,7.088197654504575,0.2434583541847195,1.714753905562014,0.9962558836114677,0.004668987798178485,0.9947357177734375
ID05,v0_rot0,45,46,180,184,10.02925341359355,1.6226070059675548,1.7274440426384605,0.9974170474865885,0.005845862011868702,0.9876556396484375
ID05,v2_rot180,0,0,0,0,6.863662517577698,0.4966820519637809,1.7462223302589395,0.9848686119127235,0.007303184790879116,0.9844970703125
ID05,v2_rot180,1,8,4,32,7.735340023886265,0.44293663425076985,1.7805683078632453,0.9810640767210311,0.010278636400213993,0.9848480224609375
ID05,v2_rot180,2,13,8,52,9.23618154310838,0.3640688276498167,1.7851501112125197,0.9753175100487537,0.012675650082494619,0.9738616943359375
ID05,v2_rot180,3,50,12,200,10.341765891652821,0.6014767375980018,1.7807214699357115,0.9806634056863345,0.012161546003081858,0.9710845947265625
ID05,v2_rot180,3,54,12,216,10.341765891652821,0.6014767375980018,1.7801499562104717,0.9809379681433245,0.012005841869171302,0.971099853515625
ID05,v2_rot180,3,56,12,224,10.341765891652821,0.6014767375980018,1.7802802596198946,0.9806448653854974,0.01236771863656946,0.97161865234375
ID05,v2_rot180,5,52,20,208,10.341765891652821,0.6014767375980018,1.7801449018103297,0.9809394249728689,0.0118728701465857,0.97113037109375
ID05,v2_rot180,6,42,24,168,10.217907939900583,0.4854584136368574,1.7855550777689357,0.9767320980859782,0.014216220654659372,0.966766357421875
ID05,v2_rot180,7,44,28,176,10.217907939900583,0.4854584136368574,1.7855550777689357,0.9767320980859782,0.014216220654659372,0.966766357421875
ID05,v2_rot180,8,41,32,164,10.217907939900583,0.4854584136368574,1.7855496097770027,0.9767338765152789,0.014107079841509114,0.96685791015625
ID05,v2_rot180,8,48,32,192,10.341765891652821,0.5407488967031968,1.7848811722414655,0.9782023845918679,0.013013934716032313,0.9710845947265625
ID05,v2_rot180,9,19,36,76,8.526910866777548,0.405814030564882,1.7849282439599787,0.9753178872722826,0.01263944654079828,0.973876953125
ID05,v2_rot180,9,47,36,188,10.341765891652821,0.5407488967031968,1.785801899317326,0.9775888953435045,0.013555424320110667,0.967681884765625
ID05,v2_rot180,9,59,36,236,12.01131811246729,0.631841874825826,1.7800534666612557,0.9806433857256437,0.012224563181741213,0.974395751953125
ID05,v2_rot180,10,8,40,32,7.735340023886265,0.44293663425076985,1.7783355566916184,0.9820583295159566,0.009750018427884035,0.9849395751953125
ID05,v2_rot180,10,12,40,48,9.23618154310838,0.3640688276498167,1.7848622643092766,0.9754435292859217,0.0122656579665988,0.9744415283203125
ID05,v2_rot180,10,14,40,56,9.23618154310838,0.3640688276498167,1.7849036010586274,0.9754267463361707,0.012410436006433082,0.9739532470703125
ID05,v2_rot180,10,62,40,248,12.01131811246729,0.5368781392998289,1.7755467011952721,0.9846967635413004,0.010962506660682,0.974700927734375
ID05,v2_rot180,11,45,44,180,10.217907939900583,0.4854584136368574,1.7855550777689357,0.9767320980859782,0.014192206768418392,0.966766357421875
ID05,v2_rot180,11,47,44,188,10.341765891652821,0.5407488967031968,1.785801899317326,0.9775888953435045,0.013555424320110667,0.967681884765625
ID05,v2_rot180,12,43,48,172,10.217907939900583,0.4854584136368574,1.7855550777689357,0.9767320980859782,0.014216220654659372,0.966766357421875
ID05,v2_rot180,12,58,48,232,10.341765891652821,0.6014767375980018,1.7802693229035127,0.9804449201131412,0.012368475014133044,0.97161865234375
ID05,v2_rot180,13,6,52,24,7.735340023886265,0.44293663425076985,1.7700133075493982,0.9846123315065566,0.007973037670162015,0.9875030517578125
ID05,v2_rot180,14,47,56,188,10.341765891652821,0.5407488967031968,1.785801899317326,0.9775888953435045,0.013555424320110667,0.967681884765625
ID05,v2_rot180,15,30,60,120,9.727044741504482,0.3869602094199906,1.797542484330538,0.9740120767408087,0.015452227108346954,0.9640960693359375
ID05,v2_rot180,15,61,60,244,10.341765891652821,0.6549564896985391,1.7767211165631924,0.9834890156089954,0.011454798854644718,0.9745025634765625
ID05,v2_rot180,16,15,64,60,9.23618154310838,0.3640688276498167,1.7849036010586274,0.9754267463361707,0.012410436006433082,0.9739532470703125
ID05,v2_rot180,17,3,68,12,6.863662517577698,0.47474022773213087,1.754588344430396,0.9863837582048542,0.006977587102691419,0.9875030517578125
ID05,v2_rot180,17,12,68,48,9.23618154310838,0.3640688276498167,1.7848966821579961,0.975382405525588,0.012337667700257893,0.9744415283203125
ID05,v2_rot180,18,35,72,140,9.23618154310838,0.568416121241605,1.7863223369258685,0.9753084532236611,0.015093881257213945,0.966583251953125
ID05,v2_rot180,18,38,72,152,9.862899901389682,0.4548490862655729,1.785984281950703,0.9759087712861904,0.014443027768613077,0.96685791015625
ID05,v2_rot180,18,61,72,244,10.341765891652821,0.6549564896985391,1.7767899838313301,0.983366712020914,0.011550855868100859,0.9745025634765625
ID05,v2_rot180,19,2,76,8,6.076507779746499,0.49732951277347115,1.750062269001795,0.9850361118321601,0.008010962928486288,0.9857940673828125
ID05,v2_rot180,20,29,80,116,9.23618154310838,0.5204318287449471,1.7979502559348657,0.9715731849042755,0.017005991182500256,0.962127685546875
ID05,v2_rot180,20,60,80,240,12.01131811246729,0.631841874825826,1.77906372238945,0.9812549691150388,0.012068453828732732,0.974395751953125
ID05,v2_rot180,20,64,80,256,12.01131811246729,0.5368781392998289,1.771897425020976,0.9849730952672129,0.010601482485629614,0.977508544921875
ID05,v2_rot180,21,29,84,116,9.23618154310838,0.5204318287449471,1.7978830032736812,0.9711756070707689,0.017150109751843477,0.962127685546875
ID05,v2_rot180,22,20,88,80,8.526910866777548,0.5190149089428615,1.7860368457825304,0.9708108438708888,0.015251382509667425,0.9702301025390625
ID05,v2_rot180,22,45,88,180,9.862899901389682,0.4548490862655729,1.786166265429852,0.9756466703357182,0.014720512265719922,0.9656829833984375
ID05,v2_rot180,26,35,104,140,9.372036702993581,0.5615576934840035,1.7844815588291647,0.974693802657533,0.014735447736030659,0.9754791259765625
ID05,v2_rot180,27,33,108,132,9.372036702993581,0.524716887801065,1.7948872022719466,0.9734419913155159,0.01514260724182286,0.9726409912109375
ID05,v2_rot180,28,21,112,84,9.23618154310838,0.5182702404733837,1.7875804101406305,0.972999831822282,0.014205299544378755,0.97235107421875
ID05,v2_rot180,28,35,112,140,9.23618154310838,0.5271895665508086,1.7816806566982635,0.9765213004998395,0.01319381515986909,0.9765472412109375
ID05,v2_rot180,29,53,116,212,10.217907939900583,0.4049229516738492,1.7744429802403834,0.9828286840416756,0.009430825207467297,0.98291015625
ID05,v2_rot180,30,25,120,100,9.507891862878783,0.5075293531736378,1.7903365134479863,0.9759317837986522,0.01254207858846152,0.977569580078125
ID05,v2_rot180,30,47,120,188,10.279836915776702,0.3989539906336003,1.778654634862157,0.9806158922188617,0.009741595769998595,0.98260498046875
ID05,v2_rot180,31,28,124,112,9.372036702993581,0.5099721468984438,1.7894924691243503,0.9768983957219252,0.011795972415885281,0.9777069091796875
ID05,v2_rot180,31,51,124,204,9.862899901389682,0.41082258689015144,1.772376186881693,0.9841909911561197,0.008205598737782075,0.9852752685546875
ID05,v2_rot180,32,27,128,108,9.23618154310838,0.5124190316418273,1.787971122541761,0.9780775459072993,0.011266596526478108,0.979095458984375
ID05,v2_rot180,33,34,132,136,9.23618154310838,0.5405772929376784,1.7819039980551985,0.9798350137488543,0.010342395613330285,0.9812469482421875
ID05,v2_rot180,34,34,136,136,8.444610700217096,0.5476403894678991,1.7808098596921007,0.9805682859761686,0.010054440283028744,0.9812469482421875
ID05,v2_rot180,35,42,140,168,9.507891862878783,0.4166547600483647,1.7730679447679853,0.9846210235342628,0.007808521882920308,0.9840545654296875
ID05,v2_rot180,36,3,144,12,7.258351187451755,0.5056527747170091,1.7564790184027976,0.9824842709669538,0.008479575186640949,0.983154296875
ID05,v2_rot180,36,10,144,40,9.23618154310838,0.5124190316418273,1.7840951949792638,0.9780300368203139,0.010787480312503721,0.981658935546875
ID05,v2_rot180,37,15,148,60,9.23618154310838,0.5124190316418273,1.7846218332551897,0.9779502773405865,0.011137165099901166,0.9765625
ID05,v2_rot180,37,31,148,124,8.444610700217096,0.5148700659332743,1.783744650890133,0.9801863733577757,0.010222414225704643,0.979095458984375
ID05,v2_rot180,37,57,148,228,9.768572638236165,1.032052364506556,1.7667445395797003,0.9870790378006873,0.006801386157256253,0.9873046875
ID05,v2_rot180,38,21,152,84,9.23618154310838,0.5124190316418273,1.7846218332551897,0.9779502773405865,0.011137165099901166,0.9765625
ID05,v2_rot180,38,30,152,120,8.444610700217096,0.5148700659332743,1.7835586689726017,0.9802322028719829,0.010150425393129258,0.979095458984375
ID05,v2_rot180,38,58,152,232,9.768572638236165,1.032052364506556,1.7665592437965432,0.9870324265705427,0.006741821078483083,0.9873046875
ID05,v2_rot180,39,12,156,48,8.444610700217096,0.5099721468984438,1.7851132294490333,0.9775085183430867,0.01132849276891517,0.976593017578125
ID05,v2_rot180,39,14,156,56,9.23618154310838,0.5124190316418273,1.7846218332551897,0.9779502773405865,0.011137165099901166,0.9765625
ID05,v2_rot180,39,29,156,116,8.444610700217096,0.5148700659332743,1.7835586689726017,0.9802322028719829,0.010150425393129258,0.979095458984375
ID05,v2_rot180,39,58,156,232,9.768572638236165,1.032052364506556,1.7665592437965432,0.9870324265705427,0.006741821078483083,0.9873046875
ID05,v2_rot180,40,53,160,212,9.372036702993581,1.032052364506556,1.7664467225479206,0.9875227172070434,0.006561077526816296,0.986663818359375
ID05,v2_rot180,41,11,164,44,8.444610700217096,0.5099721468984438,1.7847432255652043,0.9776613137347777,0.011172485982902568,0.976593017578125
ID05,v2_rot180,43,8,172,32,8.444610700217096,0.5148700659332743,1.7785308316651065,0.9802501947486597,0.010065054592104035,0.98193359375
ID05,v2_rot180,43,11,172,44,8.444610700217096,0.5099721468984438,1.7847432255652043,0.9776613137347777,0.011172485982902568,0.976593017578125
ID05,v2_rot180,43,25,172,100,8.444610700217096,0.5148700659332743,1.7835661064409838,0.9802300887659847,0.010283504591563613,0.9790191650390625
ID05,v2_rot180,43,37,172,148,9.372036702993581,0.5433560419663773,1.77179712759153,0.9844962424390542,0.008025773985960973,0.9838409423828125
ID05,v2_rot180,44,29,176,116,8.444610700217096,0.5148700659332743,1.7835586689726017,0.9802322028719829,0.010150425393129258,0.979095458984375
ID05,v2_rot180,44,41,176,164,9.507891862878783,0.4166547600483647,1.771890401076571,0.9849111929015409,0.007544639422975228,0.9840545654296875
ID05,v2_rot180,45,24,180,96,7.653039857325812,0.5124190316418273,1.7840796313445768,0.9793083423751089,0.011030165077284333,0.9788360595703125
ID05,v2_rot180,46,29,184,116,7.3044180978139295,0.5099721468984438,1.784155445717123,0.9797128017109685,0.010582358388581566,0.9788665771484375
ID05,v2_rot180,46,49,184,196,8.444610700217096,0.5192360005127657,1.7697174138243956,0.9857206127155271,0.0074486821648133816,0.9864349365234375
ID05,v2_rot180,47,22,188,88,7.653039857325812,0.5075293531736378,1.7852436928366933,0.9772626560518314,0.011653219086211242,0.978485107421875
ID05,v2_rot180,47,63,188,252,9.632717478350965,1.417930267169542,1.7613814325907782,0.9916764665455046,0.005313795476046086,0.9939727783203125
ID05,v2_rot180,48,47,192,188,9.23618154310838,0.5004782130090033,1.7729454018256436,0.9841017730875548,0.008204345572837926,0.983245849609375
ID05,v4_flipLR,0,54,0,216,8.2831363544035,0.49877653432215524,1.7680451779229125,0.9866061883380678,0.007280868156972588,0.985748291015625
ID05,v4_flipLR,1,3,4,12,6.815688758213296,0.5008893054216038,1.7569242974469828,0.9815530274108575,0.008899220237320099,0.9847412109375
ID05,v4_flipLR,1,32,4,128,7.223001330138923,0.511423895684117,1.784704691203701,0.9793006522967874,0.010702176284360519,0.98077392578125
ID05,v4_flipLR,3,15,12,60,9.166995688475081,0.5139745229210011,1.7852052960904288,0.9776602897133427,0.01113699492135004,0.976287841796875
ID05,v4_flipLR,4,21,16,84,9.166995688475081,0.5139745229210011,1.785236254157041,0.9776297292341544,0.011184999209804135,0.976287841796875
ID05,v4_flipLR,4,24,16,96,8.2831363544035,0.5165287980033679,1.7844103819524686,0.9792475320150371,0.010849963930916183,0.9786376953125
ID05,v4_flipLR,5,51,20,204,9.403935759138708,1.0270654597987054,1.7667983953284674,0.9874616289191954,0.006513098897735372,0.986602783203125
ID05,v4_flipLR,6,18,24,72,9.166995688475081,0.5139745229210011,1.7852052960904288,0.9776602897133427,0.01113699492135004,0.976287841796875
ID05,v4_flipLR,7,62,28,248,11.772836648422523,1.477831588728285,1.7611844499870728,0.9923637307756922,0.004810004482831785,0.9914703369140625
ID05,v4_flipLR,8,41,32,164,9.640875829802336,0.4114485821749125,1.7724590826896727,0.984834832541731,0.007520650108434767,0.983978271484375
ID05,v4_flipLR,10,0,40,0,6.955796338302048,0.5046035988980926,1.7429509475884277,0.9829566279780085,0.0081322534328569,0.9824066162109375
ID05,v4_flipLR,10,20,40,80,9.166995688475081,0.5139745229210011,1.7852052960904288,0.9776602897133427,0.01113699492135004,0.976287841796875
ID05,v4_flipLR,10,61,40,244,9.772050238058398,1.5436130161734571,1.76250289371155,0.9909739297768683,0.005445740736173641,0.9912872314453125
ID05,v4_flipLR,11,0,44,0,6.955796338302048,0.5046035988980926,1.7429509475884277,0.9829566279780085,0.0081322534328569,0.9824066162109375
ID05,v4_flipLR,11,22,44,88,9.166995688475081,0.5139745229210011,1.785394537679378,0.9776144489945602,0.01120900135403118,0.976287841796875
ID05,v4_flipLR,12,7,48,28,8.2831363544035,0.5165287980033679,1.7755684511284444,0.9806661474320796,0.009475489822757505,0.98193359375
ID05,v4_flipLR,12,48,48,192,9.640875829802336,0.4114485821749125,1.7722310903733745,0.985094457765085,0.0074606768220836115,0.986602783203125
ID05,v4_flipLR,12,54,48,216,9.403935759138708,1.0270654597987054,1.7674927296223921,0.9872934420721464,0.0067171106555266044,0.986602783203125
ID05,v4_flipLR,13,20,52,80,9.166995688475081,0.5139745229210011,1.7852052960904288,0.9776602897133427,0.01113699492135004,0.976287841796875
ID05,v4_flipLR,14,17,56,68,9.166995688475081,0.5139745229210011,1.7852052960904288,0.9776602897133427,0.01113699492135004,0.976287841796875
ID05,v4_flipLR,14,26,56,104,8.2831363544035,0.5165287980033679,1.7858066858084298,0.9795756251814057,0.010534204907700151,0.9788970947265625
ID05,v4_flipLR,14,40,56,160,9.640875829802336,0.4114485821749125,1.7742874402285747,0.9843919424548329,0.007892484483811925,0.983978271484375
ID05,v4_flipLR,14,44,56,176,9.640875829802336,0.4114485821749125,1.7742874402285747,0.9843919424548329,0.007892484483811925,0.983978271484375
ID05,v4_flipLR,15,64,60,256,10.280023453913834,1.3796385261973887,1.7602612934530417,0.9915084686225698,0.005277810405102208,0.994232177734375
ID05,v4_flipLR,16,0,64,0,6.955796338302048,0.5046035988980926,1.7429513921499422,0.9829563676904045,0.008168361601027234,0.9824066162109375
ID05,v4_flipLR,17,60,68,240,11.957140402787633,1.0270654597987054,1.770640828947754,0.9857169044636583,0.0074986076215729,0.9911041259765625
ID05,v4_flipLR,18,11,72,44,9.403935759138708,0.5063333364305913,1.7865584361694584,0.9744663294775606,0.012277284371981566,0.97625732421875
ID05,v4_flipLR,18,43,72,172,10.280023453913834,0.39595752035677206,1.7791557518730026,0.980630871458031,0.009705752909012993,0.9824981689453125
ID05,v4_flipLR,18,56,72,224,10.280023453913834,0.4011898477417939,1.7735453854528354,0.9829674778118938,0.008842223033223644,0.985748291015625
ID05,v4_flipLR,19,12,76,48,9.403935759138708,0.5063333364305913,1.7874797567384018,0.9735611455818076,0.013167188086422973,0.97393798828125
ID05,v4_flipLR,19,31,76,124,9.640875829802336,0.5088768540935635,1.7919776065461719,0.9750909257617898,0.013286404946376345,0.97509765625
ID05,v4_flipLR,20,14,80,56,9.403935759138708,0.5063333364305913,1.7872594813774905,0.973142359253428,0.013554388273677664,0.9724884033203125
ID05,v4_flipLR,20,16,80,64,9.403935759138708,0.5063333364305913,1.7872594813774905,0.973142359253428,0.013554388273677664,0.9724884033203125
ID05,v4_flipLR,22,5,88,20,7.48482063701911,0.5139745229210011,1.7663445017138397,0.9807548380198867,0.009848816913584716,0.982513427734375
ID05,v4_flipLR,23,27,92,108,9.403935759138708,0.5239578121292964,1.7967903898192354,0.9711638431900189,0.016139305418723174,0.971954345703125
ID05,v4_flipLR,23,38,92,152,10.280023453913834,0.47763660054835805,1.7857670704103106,0.9759415505013451,0.013685404534621715,0.9770660400390625
ID05,v4_flipLR,24,24,96,96,8.325908162747096,0.5201209715835119,1.7946790095214267,0.9700542937982718,0.016804649852306036,0.9685516357421875
ID05,v4_flipLR,26,8,104,32,7.442048828675515,0.5063333364305913,1.7794678084781226,0.9774529123321571,0.012045579274567895,0.981475830078125
ID05,v4_flipLR,26,32,104,128,9.166995688475081,0.5221705747007345,1.7983433652715537,0.9707960001223204,0.01718456273235908,0.9605865478515625
ID05,v4_flipLR,26,51,104,204,10.280023453913834,0.5754300046557849,1.781145230869228,0.9797771357820884,0.012437481806755574,0.9698333740234375
ID05,v4_flipLR,28,9,112,36,7.48482063701911,0.5115751333110723,1.7821485899964127,0.9760275019098549,0.012299971237316798,0.9828033447265625
ID05,v4_flipLR,28,17,112,68,7.48482063701911,0.5115751333110723,1.7857378098107082,0.972469771778841,0.01408263724094234,0.972015380859375
ID05,v4_flipLR,29,50,116,200,10.280023453913834,0.5754300046557849,1.7817381535829573,0.9795019947723208,0.012629566467863769,0.9698333740234375
ID05,v4_flipLR,29,59,116,236,10.280023453913834,0.6080920355144933,1.7806163757498585,0.9797568993196238,0.012572614893007084,0.97430419921875
ID05,v4_flipLR,30,51,120,204,10.280023453913834,0.5754300046557849,1.7810382095886457,0.9799299918986258,0.012257402436966642,0.970947265625
ID05,v4_flipLR,31,49,124,196,10.280023453913834,0.6080920355144933,1.783249536721646,0.9793797098790908,0.012593550593905982,0.970947265625
ID05,v4_flipLR,32,15,128,60,9.166995688475081,0.36724961391646305,1.7850468867387606,0.9754591852327251,0.012253469099795158,0.97406005859375
ID05,v4_flipLR,32,46,128,184,10.280023453913834,0.5328276866771579,1.786167224709665,0.9771153405182298,0.013819357732484338,0.967559814453125
ID05,v4_flipLR,33,22,132,88,9.166995688475081,0.40918136142912426,1.7919522217236927,0.9740180345407305,0.013744167768456033,0.972442626953125
ID05,v4_flipLR,34,23,136,92,9.166995688475081,0.40918136142912426,1.7929086679067983,0.9740152545740794,0.01417781561488141,0.9723358154296875
ID05,v4_flipLR,34,57,136,228,10.280023453913834,0.6080920355144933,1.7803350604871422,0.9804772897524882,0.01231931197574998,0.9714508056640625
ID05,v4_flipLR,35,13,140,52,9.166995688475081,0.36724961391646305,1.7850468867387606,0.9754591852327251,0.012253469099795158,0.97406005859375
ID05,v4_flipLR,35,47,140,188,10.280023453913834,0.5428759023551881,1.7863327082668894,0.977589580530757,0.013470966420018604,0.96759033203125
ID05,v4_flipLR,36,18,144,72,9.166995688475081,0.36724961391646305,1.7850479748239452,0.9754588102260051,0.012289661211151832,0.97406005859375
ID05,v4_flipLR,36,46,144,184,10.280023453913834,0.5328276866771579,1.786167224709665,0.9771153405182298,0.013819357732484338,0.967559814453125
ID05,v4_flipLR,37,31,148,124,9.723509571194459,0.40412417600442113,1.7979359788717797,0.9740140629776827,0.015330991358277918,0.9640655517578125
ID05,v4_flipLR,37,36,148,144,10.280023453913834,0.5024481873520733,1.7860290141909732,0.9767349434423723,0.014034400076606803,0.9667816162109375
ID05,v4_flipLR,39,20,156,80,8.325908162747096,0.4223812293902016,1.785206891107884,0.97528958709007,0.012650289804408913,0.9738311767578125
ID05,v4_flipLR,39,45,156,180,10.280023453913834,0.5024481873520733,1.7860345318482393,0.9767331651761828,0.014083498366815056,0.966705322265625
ID05,v4_flipLR,40,62,160,248,11.957140402787633,0.533978575004213,1.7755342911857819,0.9846814755927902,0.010974513787364018,0.974578857421875
ID05,v4_flipLR,41,57,164,228,10.280023453913834,0.6080920355144933,1.7803350604871422,0.9804772897524882,0.01231931197574998,0.9714508056640625
ID05,v4_flipLR,43,12,172,48,9.166995688475081,0.36724961391646305,1.785009202837436,0.9754763396335967,0.012096526176977217,0.974578857421875
ID05,v4_flipLR,45,55,180,220,10.280023453913834,0.6080920355144933,1.7804515028711174,0.9807524728256716,0.012295297722385945,0.9714508056640625
ID05,v4_flipLR,46,6,184,24,7.442048828675515,0.4679560324171875,1.7702004266276639,0.9847339897717732,0.00803323058508954,0.987579345703125
ID05,v4_flipLR,47,26,188,104,9.723509571194459,0.40412417600442113,1.795784992558452,0.9740140629776827,0.014730717616763514,0.9722900390625
ID05,v6_flipLR_rot180,1,52,4,208,10.217907939900583,1.6303279725732087,1.7274066544537936,0.9974014857387423,0.0059665385834815786,0.987701416015625
ID05,v6_flipLR_rot180,2,13,8,52,7.399277020331919,0.30757503636062483,1.7275829167946872,0.9947729600024454,0.005833858188435707,0.9946746826171875
ID05,v6_flipLR_rot180,4,18,16,72,7.037429099228232,0.25391616033530123,1.7151037118832035,0.9963017864510904,0.004680918803200098,0.9947967529296875
ID05,v6_flipLR_rot180,4,33,16,132,8.935473898613196,1.783716162019334,1.7155978863185852,0.9978911658185485,0.00372061661475892,0.9964141845703125
ID05,v6_flipLR_rot180,4,47,16,188,10.217907939900583,1.6303279725732087,1.7274052246105607,0.9974017637439057,0.005797846718136721,0.987762451171875
ID05,v6_flipLR_rot180,4,63,16,252,12.018836959377001,0.5595102917496962,1.7671654740120666,0.9854618277432965,0.010301642220243537,0.978729248046875
ID05,v6_flipLR_rot180,6,3,24,12,6.6755811781245455,0.20699780326835945,1.7140932780797797,0.9975396182587832,0.004116808075634959,0.9960479736328125
ID05,v6_flipLR_rot180,6,26,24,104,7.653039857325812,0.3099362955627494,1.7155978863185852,0.9978911658185485,0.00372061661475892,0.9964141845703125
ID05,v6_flipLR_rot180,6,51,24,204,10.217907939900583,1.6303279725732087,1.7274052246105607,0.9974017637439057,0.005797846718136721,0.987762451171875
ID05,v6_flipLR_rot180,7,2,28,8,6.6755811781245455,0.20699780326835945,1.7140701625808719,0.9975547132901332,0.004201145573864575,0.9959716796875
ID05,v6_flipLR_rot180,7,4,28,16,6.6755811781245455,0.20699780326835945,1.7140701625808719,0.9975547132901332,0.004201145573864575,0.9959716796875
ID05,v6_flipLR_rot180,7,40,28,160,25.854414729132053,1.437578912711807,1.7188482746380929,0.9987470969319154,0.0037081046401694706,0.9974212646484375
ID05,v6_flipLR_rot180,7,52,28,208,10.217907939900583,1.6303279725732087,1.727405837363053,0.9974016446061199,0.00587013881180803,0.987762451171875
ID05,v6_flipLR_rot180,8,43,32,172,18.03616133451632,1.5009100669089281,1.7256671287371603,0.9977994437482808,0.004716853788550952,0.997283935546875
ID05,v6_flipLR_rot180,9,42,36,168,25.854414729132053,1.437578912711807,1.7207993540428437,0.9987470012071574,0.004128431890480604,0.9973907470703125
ID05,v6_flipLR_rot180,10,25,40,100,7.653039857325812,0.3099362955627494,1.715550641061484,0.9977840266528105,0.003912947416749215,0.996368408203125
ID05,v6_flipLR_rot180,10,62,40,248,12.018836959377001,0.5595102917496962,1.7621081009089303,0.9858881448185182,0.01025487006607071,0.9785919189453125
ID05,v6_flipLR_rot180,11,10,44,40,7.037429099228232,0.25391616033530123,1.715103939100387,0.9963009950628984,0.004982043590326659,0.994598388671875
ID05,v6_flipLR_rot180,11,30,44,120,7.653039857325812,0.3099362955627494,1.7155978863185852,0.9978911658185485,0.00372061661475892,0.9964141845703125
ID05,v6_flipLR_rot180,11,45,44,180,18.03616133451632,1.5009100669089281,1.7273966161610916,0.9975394302481966,0.0055815219767057925,0.98797607421875
ID05,v6_flipLR_rot180,11,53,44,212,10.217907939900583,1.6303279725732087,1.7277148475559911,0.9972793274742071,0.006038292337621956,0.987701416015625
ID05,v6_flipLR_rot180,13,34,52,136,8.935473898613196,1.783716162019334,1.7155978863185852,0.9978911658185485,0.00372061661475892,0.9964141845703125
ID05,v6_flipLR_rot180,14,35,56,140,8.935473898613196,1.783716162019334,1.7155978625414374,0.9978911980440098,0.0036485489253182193,0.9964447021484375
ID05,v6_flipLR_rot180,15,6,60,24,7.037429099228232,0.2302707316069543,1.7152488983484906,0.9969736339319832,0.004681777359189986,0.9958648681640625
ID05,v6_flipLR_rot180,15,63,60,252,12.018836959377001,0.5595102917496962,1.7671654740120666,0.9854618277432965,0.010301642220243537,0.978729248046875
ID05,v6_flipLR_rot180,16,16,64,64,7.399277020331919,0.26351209253574714,1.7168059894630148,0.9954754589504899,0.005462407550264272,0.9945526123046875
ID05,v6_flipLR_rot180,16,21,64,84,7.399277020331919,0.26351209253574714,1.7168058204707513,0.995475735575086,0.005354032569740343,0.9946136474609375
ID05,v6_flipLR_rot180,17,9,68,36,7.399277020331919,0.26351209253574714,1.7169509789121955,0.9955518870087586,0.005354359928390913,0.9958038330078125
ID05,v6_flipLR_rot180,19,63,76,252,12.018836959377001,0.5595102917496962,1.7671654740120666,0.9854618277432965,0.010301642220243537,0.978729248046875
ID05,v6_flipLR_rot180,20,21,80,84,7.037429099228232,0.34479603352808313,1.7175449531334157,0.9949866259075277,0.0058582239776531105,0.993408203125
ID05,v6_flipLR_rot180,22,50,88,200,10.217907939900583,1.6303279725732087,1.7274044076946402,0.9974019225772928,0.005653455213121791,0.987823486328125
ID05,v6_flipLR_rot180,23,35,92,140,10.217907939900583,1.6938558060838493,1.7192900277245609,0.9961791811220981,0.004429275454962608,0.996307373046875
ID05,v6_flipLR_rot180,23,38,92,152,,,,,,0.997283935546875
ID05,v6_flipLR_rot180,23,56,92,224,13.81976597885342,1.3197680016989826,1.733974156754005,0.9911297352684785,0.008095773810235676,0.986846923828125
ID05,v6_flipLR_rot180,24,14,96,56,7.399277020331919,0.3749000424244574,1.722616144304202,0.992402354200107,0.007131797126929363,0.991485595703125
ID05,v6_flipLR_rot180,24,15,96,60,7.399277020331919,0.3749000424244574,1.722616144304202,0.992402354200107,0.007131797126929363,0.991485595703125
ID05,v6_flipLR_rot180,24,32,96,128,10.155412503859614,1.666910957307878,1.7209024082238449,0.995200978144582,0.005017521508484386,0.9945068359375
ID05,v6_flipLR_rot180,25,13,100,52,7.399277020331919,0.3749000424244574,1.7231850997685543,0.99177558663915,0.007600046433242907,0.991302490234375
ID05,v6_flipLR_rot180,25,14,100,56,7.399277020331919,0.3749000424244574,1.7231850997685543,0.99177558663915,0.007600046433242907,0.991302490234375
ID05,v6_flipLR_rot180,25,31,100,124,8.904226180592712,0.42757648053277447,1.7214828287674955,0.994757756380865,0.005341619787740554,0.99432373046875
ID05,v6_flipLR_rot180,27,38,108,152,10.217907939900583,1.8052043737409453,1.716250146561667,0.9981358392543357,0.003396251512590387,0.9971771240234375
ID05,v6_flipLR_rot180,29,22,116,88,7.399277020331919,0.3749000424244574,1.7221804467830442,0.9917162114658638,0.00727431700039514,0.9905853271484375
ID05,v6_flipLR_rot180,30,7,120,28,7.399277020331919,0.3725064384699072,1.7224463397676626,0.9921736472026903,0.007479410819269494,0.9907073974609375
ID05,v6_flipLR_rot180,32,2,128,8,7.399277020331919,0.3725064384699072,1.7222164047639208,0.9924515616404865,0.0066725960951192044,0.991058349609375
ID05,v6_flipLR_rot180,32,6,128,24,7.399277020331919,0.3725064384699072,1.7222290077018567,0.9924362814008924,0.006708599311459776,0.991058349609375
ID05,v6_flipLR_rot180,32,16,128,64,7.526158438828865,0.37307147561815796,1.7232490015552235,0.9911993888464476,0.007067983471980092,0.989898681640625
ID05,v6_flipLR_rot180,32,19,128,76,7.526158438828865,0.37307147561815796,1.7232484388949245,0.9911999266660555,0.006959558388647294,0.989959716796875
ID05,v6_flipLR_rot180,32,31,128,124,8.904226180592712,0.42757648053277447,1.721579541281102,0.9947001053869534,0.004342463842345337,0.993743896484375
ID05,v6_flipLR_rot180,34,27,136,108,8.904226180592712,0.42757648053277447,1.7215775846505335,0.9947014811421591,0.003921594127820516,0.9940032958984375
ID05,v6_flipLR_rot180,36,3,144,12,7.399277020331919,0.3725064384699072,1.722214281875252,0.9924535219443639,0.006250934802860796,0.9913177490234375
ID05,v6_flipLR_rot180,36,9,144,36,7.526158438828865,0.37307147561815796,1.7230464099856944,0.991444765265747,0.006731264336373016,0.9912567138671875
ID05,v6_flipLR_rot180,36,12,144,48,7.526158438828865,0.37307147561815796,1.7232480169448288,0.9912003299876254,0.006887247288909289,0.9900054931640625
ID05,v6_flipLR_rot180,38,1,152,4,7.399277020331919,0.3725064384699072,1.722214281875252,0.9924535219443639,0.006250934802860796,0.9913177490234375
ID05,v6_flipLR_rot180,38,26,152,104,8.904226180592712,0.42757648053277447,1.7216066550681912,0.9946556726217743,0.0039935499833768555,0.9940032958984375
ID05,v6_flipLR_rot180,39,5,156,20,7.399277020331919,0.3725064384699072,1.722214281875252,0.9924535219443639,0.006250934802860796,0.9913177490234375
ID05,v6_flipLR_rot180,39,16,156,64,7.526158438828865,0.37307147561815796,1.7232466107238031,0.9912016741258954,0.006646258153301455,0.9901580810546875
ID05,v6_flipLR_rot180,39,18,156,72,7.526158438828865,0.37307147561815796,1.7232460483556726,0.9912022116662339,0.006537886988920428,0.9902191162109375
ID05,v6_flipLR_rot180,39,40,156,160,10.217907939900583,1.8052043737409453,1.7151108843305423,0.9985648635857036,0.0016667482665727006,0.998016357421875
ID05,v6_flipLR_rot180,40,26,160,104,8.904226180592712,0.42757648053277447,1.7216066550681912,0.9946556726217743,0.0039935499833768555,0.9940032958984375
ID05,v6_flipLR_rot180,40,55,160,220,10.217907939900583,1.7179868520469885,1.7184747024619784,0.9974349186960837,0.0022184695049779057,0.9977874755859375
ID05,v6_flipLR_rot180,42,1,168,4,7.399277020331919,0.3725064384699072,1.722214281875252,0.9924535219443639,0.006250934802860796,0.9913177490234375
ID05,v6_flipLR_rot180,43,1,172,4,7.399277020331919,0.3725064384699072,1.7222150310041606,0.9924528301886792,0.0063714983540454516,0.9912261962890625
ID05,v6_flipLR_rot180,43,34,172,136,10.155412503859614,1.666910957307878,1.7208418031485295,0.9951438519332967,0.003682078617112831,0.995147705078125
ID05,v6_flipLR_rot180,44,23,176,92,7.653039857325812,0.3962634330006442,1.7213062534439971,0.9929745250168001,0.00525390059820518,0.9929351806640625
ID05,v6_flipLR_rot180,44,41,176,164,10.217907939900583,1.8052043737409453,1.7151109985860549,0.9985647101936115,0.001846810559506612,0.997894287109375
ID05,v6_flipLR_rot180,44,44,176,176,10.217907939900583,1.8052043737409453,1.7151111128659942,0.9985645567687257,0.0019909306730392672,0.9977874755859375
ID05,v6_flipLR_rot180,44,50,176,200,,,,,,0.99835205078125
ID05,v6_flipLR_rot180,46,48,184,192,6.770275002573076,1.7710344442546266,1.7156776779085543,0.9980149034937699,0.002338636725239775,0.9976043701171875
ID05,v6_flipLR_rot180,47,19,188,76,7.526158438828865,0.37307147561815796,1.7232468919336394,0.9912014053310929,0.0066824528681337925,0.9901275634765625
ID06,v0_rot0,2,8,8,32,4.719866928249235,0.09053464111720694,1.7213548737604256,0.998151458209206,0.0032636433146050986,0.99713134765625
ID06,v0_rot0,2,43,8,172,5.970821321441846,1.758098623693121,1.7210488224367393,0.998670862869714,0.002507764240865111,0.9974517822265625
ID06,v0_rot0,3,51,12,204,5.970821321441846,1.758098623693121,1.7210488102607016,0.9986710455968838,0.0023754500321193734,0.997589111328125
ID06,v0_rot0,3,61,12,244,5.970821321441846,1.7492499547205465,1.7208085635586037,0.9991449206761235,0.001355147920537351,0.9984588623046875
ID06,v0_rot0,4,6,16,24,4.652426491681278,0.050857828709979784,1.7214617044819824,0.9987019730010385,0.0025786544061213636,0.9979248046875
ID06,v0_rot0,4,20,16,80,4.719866928249235,0.12197481109238997,1.7214208391736796,0.9981512605042017,0.0032759923393048647,0.9968414306640625
ID06,v0_rot0,4,45,16,180,5.970821321441846,1.758098623693121,1.7210488102607016,0.9986710455968838,0.0023754500321193734,0.997589111328125
ID06,v0_rot0,5,6,20,24,4.652426491681278,0.050857828709979784,1.7214617197976172,0.9987019333557313,0.0026267095962866313,0.9979248046875
ID06,v0_rot0,6,10,24,40,4.787307364817192,0.11937954854287543,1.7213101782168794,0.9978456837280366,0.0035999915816536973,0.9965667724609375
ID06,v0_rot0,6,16,24,64,4.719866928249235,0.12197481109238997,1.7214208673241473,0.998151147510925,0.0033721982079070218,0.9967803955078125
ID06,v0_rot0,6,29,24,116,4.719866928249235,0.12197481109238997,1.7214208673241473,0.998151147510925,0.0033721982079070218,0.9967803955078125
ID06,v0_rot0,6,30,24,120,4.719866928249235,0.12197481109238997,1.7214208673241473,0.998151147510925,0.0033721982079070218,0.9967803955078125
ID06,v0_rot0,7,44,28,176,5.970821321441846,1.758098623693121,1.7210488156718606,0.9986709643910114,0.002471578828002541,0.997528076171875
ID06,v0_rot0,9,8,36,32,4.719866928249235,0.09053464111720694,1.7213548436193917,0.9981515994011793,0.003227400720324976,0.9972076416015625
ID06,v0_rot0,9,12,36,48,4.719866928249235,0.12197481109238997,1.7214153687082803,0.9981357253098211,0.003564481816125092,0.9967041015625
ID06,v0_rot0,10,29,40,116,4.719866928249235,0.12197481109238997,1.7214208673241473,0.998151147510925,0.0033721982079070218,0.9967803955078125
ID06,v0_rot0,10,31,40,124,4.719866928249235,0.12197481109238997,1.7214208673241473,0.998151147510925,0.0033721982079070218,0.9967803955078125
ID06,v0_rot0,11,17,44,68,4.719866928249235,0.12197481109238997,1.7214208673241473,0.998151147510925,0.0033721982079070218,0.9967803955078125
ID06,v0_rot0,11,47,44,188,5.970821321441846,1.758098623693121,1.7210488156718606,0.9986709643910114,0.002471578828002541,0.997528076171875
ID06,v0_rot0,12,56,48,224,5.970821321441846,1.758098623693121,1.7210488224367393,0.998670862869714,0.0026397518324895904,0.9974517822265625
ID06,v0_rot0,12,59,48,236,5.970821321441846,1.787299829935871,1.7207733876638818,0.9989311508451543,0.0015710121910654247,0.9982452392578125
ID06,v0_rot0,13,1,52,4,4.652426491681278,0.050857828709979784,1.7214617580907967,0.9987018342318676,0.00273486539173478,0.997802734375
ID06,v0_rot0,13,6,52,24,4.652426491681278,0.050857828709979784,1.7214617657501345,0.9987018144052783,0.0027708927812451975,0.997802734375
ID06,v0_rot0,13,26,52,104,4.719866928249235,0.12197481109238997,1.7214208673241473,0.998151147510925,0.0033721982079070218,0.9967803955078125
ID06,v0_rot0,13,35,52,140,4.787307364817192,1.6025779670058529,1.7214208673241473,0.998151147510925,0.0033721982079070218,0.9967803955078125
ID06,v0_rot0,14,34,56,136,4.787307364817192,1.6025779670058529,1.7214208673241473,0.998151147510925,0.0033721982079070218,0.9967803955078125
ID06,v0_rot0,14,51,56,204,5.970821321441846,1.758098623693121,1.7210488156718606,0.9986709643910114,0.002471578828002541,0.997528076171875
ID06,v0_rot0,15,45,60,180,5.970821321441846,1.758098623693121,1.7217502998598138,0.9985028110486434,0.0027237439362506224,0.9974517822265625
ID06,v0_rot0,15,56,60,224,5.970821321441846,1.758098623693121,1.7217503602137096,0.9985026966738476,0.002891949051638402,0.99737548828125
ID06,v0_rot0,16,12,64,48,4.719866928249235,0.12197481109238997,1.7214154313079373,0.9981354688837266,0.003757024470341749,0.9965667724609375
ID06,v0_rot0,17,40,68,160,5.970821321441846,1.758098623693121,1.7238548205721225,0.9979985944327314,0.0030598058432845863,0.9974517822265625
ID06,v0_rot0,18,9,72,36,4.787307364817192,0.12441258544729018,1.721112555868967,0.9972799511002445,0.00406861212395683,0.9964141845703125
ID06,v0_rot0,18,24,72,96,4.787307364817192,0.2593421339264662,1.7255671576880576,0.9971576148415294,0.004140749509033278,0.9966583251953125
ID06,v0_rot0,19,17,76,68,4.719866928249235,0.12197481109238997,1.72135604991617,0.9982121573301549,0.003420410081725387,0.996978759765625
ID06,v0_rot0,20,5,80,20,4.650412016599621,0.08922052609037201,1.721020657510923,0.9983043856835159,0.0031553658856686814,0.9973297119140625
ID06,v0_rot0,20,34,80,136,5.970821321441846,1.6081781229177832,1.728067191080069,0.9967295789714984,0.004260966577612809,0.996978759765625
ID06,v0_rot0,21,45,84,180,5.970821321441846,1.7163962109981044,1.7285915996420884,0.9969903446590076,0.003491671742065776,0.9958953857421875
ID06,v0_rot0,22,18,88,72,4.787307364817192,0.12458745278324584,1.7217941708898417,0.9982120753678999,0.0035285847894810404,0.9969329833984375
ID06,v0_rot0,25,27,100,108,5.03993739660921,0.2261949667807182,1.7288224513859085,0.9959801299197555,0.004909863948483857,0.9945526123046875
ID06,v0_rot0,27,22,108,88,5.292567428401227,0.2593421339264662,1.728698092216211,0.9962400843688386,0.004669630054283513,0.9945831298828125
ID06,v0_rot0,28,20,112,80,5.292567428401227,0.2593421339264662,1.7270395055918157,0.9966373710355368,0.004465695327227371,0.996429443359375
ID06,v0_rot0,30,1,120,4,4.652426491681278,0.0934043573520805,1.720821436384006,0.9980144790298439,0.0030228844606432627,0.9970855712890625
ID06,v0_rot0,32,12,128,48,4.972496960041253,0.12197481109238997,1.720972884629879,0.9980743072855375,0.0036130404117716668,0.9965972900390625
ID06,v0_rot0,32,42,128,168,5.970821321441846,1.6008517881900715,1.7284556543476908,0.9964854374866294,0.004044484903654229,0.9951629638671875
ID06,v0_rot0,33,61,132,244,5.776979716124667,1.6711489166033413,1.7294256859496562,0.9963952404955017,0.003946845006915647,0.9958038330078125
ID06,v0_rot0,34,33,136,132,4.972496960041253,1.6942455802580292,1.7288469187975284,0.9970971093320296,0.003767876051255863,0.995819091796875
ID06,v0_rot0,35,16,140,64,4.582971580031664,0.06575268971670277,1.7211301877877814,0.9989458406538844,0.0027117864934355406,0.997711181640625
ID06,v0_rot0,36,23,144,92,4.652426491681278,0.30841016968597323,1.728847400808499,0.9970969319154137,0.0038641090425066975,0.995758056640625
ID06,v0_rot0,38,42,152,168,5.292567428401227,1.7606161946225778,1.7286057072425325,0.9973417663504285,0.0034076275784847353,0.9961395263671875
ID06,v0_rot0,39,39,156,156,5.292567428401227,1.7606161946225778,1.7286057072425325,0.9973417663504285,0.0034076275784847353,0.9961395263671875
ID06,v0_rot0,39,43,156,172,5.292567428401227,1.7606161946225778,1.7286922344926787,0.9972653803260155,0.0035036170877378262,0.9961395263671875
ID06,v0_rot0,39,58,156,232,5.170882945826411,1.3710423348715004,1.729428994626435,0.9960133803784997,0.004318736177780039,0.9949951171875
ID06,v0_rot0,41,52,164,208,5.170882945826411,1.3710423348715004,1.7294309353953723,0.9960124667705564,0.0046077076228285534,0.9947662353515625
ID06,v0_rot0,41,56,164,224,5.170882945826411,1.3710423348715004,1.729431582516039,0.9960121621415148,0.004776061804339019,0.99468994140625
ID06,v0_rot0,42,13,168,52,4.582971580031664,0.06575268971670277,1.7210748430652005,0.9986250095485448,0.002951767599049305,0.997711181640625
ID06,v0_rot0,43,61,172,244,5.776979716124667,1.6711489166033413,1.7296720012397058,0.9968229238265438,0.004054813411360148,0.9958038330078125
ID06,v0_rot0,44,21,176,84,5.292567428401227,0.40294290552975126,1.7298285921858876,0.9943304246832831,0.005653109631557042,0.9955902099609375
ID06,v0_rot0,45,12,180,48,4.972496960041253,0.3663180884076838,1.7225465832734739,0.9959043325437457,0.005293200734442954,0.994384765625
ID06,v0_rot0,45,53,180,212,5.170882945826411,1.3710423348715004,1.730248131211347,0.9960124667705564,0.0053156627002943985,0.9947662353515625
ID06,v0_rot0,46,36,184,144,10.02925341359355,1.6163915677996927,1.730921129515343,0.9959809285124851,0.005448986310437995,0.99468994140625
ID06,v0_rot0,47,10,188,40,5.1694162362207745,0.4720188665053549,1.7231773167934519,0.9948654472103792,0.006289042277850562,0.994049072265625
ID06,v0_rot0,47,39,188,156,7.660910420997388,1.5412467303227935,1.731338660748389,0.9958432667033438,0.005773221416256687,0.9944000244140625
ID06,v0_rot0,47,52,188,208,5.231725187113819,1.209124366596185,1.7311710909819285,0.9957523530130791,0.005940167627455949,0.9946746826171875
ID06,v0_rot0,48,55,192,220,5.292567428401227,0.7750348611481864,1.7317151769965022,0.9953395981358393,0.006360471030646308,0.98260498046875
ID06,v0_rot0,48,60,192,240,5.837821957412075,1.209124366596185,1.7317698628624683,0.9956769472831981,0.005710852325392746,0.9836883544921875
ID06,v2_rot180,0,50,0,200,5.726716130070314,1.4640035013168,1.7300968105619448,0.9959226681326736,0.0038379972556224946,0.9951324462890625
ID06,v2_rot180,2,3,8,12,5.527906391541368,0.2812352343550368,1.7215664244421498,0.9961801735729129,0.0048481368110953596,0.995147705078125
ID06,v2_rot180,2,7,8,28,5.802207085643934,0.2866671855683213,1.7212722362255195,0.9963940838528297,0.004584129360986206,0.995361328125
ID06,v2_rot180,2,46,8,184,6.076507779746499,1.572654734607807,1.7286995383355896,0.9964575826055091,0.00324990689367722,0.998046875
ID06,v2_rot180,3,5,12,20,5.527906391541368,0.2812352343550368,1.7211752727762581,0.9964558509013138,0.004391318787098473,0.995452880859375
ID06,v2_rot180,4,33,16,132,6.076507779746499,1.3063558170526477,1.7219625288908567,0.9966566927210552,0.003141400812318812,0.996490478515625
ID06,v2_rot180,4,54,16,216,5.600520036840076,1.6583930165358785,1.7299683774132848,0.9969462385293085,0.0030339995929267926,0.99639892578125
ID06,v2_rot180,4,60,16,240,5.600520036840076,1.6583930165358785,1.7303478828068768,0.9969446523778243,0.004187414397190752,0.9957733154296875
ID06,v2_rot180,5,2,20,8,5.802207085643934,0.2866671855683213,1.7209641733941026,0.996609651802077,0.0037782593382742246,0.9957733154296875
ID06,v2_rot180,9,53,36,212,5.600520036840076,1.6583930165358785,1.7299669956798631,0.996946704731081,0.002829701945892521,0.9964447021484375
ID06,v2_rot180,10,39,40,156,6.076507779746499,1.569329171597261,1.721530542167338,0.9974354668824131,0.002397832857767477,0.9970245361328125
ID06,v2_rot180,11,2,44,8,5.802207085643934,0.2866671855683213,1.7209641648621758,0.996610273010444,0.0035137369736067355,0.995941162109375
ID06,v2_rot180,11,3,44,12,5.802207085643934,0.2866671855683213,1.7209641648621758,0.996610273010444,0.0035137369736067355,0.995941162109375
ID06,v2_rot180,11,33,44,132,6.076507779746499,1.3063558170526477,1.7219625288908567,0.9966566927210552,0.003141400812318812,0.996490478515625
ID06,v2_rot180,12,36,48,144,6.076507779746499,1.569329171597261,1.7216552128695488,0.9973132642313035,0.0025777490211802002,0.9969940185546875
ID06,v2_rot180,14,58,56,232,5.600520036840076,1.6583930165358785,1.729974185304288,0.9969442789262196,0.003971930025279299,0.9956512451171875
ID06,v2_rot180,16,10,64,40,5.527906391541368,0.2812352343550368,1.7210444177857256,0.9964115563156609,0.0038497558400100917,0.9956817626953125
ID06,v2_rot180,17,10,68,40,5.527906391541368,0.2812352343550368,1.7210444177857256,0.9964115563156609,0.0038497558400100917,0.9956817626953125
ID06,v2_rot180,17,21,68,84,5.527906391541368,0.2704331397760311,1.721608407524666,0.9956939990838296,0.004353329261158554,0.9953155517578125
ID06,v2_rot180,18,33,72,132,6.076507779746499,1.3063558170526477,1.7219625288908567,0.9966566927210552,0.003141400812318812,0.996490478515625
ID06,v2_rot180,19,7,76,28,5.527906391541368,0.2812352343550368,1.7210444100407305,0.9964117754840286,0.0037295979480945216,0.9957427978515625
ID06,v2_rot180,19,12,76,48,6.076507779746499,0.2921206016051191,1.721009381671872,0.9967473963900682,0.0035980125373245345,0.99609375
ID06,v2_rot180,19,57,76,228,5.105529093883581,1.5075935875766102,1.7300008748515923,0.996272020289988,0.004463921357715707,0.9951629638671875
ID06,v2_rot180,20,11,80,44,5.802207085643934,0.2866671855683213,1.7210012087573618,0.9965183397978193,0.003801899914439592,0.995849609375
ID06,v2_rot180,20,26,80,104,5.527906391541368,0.15316106810873648,1.7218884444155482,0.996244217468969,0.0037172083642988286,0.995880126953125
ID06,v2_rot180,20,28,80,112,5.527906391541368,0.15316106810873648,1.7219313839796209,0.9964276990718124,0.0034051825599181016,0.995941162109375
ID06,v2_rot180,21,7,84,28,5.527906391541368,0.2812352343550368,1.722139130641075,0.9961369327551457,0.003933466646221875,0.9957427978515625
ID06,v2_rot180,22,25,88,100,5.527906391541368,0.2024867673621152,1.7246997268152444,0.9950684011237327,0.004460854354217826,0.9962921142578125
ID06,v2_rot180,23,15,92,60,6.076507779746499,0.3417854017746241,1.726349796893639,0.9954507289519884,0.0039326860177751775,0.9960174560546875
ID06,v2_rot180,23,60,92,240,5.105529093883581,1.5075935875766102,1.7295336459118817,0.9962872421695951,0.004247990066351363,0.9951324462890625
ID06,v2_rot180,24,6,96,24,5.802207085643934,0.2862830617595064,1.7289662252244962,0.9942742846672977,0.004784772150053163,0.9954071044921875
ID06,v2_rot180,24,36,96,144,6.076507779746499,1.3175580163388323,1.7288760271781152,0.9956494527469508,0.003237074357986094,0.99713134765625
ID06,v2_rot180,25,31,100,124,6.076507779746499,0.2452828870201415,1.7317126485889545,0.9944890544377615,0.004040533402511832,0.9962921142578125
ID06,v2_rot180,27,37,108,148,6.579524642479541,1.5371847773959204,1.7321127389628326,0.9954664102211842,0.003105098751659097,0.995086669921875
ID06,v2_rot180,27,62,108,248,5.837821957412075,1.7052988027943992,1.7293693121702103,0.9969913558752558,0.0030706791568121624,0.9961090087890625
ID06,v2_rot180,28,23,112,92,6.076507779746499,0.28976342393276144,1.7324189174458888,0.9935719302531529,0.0050965618139664015,0.9929351806640625
ID06,v2_rot180,28,47,112,188,12.047792665040703,1.6675227817070115,1.7380589272489728,0.9956190563416831,0.0029012891810868786,0.998809814453125
ID06,v2_rot180,28,49,112,196,12.65162326513934,1.6343853208061123,1.7341371270747512,0.9968402253056738,0.002241905276294406,0.99932861328125
ID06,v2_rot180,29,5,116,20,5.527906391541368,0.28976342393276144,1.7319665977012118,0.9937099236641221,0.004784333850314227,0.9933319091796875
ID06,v2_rot180,30,2,120,8,6.076507779746499,0.3223856024040886,1.7317966300200367,0.9942299766451436,0.004076191411444375,0.993927001953125
ID06,v2_rot180,30,8,120,32,6.076507779746499,0.3223856024040886,1.7317966300200367,0.9942299766451436,0.004076191411444375,0.993927001953125
ID06,v2_rot180,30,12,120,48,6.32801621111302,0.25635404618688773,1.7317224194011618,0.9944431722769255,0.004028605188940427,0.9940338134765625
ID06,v2_rot180,31,11,124,44,6.32801621111302,0.25635404618688773,1.731755202048764,0.9943830514683436,0.0038481105447612934,0.994171142578125
ID06,v2_rot180,31,17,124,68,6.32801621111302,0.25635404618688773,1.7317181793797234,0.994474632150925,0.003752207478225186,0.994171142578125
ID06,v2_rot180,31,19,124,76,6.076507779746499,0.2616391439481647,1.7318092594391314,0.9943060389570739,0.003956484611362855,0.994171142578125
ID06,v2_rot180,32,14,128,56,6.076507779746499,0.28879988102189424,1.7317970233293034,0.9948104279870565,0.0035604013451529725,0.994903564453125
ID06,v2_rot180,33,11,132,44,6.32801621111302,0.2589475940732538,1.7319359135222225,0.995176750717382,0.0033566073287637447,0.995086669921875
ID06,v2_rot180,33,21,132,84,6.32801621111302,0.2589475940732538,1.7318988908531818,0.9952683313999634,0.003260704262227638,0.995086669921875
ID06,v2_rot180,33,31,132,124,6.32801621111302,0.2589475940732538,1.7319155960058856,0.9953907203907204,0.0030327493183692675,0.995147705078125
ID06,v2_rot180,33,46,132,184,9.91748925385876,1.6831929853205152,1.7319694885052999,0.996443833943834,0.002241597322272937,0.999237060546875
ID06,v2_rot180,35,9,140,36,6.076507779746499,0.2837290160790363,1.731995468739622,0.9951924544427826,0.0031645113875786203,0.9949798583984375
ID06,v2_rot180,36,6,144,24,6.076507779746499,0.2837290160790363,1.7319947924975343,0.9951927479168574,0.003056443727167068,0.9950408935546875
ID06,v2_rot180,38,19,152,76,6.32801621111302,0.2589475940732538,1.7319155960058856,0.9953907203907204,0.0030327493183692675,0.995147705078125
ID06,v2_rot180,39,4,156,16,6.076507779746499,0.2837290160790363,1.7319947924975343,0.9951927479168574,0.003056443727167068,0.9950408935546875
ID06,v2_rot180,40,58,160,232,5.837821957412075,1.8459128945465313,1.7209509679362442,0.9990227515651244,0.0015590435370540277,0.9984283447265625
ID06,v2_rot180,43,58,172,232,6.383076486422923,1.7709347423083268,1.7217688997016933,0.9986257443884563,0.0017629184611303238,0.9984283447265625
ID06,v2_rot180,45,4,180,16,6.076507779746499,0.23516278323801246,1.7331860864890054,0.9940936770294401,0.003919619056376625,0.9943389892578125
ID06,v2_rot180,45,23,180,92,6.32801621111302,0.2254865826754733,1.7331069954688294,0.994291557916266,0.003896002611599595,0.99444580078125
ID06,v2_rot180,45,45,180,180,7.399277020331919,1.4970228262282617,1.7332152843874635,0.9948870573870574,0.003296466650401378,0.9948577880859375
ID06,v2_rot180,46,63,184,252,5.837821957412075,1.8459128945465313,1.7209509648802754,0.9990228410895322,0.00146296836348004,0.9984130859375
ID06,v2_rot180,47,3,188,12,6.32801621111302,0.20388549352373117,1.7329748532525426,0.9935747752697526,0.00425524392970551,0.993377685546875
ID06,v2_rot180,47,28,188,112,6.579524642479541,0.20304638004323833,1.7328957428877783,0.9937726086359265,0.00423165822121433,0.9934844970703125
ID06,v2_rot180,48,2,192,8,6.32801621111302,0.20388549352373117,1.7329748532525426,0.9935747752697526,0.00425524392970551,0.993377685546875
ID06,v2_rot180,48,19,192,76,6.579524642479541,0.20304638004323833,1.7328957428877783,0.9937726086359265,0.00423165822121433,0.9934844970703125
ID06,v2_rot180,48,20,192,80,6.579524642479541,0.20304638004323833,1.7328957428877783,0.9937726086359265,0.00423165822121433,0.9934844970703125
ID06,v4_flipLR,0,59,0,236,6.664637477130073,1.701910353840407,1.7210932898068112,0.9983508680847165,0.0018948664633266171,0.9985198974609375
ID06,v4_flipLR,1,56,4,224,7.135938816894747,1.68711294465506,1.7218266735628407,0.9985343958963085,0.001774585939098384,0.9983673095703125
ID06,v4_flipLR,4,16,16,64,6.383076486422923,0.24554774865123455,1.7331193713277977,0.9947341107515721,0.0035723892284699856,0.99444580078125
ID06,v4_flipLR,4,20,16,80,6.383076486422923,0.24554774865123455,1.7331193713277977,0.9947341107515721,0.0035723892284699856,0.99444580078125
ID06,v4_flipLR,5,31,20,124,6.383076486422923,0.24554774865123455,1.7326598201739598,0.9949783259051224,0.003368595212080758,0.9950714111328125
ID06,v4_flipLR,5,43,20,172,7.225151993843567,1.498233588532918,1.7327379637473699,0.9953295277633627,0.0030328418959607193,0.995452880859375
ID06,v4_flipLR,6,20,24,80,6.176948903932384,0.26452411099921286,1.7321914504097242,0.9952074239140389,0.0031527170697141075,0.9951019287109375
ID06,v4_flipLR,7,50,28,200,,,,,,0.999725341796875
ID06,v4_flipLR,8,17,32,68,6.176948903932384,0.26452411099921286,1.7318482441237404,0.9953753167068592,0.003008866861210042,0.9951019287109375
ID06,v4_flipLR,9,25,36,100,6.176948903932384,0.26452411099921286,1.7318482441237404,0.9953753167068592,0.003008866861210042,0.9951019287109375
ID06,v4_flipLR,10,4,40,16,5.970821321441846,0.2912949469395674,1.731953495379094,0.9951621518504388,0.0030325178991156723,0.9949951171875
ID06,v4_flipLR,10,29,40,116,6.176948903932384,0.26452411099921286,1.7318482441237404,0.9953753167068592,0.003008866861210042,0.9951019287109375
ID06,v4_flipLR,10,51,40,204,,,,,,0.9997711181640625
ID06,v4_flipLR,11,1,44,4,5.970821321441846,0.2912949469395674,1.731953495379094,0.9951621518504388,0.0030325178991156723,0.9949951171875
ID06,v4_flipLR,11,7,44,28,5.970821321441846,0.2912949469395674,1.731953495379094,0.9951621518504388,0.0030325178991156723,0.9949951171875
ID06,v4_flipLR,11,30,44,120,6.176948903932384,0.26452411099921286,1.7318482441237404,0.9953753167068592,0.003008866861210042,0.9951019287109375
ID06,v4_flipLR,13,51,52,204,,,,,,0.9997711181640625
ID06,v4_flipLR,13,59,52,236,6.282549314314218,1.756659409483835,1.720791103464644,0.9991295184862785,0.0015952406916794279,0.9983978271484375
ID06,v4_flipLR,14,41,56,164,7.451076189101377,1.5836720854845676,1.7319267488895902,0.9957263652736652,0.0027451414789525876,0.995452880859375
ID06,v4_flipLR,14,59,56,236,6.282549314314218,1.756659409483835,1.720791103464644,0.9991295184862785,0.0015952406916794279,0.9983978271484375
ID06,v4_flipLR,15,8,60,32,5.8063585784597045,0.34759770210487984,1.7319451885212243,0.9950855450924131,0.0032364814962731188,0.99493408203125
ID06,v4_flipLR,16,15,64,60,6.176948903932384,0.2751091354467306,1.7317187723889353,0.9948865891259884,0.0035365335379040704,0.994873046875
ID06,v4_flipLR,16,33,64,132,6.176948903932384,1.432779550043269,1.7319762185211114,0.9952379498763698,0.0030448294133360583,0.995452880859375
ID06,v4_flipLR,17,15,68,60,6.176948903932384,0.2751091354467306,1.731587375836525,0.9945049912995696,0.0037283455264005617,0.994873046875
ID06,v4_flipLR,19,6,76,24,5.641895835477563,0.32093090301513405,1.731797746292664,0.9938018106040944,0.004664212105729621,0.993621826171875
ID06,v4_flipLR,20,57,80,228,8.900710028396148,1.7555877921525813,1.7285204030121146,0.99754108375588,0.002698921540173894,0.9983978271484375
ID06,v4_flipLR,22,9,88,36,5.752562989156301,0.31235887575251753,1.7321128162647708,0.9934800201554412,0.005372621844254277,0.9927978515625
ID06,v4_flipLR,22,11,88,44,5.863230142835039,0.32093090301513405,1.7320600888811182,0.9935866112875641,0.005348881945933025,0.9929656982421875
ID06,v4_flipLR,22,39,88,156,6.383076486422923,1.5321895402090404,1.732114712564262,0.9954357416538185,0.003093204386520045,0.995025634765625
ID06,v4_flipLR,22,57,88,228,8.900710028396148,1.7555877921525813,1.7292452832319047,0.9973883560388539,0.002842864022316501,0.9966583251953125
ID06,v4_flipLR,23,21,92,84,5.641895835477563,0.29793411464605635,1.7316538721982435,0.9934802192600736,0.005192576378408305,0.995086669921875
ID06,v4_flipLR,23,45,92,180,6.176948903932384,1.0808342271601783,1.7356941549151044,0.9943977163443191,0.00362072761522889,0.99713134765625
ID06,v4_flipLR,24,28,96,112,5.641895835477563,0.24783710069735274,1.7292505415748487,0.9947333872715893,0.004004503130577613,0.996124267578125
ID06,v4_flipLR,25,0,100,0,5.526706107641786,0.28905056396126877,1.7264170383257627,0.9949769458609423,0.004472709318563135,0.9954986572265625
ID06,v4_flipLR,26,1,104,4,5.526706107641786,0.28905056396126877,1.7239560731287555,0.9955571162478244,0.0041609386958214685,0.995880126953125
ID06,v4_flipLR,26,8,104,32,5.526706107641786,0.28905056396126877,1.7239560731287555,0.9955571162478244,0.0041609386958214685,0.995880126953125
ID06,v4_flipLR,26,47,104,188,5.650783622894429,1.6641195263489468,1.731006841625179,0.9966108422515,0.0030095558831314526,0.9969329833984375
ID06,v4_flipLR,27,54,108,216,5.650783622894429,1.6641195263489468,1.7297930520784646,0.9969462851558921,0.003021961357928314,0.99639892578125
ID06,v4_flipLR,28,7,112,28,5.4115163798060095,0.2947704765231791,1.7207972402423743,0.9964577989495542,0.0036933955405889533,0.995849609375
ID06,v4_flipLR,28,23,112,92,5.4115163798060095,0.2832999744277805,1.721479254539111,0.9955871799178513,0.004449202464773073,0.994903564453125
ID06,v4_flipLR,30,9,120,36,5.4115163798060095,0.2947704765231791,1.720797238393184,0.9964575826055091,0.0038015516062571172,0.99578857421875
ID06,v4_flipLR,30,24,120,96,5.4115163798060095,0.2832999744277805,1.721479254539111,0.9955871799178513,0.004437210005299291,0.994903564453125
ID06,v4_flipLR,31,22,124,88,5.4115163798060095,0.2832999744277805,1.721479254539111,0.9955871799178513,0.004437210005299291,0.994903564453125
ID06,v4_flipLR,32,62,128,248,6.018088353032905,1.4674001520010227,1.729763132972361,0.9960884977386627,0.0043801236040836794,0.9952850341796875
ID06,v4_flipLR,33,1,132,4,5.4115163798060095,0.2947704765231791,1.7207972402423743,0.9964577989495542,0.0036933955405889533,0.995849609375
ID06,v4_flipLR,33,5,132,20,5.4115163798060095,0.2947704765231791,1.7207972402423743,0.9964577989495542,0.0036933955405889533,0.995849609375
ID06,v4_flipLR,33,42,132,168,5.970821321441846,1.5741479051227296,1.7213198150534645,0.9973896716481705,0.002397832857767477,0.996978759765625
ID06,v4_flipLR,33,63,132,252,5.650783622894429,1.6641195263489468,1.7297760930094688,0.99648651125844,0.004019253685163074,0.995819091796875
ID06,v4_flipLR,34,1,136,4,5.4115163798060095,0.2947704765231791,1.7207972402423743,0.9964577989495542,0.0036933955405889533,0.995849609375
ID06,v4_flipLR,34,4,136,16,5.4115163798060095,0.2947704765231791,1.7207972402423743,0.9964577989495542,0.0036933955405889533,0.995849609375
ID06,v4_flipLR,34,12,136,48,5.863230142835039,0.306121667975081,1.720741329373268,0.9968086243491273,0.003549876412308093,0.996185302734375
ID06,v4_flipLR,36,26,144,104,5.4115163798060095,0.1740557385606386,1.721599169184726,0.9963053435114504,0.003657197554751477,0.9959259033203125
ID06,v4_flipLR,36,47,144,188,5.650783622894429,1.6641195263489468,1.729867758731697,0.996794039967635,0.002973585095683666,0.9964447021484375
ID06,v4_flipLR,37,22,148,88,5.4115163798060095,0.2832999744277805,1.721479254539111,0.9955871799178513,0.004437210005299291,0.994903564453125
ID06,v4_flipLR,38,64,152,256,5.650783622894429,1.6641195263489468,1.7297974347297924,0.9969447923986435,0.003731307152494675,0.995819091796875
ID06,v4_flipLR,39,7,156,28,5.6373732613205245,0.30046056681902306,1.7206907645248246,0.996671552461219,0.00345356466132993,0.996063232421875
ID06,v4_flipLR,40,63,160,252,5.650783622894429,1.6641195263489468,1.7297974347297924,0.9969447923986435,0.003731307152494675,0.995819091796875
ID06,v4_flipLR,43,9,172,36,5.6373732613205245,0.30046056681902306,1.7206907311094268,0.9966707391569946,0.003826237234633262,0.9958343505859375
ID06,v4_flipLR,44,58,176,232,5.650783622894429,1.6641195263489468,1.7299927423745878,0.9969444189812693,0.004127738078783912,0.995697021484375
ID06,v4_flipLR,45,21,180,84,5.4115163798060095,0.2832999744277805,1.7213458523233698,0.9956939333323154,0.004377381386798831,0.995361328125
ID06,v4_flipLR,45,53,180,212,5.650783622894429,1.6641195263489468,1.7297920939443097,0.9969466115021145,0.0028777508620538247,0.9964141845703125
ID06,v4_flipLR,46,10,184,40,5.4115163798060095,0.30971488855642,1.7210251174520517,0.9963028599364459,0.004643563450788507,0.995391845703125
ID06,v4_flipLR,47,10,188,40,5.6373732613205245,0.30582341186427436,1.7213756843060863,0.9957068430782393,0.005135752584818234,0.9952545166015625
ID06,v4_flipLR,47,38,188,152,6.176948903932384,1.4626993568976423,1.7213682667896653,0.9969766838191507,0.0031060470037095034,0.9967041015625
ID06,v4_flipLR,48,13,192,52,5.695568267188204,0.29999307184325874,1.7218684578849397,0.9948975694709665,0.005279261704194645,0.9938201904296875
ID06,v6_flipLR_rot180,1,54,4,216,5.231725187113819,1.1967994020361186,1.7310555643382741,0.9957063182825273,0.0060244461460083895,0.9946136474609375
ID06,v6_flipLR_rot180,2,58,8,232,5.231725187113819,1.1967994020361186,1.7305867228037666,0.9959365738901959,0.0053630041709489375,0.994842529296875
ID06,v6_flipLR_rot180,3,44,12,176,6.383076486422923,1.5887547808092561,1.7308640874079215,0.9957375947201174,0.00500352960976436,0.994873046875
ID06,v6_flipLR_rot180,4,57,16,228,5.170882945826411,1.3574410843900728,1.7298148738374741,0.9959665714329367,0.005207749116381106,0.994720458984375
ID06,v6_flipLR_rot180,5,42,20,168,5.292567428401227,1.748082315709661,1.7290919489274508,0.9967306282082621,0.004115613084290589,0.9961090087890625
ID06,v6_flipLR_rot180,8,44,32,176,5.837821957412075,1.6757793195732906,1.7289349118353785,0.9969750672207285,0.00371965030941715,0.9961090087890625
ID06,v6_flipLR_rot180,10,28,40,112,4.787307364817192,0.29923560244602687,1.7286071527256297,0.9970818309600928,0.003791875261773417,0.9958038330078125
ID06,v6_flipLR_rot180,12,18,48,72,4.650412016599621,0.05955586270647217,1.7217018835853684,0.9987623951473666,0.0029640383559591393,0.9976654052734375
ID06,v6_flipLR_rot180,13,33,52,132,5.03993739660921,1.6876220209352337,1.7286071527256297,0.9970818309600928,0.003791875261773417,0.9958038330078125
ID06,v6_flipLR_rot180,14,0,56,0,4.787307364817192,0.101526228775037,1.7206241195052754,0.997937860874347,0.003179215368287719,0.9968719482421875
ID06,v6_flipLR_rot180,14,54,56,216,5.170882945826411,1.3574410843900728,1.7293452809017216,0.9959663249247506,0.004692060717328031,0.9946746826171875
ID06,v6_flipLR_rot180,15,12,60,48,5.03993739660921,0.10804933792496611,1.7210341839463286,0.9985483550570725,0.003300345261285367,0.99749755859375
ID06,v6_flipLR_rot180,15,16,60,64,5.03993739660921,0.10804933792496611,1.7210424046037847,0.9985638769211965,0.002999809650279006,0.9976654052734375
ID06,v6_flipLR_rot180,15,36,60,144,5.641895835477563,1.5887547808092561,1.728440116022959,0.9968679337529793,0.0039238709196199595,0.9960479736328125
ID06,v6_flipLR_rot180,15,44,60,176,5.859201807612031,1.4788927777807712,1.7289032205822314,0.9966236861403079,0.0039836254926661095,0.9961090087890625
ID06,v6_flipLR_rot180,16,22,64,88,4.787307364817192,0.2661055544908472,1.7284622245021648,0.9960732184329544,0.004488126651855605,0.9949188232421875
ID06,v6_flipLR_rot180,17,49,68,196,5.170882945826411,0.41359130561990426,1.7291368158584726,0.9948196821515892,0.005664852278783551,0.9933624267578125
ID06,v6_flipLR_rot180,18,30,72,120,4.787307364817192,0.2661055544908472,1.7283988209555812,0.9959352699378066,0.0048126505328827,0.9944915771484375
ID06,v6_flipLR_rot180,18,40,72,160,5.292567428401227,1.4215932952174626,1.7281577340894732,0.9961799984719993,0.004476331498926552,0.9947967529296875
ID06,v6_flipLR_rot180,18,53,72,212,5.170882945826411,0.41359130561990426,1.7291368158584726,0.9948196821515892,0.005664852278783551,0.9933624267578125
ID06,v6_flipLR_rot180,20,11,80,44,4.787307364817192,0.16976725811269938,1.7206888090034487,0.9974479270137689,0.004224829278785729,0.9962921142578125
ID06,v6_flipLR_rot180,21,51,84,204,5.170882945826411,0.41359130561990426,1.7291368158584726,0.9948196821515892,0.005664852278783551,0.9933624267578125
ID06,v6_flipLR_rot180,22,32,88,128,5.03993739660921,1.1819511042564315,1.728413530787188,0.9959046454767726,0.004908738521234052,0.994476318359375
ID06,v6_flipLR_rot180,25,44,100,176,5.467231631939395,1.5701149035595012,1.7282236804487583,0.9963192058037419,0.003706575524853937,0.995574951171875
ID06,v6_flipLR_rot180,25,57,100,228,5.231725187113819,1.1819511042564315,1.7284635421650352,0.9956467281725423,0.004402778853285018,0.9951171875
ID06,v6_flipLR_rot180,28,19,112,76,4.51351666838205,0.17932529738378972,1.7244756002747073,0.9972652132064229,0.0038878127043951113,0.9969482421875
ID06,v6_flipLR_rot180,29,20,116,80,4.652426491681278,0.2661055544908472,1.726536529889334,0.9966391689581424,0.004079367179271806,0.9969482421875
ID06,v6_flipLR_rot180,29,34,116,136,4.719866928249235,1.1819511042564315,1.7267248332366765,0.9965933394439352,0.004163354150609755,0.9969482421875
ID06,v6_flipLR_rot180,29,36,116,144,4.787307364817192,1.4215932952174626,1.7265892514428571,0.9967309778042558,0.00392321157647779,0.99725341796875
ID06,v6_flipLR_rot180,29,42,116,168,5.147161163579421,1.5701149035595012,1.726351941393679,0.9971132697947214,0.0033348712338784614,0.997650146484375
ID06,v6_flipLR_rot180,29,49,116,196,5.170882945826411,1.4215932952174626,1.726671522196973,0.9967920810228679,0.003731250153775513,0.9971923828125
ID06,v6_flipLR_rot180,30,7,120,28,4.652426491681278,0.13991632097709447,1.7210237747339705,0.9976321779380088,0.0036593764201008497,0.99676513671875
ID06,v6_flipLR_rot180,30,35,120,140,4.719866928249235,1.1819511042564315,1.7254718048123052,0.9968528477144952,0.004163608572154036,0.9966278076171875
ID06,v6_flipLR_rot180,30,54,120,216,5.170882945826411,1.4215932952174626,1.72541868206023,0.9970514994576593,0.0037795869268404635,0.9968719482421875
ID06,v6_flipLR_rot180,31,20,124,80,4.582971580031664,0.17455299163119078,1.7241536008307115,0.9971736739183573,0.0040076232365978326,0.9966278076171875
ID06,v6_flipLR_rot180,32,7,128,28,4.652426491681278,0.125193456780932,1.7212846643419362,0.9982587710589421,0.0031189919580170847,0.9975738525390625
ID06,v6_flipLR_rot180,32,25,128,100,4.582971580031664,0.17455299163119078,1.7230236507586278,0.9974487457606405,0.0038275232076107734,0.9966583251953125
ID06,v6_flipLR_rot180,32,58,128,232,5.170882945826411,1.6728526480769754,1.722778304087661,0.9978317631430272,0.0025663863273893196,0.9979400634765625
ID06,v6_flipLR_rot180,33,7,132,28,4.652426491681278,0.125193456780932,1.721284656533476,0.9982588242481634,0.003070913656465211,0.9975738525390625
ID06,v6_flipLR_rot180,33,60,132,240,5.00604477892294,1.7599897341099753,1.7214394253628347,0.9984732824427481,0.001906539053132737,0.9983062744140625
ID06,v6_flipLR_rot180,33,62,132,248,5.641895835477563,1.8317968402190392,1.721509649882423,0.9986870229007634,0.0017506585016187396,0.9983062744140625
ID06,v6_flipLR_rot180,33,64,132,256,5.641895835477563,1.8317968402190392,1.721509649882423,0.9986870229007634,0.0017506585016187396,0.9983062744140625
ID06,v6_flipLR_rot180,34,24,136,96,4.582971580031664,0.17455299163119078,1.7213916053189564,0.9978461444458022,0.003395265798629443,0.9967498779296875
ID06,v6_flipLR_rot180,34,62,136,248,5.641895835477563,1.8317968402190392,1.7208196451031317,0.9988550667114463,0.0014747347433500158,0.9983978271484375
ID06,v6_flipLR_rot180,35,6,140,24,4.652426491681278,0.05986947138095191,1.7214031024413972,0.9986254715396246,0.002770850462678659,0.99774169921875
ID06,v6_flipLR_rot180,36,29,144,116,4.582971580031664,0.17455299163119078,1.7213916053189564,0.9978461444458022,0.003395265798629443,0.9967498779296875
ID06,v6_flipLR_rot180,39,7,156,28,4.652426491681278,0.125193456780932,1.7212846370144133,0.9982589572070009,0.002950730752249187,0.997650146484375
ID06,v6_flipLR_rot180,41,41,164,164,4.652426491681278,1.6728526480769754,1.721019713694396,0.9983658134278209,0.002566974264876503,0.9974517822265625
ID06,v6_flipLR_rot180,41,54,164,216,4.652426491681278,1.6728526480769754,1.721019713409428,0.9983657635091793,0.0026150349699215524,0.9974517822265625
ID06,v6_flipLR_rot180,42,22,168,88,4.582971580031664,0.17455299163119078,1.7213916053189564,0.9978461444458022,0.003395265798629443,0.9967498779296875
ID06,v6_flipLR_rot180,42,30,168,120,4.582971580031664,0.17455299163119078,1.7213916053189564,0.9978461444458022,0.003395265798629443,0.9967498779296875
ID06,v6_flipLR_rot180,43,7,172,28,4.652426491681278,0.125193456780932,1.721284629207623,0.9982590103848503,0.002902662729721785,0.997711181640625
ID06,v6_flipLR_rot180,43,13,172,52,4.582971580031664,0.17455299163119078,1.7213915942425924,0.9978462102465402,0.003347173916046315,0.9968109130859375
ID06,v6_flipLR_rot180,43,61,172,244,5.641895835477563,1.8317968402190392,1.7208196451031317,0.9988550667114463,0.0014747347433500158,0.9983978271484375
ID06,v6_flipLR_rot180,44,5,176,20,4.652426491681278,0.05986947138095191,1.7214119424667096,0.9986409308859909,0.0025186087761271746,0.9978790283203125
ID06,v6_flipLR_rot180,44,19,176,76,4.582971580031664,0.17455299163119078,1.7213915831669049,0.9978462760432578,0.0032990849718075744,0.9968109130859375
ID06,v6_flipLR_rot180,44,34,176,136,4.652426491681278,1.4075044973103357,1.7213915831669049,0.9978462760432578,0.0032990849718075744,0.9968109130859375
ID06,v6_flipLR_rot180,45,9,180,36,4.652426491681278,0.16976725811269938,1.7212036541100058,0.99752596212584,0.0033464582710428844,0.9970245361328125
ID06,v6_flipLR_rot180,45,18,180,72,4.582971580031664,0.17455299163119078,1.7213915831669049,0.9978462760432578,0.0032990849718075744,0.9968109130859375
ID06,v6_flipLR_rot180,46,15,184,60,4.582971580031664,0.17455299163119078,1.7213916274737149,0.9978460128322639,0.0034074714085682144,0.9968109130859375
ID06,v6_flipLR_rot180,46,36,184,144,4.719866928249235,1.5617115553260832,1.721256290086924,0.9979835937858027,0.003167363474587574,0.9971160888671875
ID07,v0_rot0,2,39,8,156,,,,,,0.999603271484375
ID07,v0_rot0,3,6,12,24,,,,,,0.99908447265625
ID07,v0_rot0,3,59,12,236,,,,,,0.9996795654296875
ID07,v0_rot0,5,5,20,20,,,,,,0.99908447265625
ID07,v0_rot0,5,26,20,104,,,,,,0.999603271484375
ID07,v0_rot0,5,41,20,164,,,,,,0.999603271484375
ID07,v0_rot0,5,52,20,208,,,,,,0.9996185302734375
ID07,v0_rot0,5,62,20,248,,,,,,0.9996795654296875
ID07,v0_rot0,7,31,28,124,,,,,,0.99932861328125
ID07,v0_rot0,8,46,32,184,,,,,,0.9991607666015625
ID07,v0_rot0,9,28,36,112,,,,,,0.9992523193359375
ID07,v0_rot0,10,18,40,72,,,,,,0.999420166015625
ID07,v0_rot0,10,46,40,184,,,,,,0.9991607666015625
ID07,v0_rot0,10,53,40,212,,,,,,0.9996795654296875
ID07,v0_rot0,11,23,44,92,,,,,,0.9992523193359375
ID07,v0_rot0,11,27,44,108,,,,,,0.9992523193359375
ID07,v0_rot0,12,16,48,64,,,,,,0.999420166015625
ID07,v0_rot0,12,51,48,204,,,,,,0.9996185302734375
ID07,v0_rot0,13,19,52,76,,,,,,0.9992523193359375
ID07,v0_rot0,15,8,60,32,,,,,,0.9985504150390625
ID07,v0_rot0,16,8,64,32,,,,,,0.9985504150390625
ID07,v0_rot0,17,4,68,16,,,,,,0.9985504150390625
ID07,v0_rot0,17,48,68,192,,,,,,0.9996185302734375
ID07,v0_rot0,17,51,68,204,,,,,,0.9996185302734375
ID07,v0_rot0,17,61,68,244,7.48482063701911,1.860915909521293,1.7169824165965337,0.999236582945263,0.0015829079711193706,0.99920654296875
ID07,v0_rot0,18,2,72,8,,,,,,0.9985504150390625
ID07,v0_rot0,18,37,72,148,,,,,,0.9992523193359375
ID07,v0_rot0,19,61,76,244,14.50646153405567,1.7819018310393655,1.7171105521757448,0.9991602412397893,0.001882701147467736,0.99853515625
ID07,v0_rot0,20,0,80,0,,,,,,0.99847412109375
ID07,v0_rot0,20,2,80,8,,,,,,0.9985504150390625
ID07,v0_rot0,20,32,80,128,,,,,,0.9992523193359375
ID07,v0_rot0,20,44,80,176,,,,,,0.9991607666015625
ID07,v0_rot0,22,53,88,212,,,,,,0.999847412109375
ID07,v0_rot0,23,0,92,0,,,,,,0.99847412109375
ID07,v0_rot0,24,12,96,48,,,,,,0.999237060546875
ID07,v0_rot0,24,54,96,216,,,,,,0.9998016357421875
ID07,v0_rot0,26,27,104,108,,,,,,0.999420166015625
ID07,v0_rot0,26,52,104,208,,,,,,0.9997406005859375
ID07,v0_rot0,27,7,108,28,,,,,,0.9985504150390625
ID07,v0_rot0,27,32,108,128,,,,,,0.9993133544921875
ID07,v0_rot0,27,61,108,244,21.528102431092233,1.5393647652649691,1.7169705340194923,0.9993281211825067,0.0024345807960188433,0.9930419921875
ID07,v0_rot0,29,3,116,12,,,,,,0.9985504150390625
ID07,v0_rot0,29,39,116,156,,,,,,0.9993133544921875
ID07,v0_rot0,30,26,120,104,,,,,,0.999359130859375
ID07,v0_rot0,31,22,124,88,,,,,,0.9992828369140625
ID07,v0_rot0,31,39,124,156,,,,,,0.999420166015625
ID07,v0_rot0,31,62,124,248,21.528102431092233,1.5393647652649691,1.7169705340194923,0.9993281211825067,0.0024345807960188433,0.9930419921875
ID07,v0_rot0,34,2,136,8,,,,,,0.9986724853515625
ID07,v0_rot0,34,15,136,60,,,,,,0.9993438720703125
ID07,v0_rot0,34,22,136,88,,,,,,0.9993438720703125
ID07,v0_rot0,35,4,140,16,,,,,,0.9986724853515625
ID07,v0_rot0,35,47,140,188,,,,,,0.999603271484375
ID07,v0_rot0,37,23,148,92,,,,,,0.999481201171875
ID07,v0_rot0,38,23,152,92,,,,,,0.999481201171875
ID07,v0_rot0,38,27,152,108,,,,,,0.9995269775390625
ID07,v0_rot0,39,48,156,192,,,,,,0.9997406005859375
ID07,v0_rot0,40,13,160,52,,,,,,0.9993438720703125
ID07,v0_rot0,40,50,160,200,,,,,,0.9997406005859375
ID07,v0_rot0,42,5,168,20,,,,,,0.9986724853515625
ID07,v0_rot0,42,21,168,84,,,,,,0.9993438720703125
ID07,v0_rot0,42,23,168,92,,,,,,0.999481201171875
ID07,v0_rot0,43,7,172,28,,,,,,0.9986724853515625
ID07,v0_rot0,44,35,176,140,,,,,,0.999481201171875
ID07,v0_rot0,44,61,176,244,21.528102431092233,1.5393647652649691,1.7175037609946149,0.9990838575703903,0.0025543548647721324,0.99310302734375
ID07,v0_rot0,45,18,180,72,,,,,,0.9993438720703125
ID07,v0_rot0,45,35,180,140,,,,,,0.999481201171875
ID07,v0_rot0,45,41,180,164,,,,,,0.999481201171875
ID07,v0_rot0,45,49,180,196,,,,,,0.9997406005859375
ID07,v0_rot0,46,7,184,28,,,,,,0.9986724853515625
ID07,v0_rot0,46,62,184,248,14.50646153405567,1.6234225345539979,1.7183372575724019,0.9987020919224309,0.0028422562944754198,0.9924774169921875
ID07,v0_rot0,48,7,192,28,4.652426491681278,0.19211955061869926,1.7162180924227155,0.9989770055272239,0.001918705624081469,0.9983673095703125
ID07,v0_rot0,48,40,192,160,,,,,,0.999481201171875
ID07,v0_rot0,48,56,192,224,14.50646153405567,1.6234225345539979,1.7185603346806249,0.9987020919224309,0.002326572662988318,0.9980010986328125
ID07,v2_rot180,1,41,4,164,7.653039857325812,1.3079476700533683,1.7223733955443354,0.9950969160976951,0.005422413200990493,0.9886016845703125
ID07,v2_rot180,1,63,4,252,14.51638658545432,1.6308194332097214,1.7187920771476484,0.9986102626756261,0.0032505024783248087,0.9924163818359375
ID07,v2_rot180,2,12,8,48,9.058598885617396,0.4257299218656207,1.726338360910418,0.9895984481678911,0.007053720274284792,0.9837646484375
ID07,v2_rot180,5,33,20,132,10.464157913908982,0.5447075680094344,1.7257817041731043,0.9904537887003406,0.006537886988920428,0.9864654541015625
ID07,v2_rot180,7,53,28,212,9.058598885617396,1.449836541093436,1.7210428383325218,0.9956779376279056,0.004749956820693814,0.98931884765625
ID07,v2_rot180,8,12,32,48,9.058598885617396,0.4257299218656207,1.726245765112107,0.990163583876831,0.006717828832652182,0.9837646484375
ID07,v2_rot180,9,61,36,244,15.952276760345658,1.5634886660150689,1.7192827172061835,0.9973883959252867,0.0033945916923725566,0.992919921875
ID07,v2_rot180,10,18,40,72,9.058598885617396,0.4257299218656207,1.7260648878875042,0.9902260232131949,0.006441032586200821,0.9839019775390625
ID07,v2_rot180,11,54,44,216,9.058598885617396,1.449836541093436,1.7210433198247346,0.995677607563423,0.004846285614109161,0.9892425537109375
ID07,v2_rot180,12,27,48,108,9.058598885617396,0.4257299218656207,1.7260659258870903,0.9902251275315392,0.006585569717829964,0.9838104248046875
ID07,v2_rot180,12,63,48,252,21.37973331358283,1.5353734833923576,1.7174622355979292,0.9991907037823146,0.00257845752921027,0.993133544921875
ID07,v2_rot180,13,10,52,40,7.211657429949444,0.43012079760930494,1.7268566948684794,0.9897363839081162,0.006621556437599528,0.98992919921875
ID07,v2_rot180,13,18,52,72,9.058598885617396,0.4257299218656207,1.7260648878875042,0.9902260232131949,0.006441032586200821,0.9839019775390625
ID07,v2_rot180,13,40,52,160,9.058598885617396,1.449836541093436,1.7210428383325218,0.9956779376279056,0.004749956820693814,0.98931884765625
ID07,v2_rot180,13,42,52,168,9.058598885617396,1.449836541093436,1.7210428383325218,0.9956779376279056,0.004749956820693814,0.98931884765625
ID07,v2_rot180,14,8,56,32,6.090895691189543,0.42380901462186366,1.7248096335926764,0.9902114988165228,0.00609272760183101,0.98944091796875
ID07,v2_rot180,15,4,60,16,6.090895691189543,0.42380901462186366,1.725040588059853,0.9902123955963414,0.005468561520044531,0.989532470703125
ID07,v2_rot180,15,16,60,64,9.058598885617396,0.4257299218656207,1.7260648878875042,0.9902260232131949,0.006441032586200821,0.9839019775390625
ID07,v2_rot180,19,39,76,156,9.058598885617396,1.449836541093436,1.7210431272190247,0.9956777395952654,0.004846137579420681,0.9892730712890625
ID07,v2_rot180,19,55,76,220,9.058598885617396,1.449836541093436,1.721043608755363,0.9956774095005346,0.00496647074456306,0.98919677734375
ID07,v2_rot180,20,12,80,48,9.058598885617396,0.4257299218656207,1.7262462924479676,0.9901631331337447,0.006814110050860736,0.9837188720703125
ID07,v2_rot180,20,60,80,240,10.464157913908982,1.5496082723477456,1.7206790837998596,0.9963038763478633,0.0041624639200127465,0.9911956787109375
ID07,v2_rot180,20,61,80,244,15.952276760345658,1.5634886660150689,1.7192829254488509,0.9973882762623332,0.003490711817647577,0.9928741455078125
ID07,v2_rot180,21,53,84,212,9.058598885617396,1.449836541093436,1.7209845031352249,0.9952653684612448,0.005098040770430172,0.9892730712890625
ID07,v2_rot180,23,21,92,84,9.850169728508682,0.4257299218656207,1.7260332104359843,0.989553583701147,0.006777188361097153,0.983184814453125
ID07,v2_rot180,23,36,92,144,9.850169728508682,1.087014849656312,1.7229464920580457,0.992133561434594,0.006154293056499221,0.9881439208984375
ID07,v2_rot180,23,61,92,244,15.952276760345658,1.5634886660150689,1.7192065888479906,0.9968539531758274,0.0036463758101501894,0.992950439453125
ID07,v2_rot180,24,17,96,68,9.23618154310838,0.406754960636634,1.7274696230282087,0.9889725535717013,0.007173462369399204,0.983123779296875
ID07,v2_rot180,24,42,96,168,9.23618154310838,1.3079476700533683,1.7208976526407065,0.9946544482626957,0.005349943961439663,0.988250732421875
ID07,v2_rot180,27,25,108,100,9.850169728508682,0.4257299218656207,1.7263021578952424,0.9896286792222273,0.006718034054324505,0.9898681640625
ID07,v2_rot180,27,49,108,196,8.444610700217096,1.1196482831615533,1.7202874922263132,0.994853390348198,0.004893745428621852,0.99493408203125
ID07,v2_rot180,28,14,112,56,8.444610700217096,0.4257299218656207,1.7265689748745552,0.9899515904891346,0.00629681040550464,0.99072265625
ID07,v2_rot180,28,46,112,184,8.444610700217096,1.449836541093436,1.719745350026753,0.9956633276325434,0.004293497167363281,0.9965667724609375
ID07,v2_rot180,28,47,112,188,7.653039857325812,1.34471660094701,1.7196872921979307,0.9955258978744197,0.0044254202646844985,0.996368408203125
ID07,v2_rot180,30,5,120,20,6.090895691189543,0.34197062020373037,1.7237706613351398,0.992687246190956,0.004376512620073717,0.99609375
ID07,v2_rot180,30,12,120,48,7.48482063701911,0.3155407980187759,1.7253377787785271,0.9926388613143146,0.00500177208168628,0.995758056640625
ID07,v2_rot180,31,19,124,76,7.48482063701911,0.3155407980187759,1.7232196050354815,0.9945940167677108,0.004149897905342106,0.99652099609375
ID07,v2_rot180,31,54,124,216,5.4115163798060095,1.5899360995372576,1.7183807670281321,0.997205594918153,0.0031661543357092347,0.9970703125
ID07,v2_rot180,33,3,132,12,5.4115163798060095,0.2379462666404026,1.7195113731290617,0.9963665231595982,0.0034052865317833855,0.99615478515625
ID07,v2_rot180,33,5,132,20,5.4115163798060095,0.2379462666404026,1.7195110816453674,0.9963667450309895,0.003321150600877678,0.99615478515625
ID07,v2_rot180,33,15,132,60,5.4115163798060095,0.20337863788803598,1.7189849058325242,0.9968551058730134,0.0029256240457532843,0.9968719482421875
ID07,v2_rot180,33,21,132,84,5.4115163798060095,0.20337863788803598,1.7189849058325242,0.9968551058730134,0.0029256240457532843,0.9968719482421875
ID07,v2_rot180,33,24,132,96,5.4115163798060095,0.20337863788803598,1.7186831482737421,0.9969769607768295,0.0029618661367569465,0.9974517822265625
ID07,v2_rot180,33,49,132,196,5.3520419041036185,1.6816244514100547,1.7168542170885777,0.9975728155339806,0.002421848156046354,0.9974212646484375
ID07,v2_rot180,33,60,132,240,5.4115163798060095,1.7584098547889928,1.7166226597733087,0.9980461594822323,0.0017023833679698018,0.9991302490234375
ID07,v2_rot180,34,23,136,92,5.4115163798060095,0.20337863788803598,1.717777563391423,0.9972828575789956,0.0025416640305336445,0.9969635009765625
ID07,v2_rot180,38,17,152,68,5.4115163798060095,0.20337863788803598,1.7175697725585999,0.9973292636398321,0.0021455363792162265,0.997161865234375
ID07,v2_rot180,39,32,156,128,5.3520419041036185,0.18528980067489875,1.715908712025713,0.9980007020435572,0.0017260707771199816,0.997802734375
ID07,v2_rot180,40,35,160,140,5.4115163798060095,1.7040045505538564,1.715908712025713,0.9980007020435572,0.0017260707771199816,0.997802734375
ID07,v2_rot180,40,42,160,168,5.4115163798060095,1.7040045505538564,1.715908712025713,0.9980007020435572,0.0017260707771199816,0.997802734375
ID07,v2_rot180,42,46,168,184,5.4115163798060095,1.7040045505538564,1.715882922329515,0.9979396547777116,0.001809976995452203,0.997802734375
ID07,v2_rot180,43,20,172,80,5.4115163798060095,0.20337863788803598,1.7175700751193477,0.9973289782960408,0.0022896158186897133,0.9970550537109375
ID07,v2_rot180,44,6,176,24,5.3520419041036185,0.2272531814070998,1.7192036673488116,0.9963363812605901,0.003368955165163305,0.9959259033203125
ID07,v2_rot180,44,42,176,168,5.4115163798060095,1.7040045505538564,1.715908712025713,0.9980007020435572,0.0017260707771199816,0.997802734375
ID07,v2_rot180,45,24,180,96,5.4115163798060095,0.20337863788803598,1.7172682570736182,0.9974508486994749,0.002325791361874236,0.9976348876953125
ID07,v2_rot180,45,40,180,160,5.4115163798060095,1.7040045505538564,1.715908712025713,0.9980007020435572,0.0017260707771199816,0.997802734375
ID07,v2_rot180,46,8,184,32,5.3520419041036185,0.2272531814070998,1.7192040082269977,0.9963361016121153,0.0035130932748450834,0.995880126953125
ID07,v2_rot180,46,42,184,168,5.4115163798060095,1.7040045505538564,1.715908712025713,0.9980007020435572,0.0017260707771199816,0.997802734375
ID07,v2_rot180,46,49,184,196,5.3520419041036185,1.6816244514100547,1.71582489551307,0.997802298429559,0.0019418296242599792,0.9976043701171875
ID07,v4_flipLR,0,18,0,72,5.4115163798060095,0.21554420714280823,1.7174541620483186,0.9972220526283656,0.0022896857135495546,0.996917724609375
ID07,v4_flipLR,1,8,4,32,5.3520419041036185,0.22562020520729287,1.7190539074762916,0.996183555704821,0.003524975728007355,0.9957427978515625
ID07,v4_flipLR,1,28,4,112,5.3520419041036185,0.19655240415688746,1.7158013766219278,0.997924329604249,0.0017381104331837122,0.9976959228515625
ID07,v4_flipLR,2,20,8,80,5.4115163798060095,0.21554420714280823,1.7174541620483186,0.9972220526283656,0.0022896857135495546,0.996917724609375
ID07,v4_flipLR,2,35,8,140,5.4115163798060095,1.7041440399406138,1.7158013766219278,0.997924329604249,0.0017381104331837122,0.9976959228515625
ID07,v4_flipLR,2,38,8,152,5.4115163798060095,1.7041440399406138,1.7158013766219278,0.997924329604249,0.0017381104331837122,0.9976959228515625
ID07,v4_flipLR,4,11,16,44,5.292567428401227,0.2432548675753083,1.7181960480303973,0.9964890856357808,0.0030931571692343405,0.9963836669921875
ID07,v4_flipLR,6,5,24,20,5.4115163798060095,0.2432548675753083,1.7190159054693823,0.996473928440591,0.0030451082779178146,0.9961090087890625
ID07,v4_flipLR,7,43,28,172,5.4115163798060095,1.7041440399406138,1.7158013766219278,0.997924329604249,0.0017381104331837122,0.9976959228515625
ID07,v4_flipLR,9,23,36,92,5.4115163798060095,0.21554420714280823,1.7174541620483186,0.9972220526283656,0.0023136614801835815,0.996917724609375
ID07,v4_flipLR,10,15,40,60,5.4115163798060095,0.21554420714280823,1.7174538652385054,0.9972223494040261,0.0021456018687810883,0.9970245361328125
ID07,v4_flipLR,11,20,44,80,5.4115163798060095,0.21554420714280823,1.7174538652385054,0.9972223494040261,0.0021456018687810883,0.9970245361328125
ID07,v4_flipLR,11,21,44,84,5.4115163798060095,0.21554420714280823,1.7174538652385054,0.9972223494040261,0.0021456018687810883,0.9970245361328125
ID07,v4_flipLR,11,39,44,156,5.4115163798060095,1.7041440399406138,1.7158013766219278,0.997924329604249,0.0017381104331837122,0.9976959228515625
ID07,v4_flipLR,12,48,48,192,5.3520419041036185,1.68182904978247,1.7158054116075296,0.9977259199340669,0.001929901929259156,0.99749755859375
ID07,v4_flipLR,14,23,56,92,5.4115163798060095,0.21554420714280823,1.717585981532755,0.997191139878181,0.0025417804301869885,0.9968109130859375
ID07,v4_flipLR,15,42,60,168,5.4115163798060095,1.7041440399406138,1.716715348767167,0.9977101683789519,0.002158115459592726,0.9975433349609375
ID07,v4_flipLR,16,14,64,56,6.490456972933245,0.20406720314517585,1.7204942215061507,0.9959075847114695,0.0035140052510490988,0.9965057373046875
ID07,v4_flipLR,16,24,64,96,6.490456972933245,0.20406720314517585,1.7201713114698471,0.9960445937690898,0.0035743532787483137,0.997100830078125
ID07,v4_flipLR,16,52,64,208,5.4115163798060095,1.5902372256541848,1.7174627363344064,0.9973279179136383,0.002818184944701648,0.9970855712890625
ID07,v4_flipLR,16,61,64,244,7.569397566060481,1.837510592229489,1.7162674592951326,0.9988549268679959,0.0015708442915060878,0.9992523193359375
ID07,v4_flipLR,16,63,64,252,7.569397566060481,1.837510592229489,1.7163366041961048,0.9994045619713579,0.0013190295577532034,0.9992523193359375
ID07,v4_flipLR,17,25,68,100,6.490456972933245,0.3461678354599124,1.7218722066266972,0.9949597544025781,0.004042569930581157,0.9970245361328125
ID07,v4_flipLR,19,36,76,144,8.572006147847432,1.4499197057923447,1.72076303139808,0.9942727980817692,0.0043901786551532,0.996337890625
ID07,v4_flipLR,21,35,84,140,9.958190310643602,1.087265526915161,1.7230681023789458,0.9915074309978769,0.0057343219249412734,0.99493408203125
ID07,v4_flipLR,21,51,84,204,8.572006147847432,1.1198989604204026,1.7200421775840655,0.9948378031645183,0.004906039599693878,0.994842529296875
ID07,v4_flipLR,21,61,84,244,10.524820207108489,1.6790610687865246,1.7185058147664183,0.9970220824043249,0.0032623973068034873,0.998291015625
ID07,v4_flipLR,22,56,88,224,9.574614729634384,1.3080787261202091,1.720409456322947,0.9947460060482023,0.00515809650030398,0.989501953125
ID07,v4_flipLR,23,39,92,156,9.574614729634384,1.3080787261202091,1.7205752486589814,0.9946236559139785,0.00533819316214358,0.9881439208984375
ID07,v4_flipLR,23,60,92,240,9.958190310643602,1.443698602808175,1.7202725176084894,0.995403036134274,0.004378116766548591,0.991241455078125
ID07,v4_flipLR,24,7,96,28,7.653039857325812,0.4119634087983044,1.7264026938124908,0.9886846043429129,0.006620343068677144,0.987945556640625
ID07,v4_flipLR,24,63,96,252,21.43920417481474,1.5374594059260431,1.7172071620495342,0.9992059977706861,0.0025064240300204104,0.9931488037109375
ID07,v4_flipLR,26,5,104,20,6.863662517577698,0.4119634087983044,1.7247666627747402,0.9891895193306053,0.005840238587530649,0.9887237548828125
ID07,v4_flipLR,26,56,104,224,9.574614729634384,1.3080787261202091,1.7205752486589814,0.9946236559139785,0.005290209403382739,0.9881439208984375
ID07,v4_flipLR,27,5,108,20,6.137589448691854,0.4230360344150501,1.7247865853184137,0.9895865143834361,0.005804261758449353,0.989471435546875
ID07,v4_flipLR,27,23,108,92,8.95558172885665,0.43057263793968586,1.7256150680417426,0.9896436372523562,0.0069941669736006285,0.983642578125
ID07,v4_flipLR,27,25,108,100,8.95558172885665,0.43057263793968586,1.7256150680417426,0.9896436372523562,0.0069941669736006285,0.983642578125
ID07,v4_flipLR,28,19,112,76,8.95558172885665,0.43057263793968586,1.7256830687521398,0.9901945810550753,0.006573574144573444,0.9837493896484375
ID07,v4_flipLR,28,37,112,148,7.569397566060481,1.3080787261202091,1.7215260164772015,0.9940884442068281,0.005698680632609607,0.9891357421875
ID07,v4_flipLR,29,9,116,36,6.863662517577698,0.440788051170527,1.7253910924938591,0.989921048210986,0.006476719274233344,0.9893341064453125
ID07,v4_flipLR,29,23,116,92,8.95558172885665,0.43057263793968586,1.7256842456842783,0.9901935326194877,0.006742233000280537,0.983642578125
ID07,v4_flipLR,29,43,116,172,8.95558172885665,1.4499197057923447,1.7207135933780637,0.9957233626588465,0.0048823474539155896,0.9892425537109375
ID07,v4_flipLR,29,56,116,224,8.95558172885665,1.4499197057923447,1.7207140545033928,0.9957230360334214,0.005002688898784669,0.989166259765625
ID07,v4_flipLR,29,60,116,240,10.341765891652821,1.5496656392245494,1.7203939947880877,0.9963649137812534,0.004162527495286829,0.9911651611328125
ID07,v4_flipLR,30,5,120,20,6.137589448691854,0.4230360344150501,1.7248557365540436,0.9901361998412019,0.0055524239548802685,0.989471435546875
ID07,v4_flipLR,30,31,120,124,8.95558172885665,0.43057263793968586,1.7256842456842783,0.9901935326194877,0.006742233000280537,0.983642578125
ID07,v4_flipLR,31,32,124,128,8.95558172885665,0.43057263793968586,1.7255920923358334,0.9902546321047245,0.006658255009173841,0.986419677734375
ID07,v4_flipLR,32,57,128,228,8.95558172885665,1.4499197057923447,1.7207140545033928,0.9957230360334214,0.005002688898784669,0.989166259765625
ID07,v4_flipLR,33,34,132,136,10.341765891652821,0.545791327879241,1.7245273587035537,0.9910642002841126,0.0063103461888746664,0.9888153076171875
ID07,v4_flipLR,36,37,144,148,7.569397566060481,1.3080787261202091,1.7215258072077533,0.994088624803336,0.005626525404148704,0.989166259765625
ID07,v4_flipLR,36,52,144,208,8.95558172885665,1.4499197057923447,1.7207134089476521,0.9957234932950484,0.004810224875864874,0.9892730712890625
ID07,v4_flipLR,38,0,152,0,6.863662517577698,0.39485688292584953,1.724880044147864,0.9903200195431782,0.005276279343698505,0.989715576171875
ID07,v4_flipLR,38,50,152,200,8.95558172885665,1.4499197057923447,1.7207134089476521,0.9957234932950484,0.004810224875864874,0.9892730712890625
ID07,v4_flipLR,41,53,164,212,8.95558172885665,1.4499197057923447,1.7207134089476521,0.9957234932950484,0.004810224875864874,0.9892730712890625
ID07,v4_flipLR,42,7,168,28,6.863662517577698,0.39485688292584953,1.7247978579405447,0.9903198717459348,0.005660095169457143,0.989715576171875
ID07,v4_flipLR,44,24,176,96,8.95558172885665,0.43057263793968586,1.7262728326724912,0.9899494417205089,0.006909977884448063,0.983673095703125
ID07,v4_flipLR,44,26,176,104,8.95558172885665,0.43057263793968586,1.7262728326724912,0.9899494417205089,0.006909977884448063,0.983673095703125
ID07,v4_flipLR,44,63,176,252,21.43920417481474,1.5374594059260431,1.7177960304228828,0.9989616418275103,0.002794371061440347,0.99310302734375
ID07,v4_flipLR,45,4,180,16,6.863662517577698,0.39485688292584953,1.7248939084652541,0.9902894833272261,0.005324245519550309,0.989715576171875
ID07,v4_flipLR,45,22,180,88,7.569397566060481,0.4121891915489992,1.7267644642900304,0.9897209536755609,0.006933547239987859,0.9837799072265625
ID07,v4_flipLR,46,60,184,240,8.95558172885665,1.443698602808175,1.721829516843959,0.995769183773216,0.0046184367807309635,0.9906005859375
ID07,v4_flipLR,47,13,188,52,9.738928674267104,0.4085248174622797,1.7258786856491242,0.9886974584555229,0.007209559753816386,0.9837188720703125
ID07,v6_flipLR_rot180,1,49,4,196,,,,,,0.9990234375
ID07,v6_flipLR_rot180,3,58,12,232,14.489443479946868,1.6253509540229285,1.718040881943692,0.9988700737505917,0.0025783787868631012,0.998626708984375
ID07,v6_flipLR_rot180,4,62,16,248,21.409489393833255,1.5376787166248427,1.71762642742802,0.9990685743079202,0.0025903712463368833,0.993133544921875
ID07,v6_flipLR_rot180,5,58,20,232,21.409489393833255,1.5376787166248427,1.7173474385210459,0.9992059977706861,0.0023025522189661185,0.998626708984375
ID07,v6_flipLR_rot180,6,47,24,188,,,,,,0.999603271484375
ID07,v6_flipLR_rot180,6,49,24,196,,,,,,0.9997406005859375
ID07,v6_flipLR_rot180,7,54,28,216,,,,,,0.99981689453125
ID07,v6_flipLR_rot180,8,4,32,16,3.742410318509555,0.21881341148066813,1.716244347055693,0.9990993328957211,0.0015226703520459788,0.9986572265625
ID07,v6_flipLR_rot180,9,4,36,16,3.742410318509555,0.21881341148066813,1.716244347055693,0.9990993328957211,0.0015226703520459788,0.9986572265625
ID07,v6_flipLR_rot180,9,46,36,184,,,,,,0.9994049072265625
ID07,v6_flipLR_rot180,10,4,40,16,3.742410318509555,0.21881341148066813,1.716244347055693,0.9990993328957211,0.0015226703520459788,0.9986572265625
ID07,v6_flipLR_rot180,10,43,40,172,,,,,,0.9994049072265625
ID07,v6_flipLR_rot180,11,9,44,36,3.742410318509555,0.21881341148066813,1.716244347055693,0.9990993328957211,0.0015226703520459788,0.9986572265625
ID07,v6_flipLR_rot180,11,50,44,200,,,,,,0.9997406005859375
ID07,v6_flipLR_rot180,11,56,44,224,21.409489393833255,1.5376787166248427,1.7173689202127367,0.9993129666101772,0.001654757271849156,0.998748779296875
ID07,v6_flipLR_rot180,12,24,48,96,,,,,,0.9994964599609375
ID07,v6_flipLR_rot180,12,29,48,116,,,,,,0.9995269775390625
ID07,v6_flipLR_rot180,13,8,52,32,3.742410318509555,0.21881341148066813,1.716244347055693,0.9990993328957211,0.0015226703520459788,0.9986572265625
ID07,v6_flipLR_rot180,13,23,52,92,,,,,,0.9994964599609375
ID07,v6_flipLR_rot180,14,0,56,0,3.742410318509555,0.21881341148066813,1.716244347055693,0.9990993328957211,0.0015226703520459788,0.9986572265625
ID07,v6_flipLR_rot180,15,7,60,28,3.742410318509555,0.21881341148066813,1.716244347055693,0.9990993328957211,0.0015226703520459788,0.9986572265625
ID07,v6_flipLR_rot180,15,20,60,80,,,,,,0.9993438720703125
ID07,v6_flipLR_rot180,16,21,64,84,,,,,,0.9993438720703125
ID07,v6_flipLR_rot180,16,55,64,220,,,,,,0.99951171875
ID07,v6_flipLR_rot180,17,39,68,156,,,,,,0.99945068359375
ID07,v6_flipLR_rot180,19,44,76,176,,,,,,0.999267578125
ID07,v6_flipLR_rot180,21,2,84,8,,,,,,0.9985809326171875
ID07,v6_flipLR_rot180,21,24,84,96,,,,,,0.999359130859375
ID07,v6_flipLR_rot180,22,35,88,140,,,,,,0.999420166015625
ID07,v6_flipLR_rot180,23,0,92,0,,,,,,0.9985198974609375
ID07,v6_flipLR_rot180,23,45,92,180,,,,,,0.99932861328125
ID07,v6_flipLR_rot180,24,15,96,60,,,,,,0.999267578125
ID07,v6_flipLR_rot180,24,64,96,256,21.409489393833255,1.5376787166248427,1.7171221415083466,0.9993128721942282,0.002398528518544658,0.9931182861328125
ID07,v6_flipLR_rot180,25,32,100,128,,,,,,0.999420166015625
ID07,v6_flipLR_rot180,27,29,108,116,,,,,,0.9992828369140625
ID07,v6_flipLR_rot180,27,34,108,136,,,,,,0.9992828369140625
ID07,v6_flipLR_rot180,28,8,112,32,,,,,,0.9985809326171875
ID07,v6_flipLR_rot180,28,9,112,36,,,,,,0.9985809326171875
ID07,v6_flipLR_rot180,29,7,116,28,,,,,,0.9985809326171875
ID07,v6_flipLR_rot180,30,25,120,100,,,,,,0.9992828369140625
ID07,v6_flipLR_rot180,31,11,124,44,,,,,,0.998687744140625
ID07,v6_flipLR_rot180,31,34,124,136,,,,,,0.9992828369140625
ID07,v6_flipLR_rot180,32,7,128,28,,,,,,0.9985809326171875
ID07,v6_flipLR_rot180,32,59,128,236,7.569397566060481,1.8594547629411846,1.7164490860221941,0.9994045256053989,0.0014150453977600833,0.999237060546875
ID07,v6_flipLR_rot180,32,61,128,244,7.569397566060481,1.8594547629411846,1.7164490860221941,0.9994045256053989,0.0014150453977600833,0.999237060546875
ID07,v6_flipLR_rot180,34,8,136,32,,,,,,0.9987335205078125
ID07,v6_flipLR_rot180,35,46,140,184,,,,,,0.9991912841796875
ID07,v6_flipLR_rot180,36,11,144,44,,,,,,0.998870849609375
ID07,v6_flipLR_rot180,37,18,148,72,,,,,,0.99945068359375
ID07,v6_flipLR_rot180,37,29,148,116,,,,,,0.9992828369140625
ID07,v6_flipLR_rot180,37,52,148,208,,,,,,0.9996185302734375
ID07,v6_flipLR_rot180,37,56,148,224,,,,,,0.99969482421875
ID07,v6_flipLR_rot180,38,40,152,160,,,,,,0.9992828369140625
ID07,v6_flipLR_rot180,40,31,160,124,,,,,,0.9992828369140625
ID07,v6_flipLR_rot180,41,7,164,28,,,,,,0.9988250732421875
ID07,v6_flipLR_rot180,42,42,168,168,,,,,,0.999481201171875
ID07,v6_flipLR_rot180,42,54,168,216,,,,,,0.99969482421875
ID07,v6_flipLR_rot180,44,7,176,28,,,,,,0.9990997314453125
ID07,v6_flipLR_rot180,45,56,180,224,,,,,,0.99969482421875
ID07,v6_flipLR_rot180,47,17,188,68,,,,,,0.999786376953125
ID07,v6_flipLR_rot180,47,60,188,240,,,,,,0.999664306640625
ID07,v6_flipLR_rot180,48,51,192,204,,,,,,0.9996185302734375
ID08,v0_rot0,0,13,0,52,4.511310107024798,0.22587452438760605,1.7137242608877592,0.9936601277162678,0.009212952223739993,0.99078369140625
ID08,v0_rot0,0,21,0,84,4.370193722368317,0.24578917585703314,1.7139908764280787,0.9946085864387569,0.008998113406872389,0.9909515380859375
ID08,v0_rot0,1,23,4,92,4.511310107024798,0.23998773299522327,1.7137255306955772,0.9947919857851847,0.008950680619565306,0.9909820556640625
ID08,v0_rot0,1,32,4,128,4.849345767860799,1.1489989488058883,1.7135821635226587,0.9953906465345624,0.007925904102154886,0.9919586181640625
ID08,v0_rot0,1,46,4,184,5.292567428401227,1.4071825010238972,1.7134791815185857,0.9958059084647176,0.007044900103335446,0.99285888671875
ID08,v0_rot0,2,8,8,32,4.849345767860799,0.31983993566403646,1.7137989325474037,0.9915474841515328,0.00998193849906413,0.990386962890625
ID08,v0_rot0,3,54,12,216,6.383076486422923,1.623269519664263,1.7140608382205655,0.9961159703957428,0.005632634085164279,0.9943389892578125
ID08,v0_rot0,4,38,16,152,5.517751489052101,1.5255049298598975,1.7142878209277432,0.995468809797168,0.007189714530603506,0.9928131103515625
ID08,v0_rot0,4,53,16,212,6.383076486422923,1.623269519664263,1.7149537656813603,0.9956727167082066,0.005824524981234612,0.99407958984375
ID08,v0_rot0,5,41,20,164,6.383076486422923,1.376084363284693,1.7150821764456694,0.9951479344282369,0.007188834152903955,0.9929351806640625
ID08,v0_rot0,5,58,20,232,5.292567428401227,0.4420599690529628,1.7174648621876851,0.9925022569736661,0.00894123044952338,0.9916534423828125
ID08,v0_rot0,6,21,24,84,4.370193722368317,0.4093744208433044,1.7163681670439568,0.9933217945379631,0.009539735989924128,0.9911041259765625
ID08,v0_rot0,6,61,24,244,5.292567428401227,0.4420599690529628,1.718562595358599,0.9919797964337644,0.009568790664488694,0.9903106689453125
ID08,v0_rot0,7,11,28,44,5.046265044040321,0.4355196918925449,1.7168505089083237,0.9902735655423828,0.010730863611655239,0.98846435546875
ID08,v0_rot0,7,44,28,176,6.383076486422923,1.376084363284693,1.7171727209529253,0.9941531208865215,0.0076335113992313285,0.991180419921875
ID08,v0_rot0,8,38,32,152,6.383076486422923,1.376084363284693,1.7170695693599412,0.9940760470242469,0.007790503457652867,0.9910888671875
ID08,v0_rot0,9,39,36,156,6.804114240133245,1.1359135564168217,1.717199073880102,0.993510965549961,0.007788953488338814,0.9912872314453125
ID08,v0_rot0,10,28,40,112,4.831380575384772,0.42980620848793216,1.717310292029046,0.9927915518824609,0.008233819129587573,0.99078369140625
ID08,v0_rot0,11,25,44,100,5.046265044040321,0.43739429929329665,1.7179698232986993,0.9915643467344377,0.009258651303102288,0.9902496337890625
ID08,v0_rot0,13,4,52,16,4.708229383204319,0.3545143287093986,1.714723734218969,0.9910782603372815,0.009086417095590715,0.991302490234375
ID08,v0_rot0,14,53,56,212,7.653039857325812,0.47190122975896637,1.7210316378528558,0.9900298187934857,0.008226894134524841,0.9887542724609375
ID08,v0_rot0,15,0,60,0,4.370193722368317,0.34242142065412784,1.7139432672532162,0.9911241698038136,0.009158531516984291,0.988525390625
ID08,v0_rot0,15,46,60,184,5.837821957412075,0.5173609555383393,1.7211116766263213,0.9888708591023208,0.010580343882642743,0.986236572265625
ID08,v0_rot0,15,48,60,192,5.292567428401227,0.5053366968988183,1.7211172958259604,0.9887351536671972,0.010506275174626083,0.9863739013671875
ID08,v0_rot0,17,17,68,68,4.51351666838205,0.4478224684549639,1.7195394718587622,0.9891302683752048,0.010496985511810842,0.9864654541015625
ID08,v0_rot0,17,42,68,168,7.653039857325812,0.49598033357887095,1.7205205523396,0.9887370499028264,0.009699241248438961,0.9877166748046875
ID08,v0_rot0,18,37,72,148,6.804114240133245,0.5173609555383393,1.7198943228779375,0.9885356557941622,0.010206221063236551,0.986541748046875
ID08,v0_rot0,18,55,72,220,6.383076486422923,0.5095162944314633,1.7226993137246298,0.9867833323135288,0.010993075315252175,0.9860382080078125
ID08,v0_rot0,19,10,76,40,5.046265044040321,0.453008732533033,1.7201126606845563,0.9848368816051463,0.013316522696905732,0.98480224609375
ID08,v0_rot0,19,40,76,160,6.804114240133245,0.5173609555383393,1.7200303283179852,0.9882304325201261,0.010409789242128474,0.985321044921875
ID08,v0_rot0,20,11,80,44,5.046265044040321,0.453008732533033,1.7202282587172453,0.9852801519468186,0.013233127772220585,0.983489990234375
ID08,v0_rot0,23,28,92,112,5.292567428401227,0.4498354526309093,1.719576308446224,0.9896676820401353,0.009713935863477755,0.9865570068359375
ID08,v0_rot0,23,33,92,132,5.837821957412075,0.49315554273467566,1.7198736698256956,0.9878444580526639,0.011158136797808206,0.9860076904296875
ID08,v0_rot0,23,43,92,172,6.804114240133245,0.49315554273467566,1.7214592507987452,0.9871420043166128,0.01137299916689351,0.985015869140625
ID08,v0_rot0,25,0,100,0,4.441855195375183,0.2787156209204617,1.7142458013083124,0.9901884250968147,0.010278664488601404,0.98736572265625
ID08,v0_rot0,25,3,100,12,4.441855195375183,0.2787156209204617,1.7150637314865116,0.989972750375065,0.010664832230083842,0.9867401123046875
ID08,v0_rot0,25,22,100,88,4.7798908562111855,0.44124018670698234,1.719737007953957,0.9888490641178813,0.011380489884109704,0.9851531982421875
ID08,v0_rot0,27,25,108,100,5.046265044040321,0.4441032597692976,1.7195937649900699,0.9891901823582551,0.010438143740395723,0.986297607421875
ID08,v0_rot0,27,31,108,124,5.292567428401227,0.4498354526309093,1.7197130792778155,0.9894839963875155,0.010038535205450401,0.9865570068359375
ID08,v0_rot0,27,51,108,204,5.837821957412075,0.5004377192618356,1.7221006965308685,0.9865822126344456,0.011679855186155655,0.98394775390625
ID08,v0_rot0,27,61,108,244,5.231725187113819,0.4365195319875849,1.721738776822466,0.9868920739924048,0.013794739884492117,0.9836578369140625
ID08,v0_rot0,28,63,112,252,5.231725187113819,0.4365195319875849,1.7211039100846033,0.9872161918030528,0.013214822811424219,0.9842987060546875
ID08,v0_rot0,29,13,116,52,5.046265044040321,0.45206191226504894,1.7197805955204617,0.9880565933729405,0.011460838637192506,0.9873046875
ID08,v0_rot0,29,53,116,212,6.383076486422923,0.5095162944314633,1.7220174844370155,0.9869363030043443,0.011137246794796465,0.9862213134765625
ID08,v0_rot0,30,60,120,240,5.837821957412075,0.4644914268399093,1.722140197185403,0.987094700101038,0.01291322414330332,0.986297607421875
ID08,v0_rot0,31,48,124,192,4.918490759365935,0.4781329441130504,1.7217662790593997,0.9872981865483205,0.01169473430232944,0.98553466796875
ID08,v0_rot0,33,7,132,28,5.046265044040321,0.34855647657307537,1.7156202577520665,0.9901311259696742,0.009313211693208416,0.988037109375
ID08,v0_rot0,33,45,132,180,5.105529093883581,0.4722549065873132,1.7214039717787128,0.9884501828083648,0.010512986170398312,0.98724365234375
ID08,v0_rot0,33,53,132,212,5.292567428401227,0.4996265793933828,1.721586535619405,0.9887173215104724,0.009773950542814906,0.9878387451171875
ID08,v0_rot0,34,39,136,156,4.719866928249235,0.5203906679625133,1.7195139598417435,0.9902750806587257,0.00870676414720638,0.98846435546875
ID08,v0_rot0,37,12,148,48,6.4820448144285745,0.4781329441130504,1.7172807281955247,0.9918074130683989,0.0065784974175284935,0.9914093017578125
ID08,v0_rot0,38,6,152,24,5.292567428401227,0.35387739885849334,1.7129694641814621,0.9941800962346292,0.004558944506087686,0.9939727783203125
ID08,v0_rot0,38,17,152,68,7.194925555667844,0.48126737263684205,1.7170160436714317,0.9935690827159551,0.004654922285163216,0.9925384521484375
ID08,v0_rot0,39,53,156,212,4.852899062091563,0.5297977898237336,1.719211311540216,0.990067388945768,0.008077091792094905,0.9886322021484375
ID08,v0_rot0,39,55,156,220,4.852899062091563,0.5297977898237336,1.7193885395879795,0.9899298604850171,0.008173104770307029,0.9886322021484375
ID08,v0_rot0,40,51,160,204,4.852899062091563,0.5297977898237336,1.7192107810400457,0.9900679960271984,0.007980591010150556,0.9887237548828125
ID08,v0_rot0,41,10,164,40,5.887306121414901,0.4890277544903184,1.717344512289867,0.9921497953448591,0.00543382870088344,0.993255615234375
ID08,v0_rot0,41,32,164,128,5.03993739660921,0.564807994370498,1.7173947258331366,0.9922730396273955,0.005325139872466474,0.9924774169921875
ID08,v0_rot0,42,8,168,32,5.887306121414901,0.4890277544903184,1.7156619288553254,0.9931574847647122,0.004966243178814833,0.994049072265625
ID08,v0_rot0,45,63,180,252,4.787307364817192,0.4292330563774426,1.717087285417573,0.9926493061923101,0.007393564225393181,0.991424560546875
ID08,v0_rot0,46,53,184,212,4.918490759365935,0.5087360630248065,1.7195318462297988,0.9890450725744844,0.008351980469436577,0.9886474609375
ID08,v0_rot0,46,62,184,248,4.852899062091563,0.4200998990315356,1.717550992281166,0.9919919308005013,0.007789886114939388,0.991363525390625
ID08,v0_rot0,46,64,184,256,4.852899062091563,0.4200998990315356,1.7175508850094205,0.9919920531825476,0.007753758898979928,0.991363525390625
ID08,v0_rot0,48,56,192,224,4.918490759365935,0.5087360630248065,1.7196300866199348,0.988906037499427,0.00874918263957977,0.987518310546875
ID08,v2_rot180,0,56,0,224,4.787307364817192,0.4570907337714444,1.7149569147100499,0.991654566297287,0.007862985051972925,0.991485595703125
ID08,v2_rot180,1,25,4,100,5.046265044040321,0.4181299575897636,1.7104748438472095,0.9888445728082642,0.007861302847313201,0.9879150390625
ID08,v2_rot180,1,55,4,220,4.787307364817192,0.47359576100614115,1.713091151704827,0.9928175191405474,0.00714140176385656,0.991668701171875
ID08,v2_rot180,1,58,4,232,4.787307364817192,0.489895113493136,1.7177877893335083,0.9895604059672292,0.009123603023081144,0.990234375
ID08,v2_rot180,3,8,12,32,5.046265044040321,0.38226002313069796,1.7142511643350737,0.9839784748975723,0.0108062488084404,0.983795166015625
ID08,v2_rot180,3,21,12,84,4.916786204428757,0.41339212416618437,1.7095779800589004,0.989717184372565,0.007104091930072108,0.9890899658203125
ID08,v2_rot180,3,38,12,152,4.787307364817192,0.4894308060807016,1.7121689401859326,0.9930938593408608,0.006540084631569762,0.9920196533203125
ID08,v2_rot180,3,49,12,196,4.787307364817192,0.47359576100614115,1.7123691313228246,0.993169837267935,0.006636491471598883,0.991790771484375
ID08,v2_rot180,3,57,12,228,4.787307364817192,0.49999320929199415,1.716263652797293,0.9906766319715102,0.008306899736668871,0.990386962890625
ID08,v2_rot180,4,15,16,60,4.787307364817192,0.46023797823186224,1.7097673918079979,0.9907142966232417,0.00578160139831651,0.98992919921875
ID08,v2_rot180,4,40,16,160,4.787307364817192,0.4894308060807016,1.712176045986495,0.9933388333791671,0.006215605595378101,0.992095947265625
ID08,v2_rot180,4,63,16,252,4.787307364817192,0.4282310741199452,1.716739504087449,0.9927724466719638,0.007140637907546631,0.9913787841796875
ID08,v2_rot180,5,20,20,80,4.719866928249235,0.42217345209049956,1.709584949689559,0.9903731548546805,0.006888825918983762,0.9898529052734375
ID08,v2_rot180,6,30,24,120,4.719866928249235,0.4476836119102241,1.7105382044949933,0.9895010315580347,0.007705748007964573,0.9886016845703125
ID08,v2_rot180,7,35,28,140,4.787307364817192,0.5635305692915942,1.7110407243459322,0.9893033419415962,0.008041086925265358,0.991607666015625
ID08,v2_rot180,7,36,28,144,4.787307364817192,0.5635305692915942,1.7114194980614488,0.9904494124478538,0.007657035012416864,0.9917449951171875
ID08,v2_rot180,7,55,28,220,4.370193722368317,0.47359576100614115,1.7132212573521972,0.9924037476882632,0.007586648314414345,0.9916839599609375
ID08,v2_rot180,9,22,36,88,4.652426491681278,0.5265439165237784,1.7095872753988781,0.9873396431247229,0.009066766767558193,0.987823486328125
ID08,v2_rot180,10,12,40,48,4.849345767860799,0.5187288441144855,1.7112894809884645,0.9852352275853636,0.009483455340139764,0.987884521484375
ID08,v2_rot180,10,55,40,220,4.578750543592754,0.5396512834255893,1.7129623308528141,0.989311763176807,0.009343258629691811,0.9898834228515625
ID08,v2_rot180,11,57,44,228,4.787307364817192,0.5334102277358634,1.716104715698993,0.986923406337942,0.01084691272402875,0.9885101318359375
ID08,v2_rot180,13,14,52,56,5.046265044040321,0.5128442252740192,1.7111385167306747,0.9857204011741683,0.009666180307224588,0.9840545654296875
ID08,v2_rot180,15,22,60,88,5.046265044040321,0.47592793975072023,1.7126919822348257,0.9838117387845033,0.012521954927782316,0.98248291015625
ID08,v2_rot180,16,52,64,208,4.916786204428757,0.5355016920174911,1.7134126514141061,0.9884046442612168,0.01078899742593671,0.98602294921875
ID08,v2_rot180,16,53,64,212,4.916786204428757,0.5355016920174911,1.7134126514141061,0.9884046442612168,0.01078899742593671,0.98602294921875
ID08,v2_rot180,17,20,68,80,5.046265044040321,0.47592793975072023,1.7128071145377928,0.9837463077182081,0.012813701498059042,0.9813385009765625
ID08,v2_rot180,18,3,72,12,5.046265044040321,0.4896617855828273,1.7140108807963859,0.9808457254757971,0.013169273408659253,0.978546142578125
ID08,v2_rot180,18,24,72,96,5.046265044040321,0.44766607868647673,1.7138440972719973,0.9827422516231777,0.014263785094165343,0.98114013671875
ID08,v2_rot180,19,9,76,36,5.4115163798060095,0.463494421625366,1.7140261193670019,0.9794196462751703,0.015009216873440248,0.97686767578125
ID08,v2_rot180,21,41,84,164,4.916786204428757,0.48884924753346254,1.7150238502562478,0.9868990954866159,0.012609355414131274,0.9839935302734375
ID08,v2_rot180,22,3,88,12,5.046265044040321,0.4896617855828273,1.7140108807963859,0.9808457254757971,0.013169273408659253,0.978546142578125
ID08,v2_rot180,22,59,88,236,5.046265044040321,0.49226442121685304,1.7188978415520817,0.982691806944721,0.015350193093497083,0.9835052490234375
ID08,v2_rot180,23,54,92,216,4.787307364817192,0.5041291231384624,1.713609422621723,0.9875692722206914,0.012492402127460101,0.9844818115234375
ID08,v2_rot180,24,63,96,252,5.046265044040321,0.4388366982262146,1.7191232312723677,0.9873510765367064,0.013398265811533451,0.98388671875
ID08,v2_rot180,26,13,104,52,5.046265044040321,0.4589540844603239,1.713646648495302,0.9825654370120924,0.013681051736511497,0.9806060791015625
ID08,v2_rot180,26,60,104,240,5.046265044040321,0.47095109734961843,1.7187324360655771,0.9840401905374565,0.01465200819461306,0.9836883544921875
ID08,v2_rot180,27,4,108,16,5.046265044040321,0.4896617855828273,1.7137708005085803,0.981104940254892,0.013025682121185935,0.978759765625
ID08,v2_rot180,28,0,112,0,4.918490759365935,0.4627125913514723,1.7144225449883619,0.9796208748336164,0.014191264377417518,0.9770050048828125
ID08,v2_rot180,29,10,116,40,5.046265044040321,0.4454266012003563,1.7147469960209492,0.9791535834086419,0.01579530057348093,0.97833251953125
ID08,v2_rot180,29,23,116,92,5.046265044040321,0.41719598495127524,1.7138683010755742,0.9820627115788184,0.01527894961191672,0.9789886474609375
ID08,v2_rot180,30,13,120,52,5.046265044040321,0.4589540844603239,1.713647588954749,0.9826113577223328,0.013572853612057541,0.9806060791015625
ID08,v2_rot180,30,60,120,240,5.4115163798060095,0.47253725000941466,1.7185285698603538,0.9846408281395954,0.013650627313540017,0.98541259765625
ID08,v2_rot180,30,64,120,256,5.228890711923166,0.45725878255209423,1.7195278075237734,0.9877964752178107,0.012651225220017388,0.9854888916015625
ID08,v2_rot180,31,9,124,36,5.4115163798060095,0.4567932314994791,1.714047599463962,0.9793459288973267,0.014814749323355731,0.9775848388671875
ID08,v2_rot180,32,28,128,112,5.046265044040321,0.4327284125362597,1.7131608837472125,0.9828507556385797,0.014250667191749625,0.9795684814453125
ID08,v2_rot180,32,50,128,200,4.849345767860799,0.5187288441144855,1.713482713377971,0.9887834736036726,0.010876592775435205,0.986236572265625
ID08,v2_rot180,34,10,136,40,5.4115163798060095,0.4709620587799604,1.714586068351893,0.9806494083066701,0.013983528482895736,0.980987548828125
ID08,v2_rot180,34,28,136,112,5.046265044040321,0.48587211632003807,1.7131412818045908,0.983788748564868,0.012912631113491916,0.9819183349609375
ID08,v2_rot180,34,53,136,212,5.046265044040321,0.5128442252740192,1.7136067347065738,0.9895508230830427,0.009768813212810193,0.9879913330078125
ID08,v2_rot180,34,57,136,228,5.4115163798060095,0.5053516022984189,1.7165598898553887,0.9870205406067285,0.011480320293332156,0.9875946044921875
ID08,v2_rot180,34,61,136,244,5.946780597117292,0.4308099591375143,1.7178957589705868,0.9888570860055409,0.010795272691150087,0.988494873046875
ID08,v2_rot180,35,22,140,88,5.046265044040321,0.48587211632003807,1.7136098247189544,0.9838956585634683,0.01300901372843119,0.9839630126953125
ID08,v2_rot180,37,27,148,108,4.849345767860799,0.38414310741861357,1.712895002163068,0.9876182313508218,0.01105889850203025,0.987884521484375
ID08,v2_rot180,38,64,152,256,5.4115163798060095,0.4359783663832626,1.7177762267631593,0.9912008202365832,0.009687222362133584,0.9885406494140625
ID08,v2_rot180,39,53,156,212,4.652426491681278,0.4693194896101968,1.7125323983655283,0.9925978038112134,0.007963768732335794,0.991302490234375
ID08,v2_rot180,39,62,156,248,5.4115163798060095,0.4359783663832626,1.7169758632085377,0.9914624070503993,0.009168866836075967,0.989288330078125
ID08,v2_rot180,40,13,160,52,6.4820448144285745,0.34042654141887524,1.7138290332004906,0.9911114510823835,0.009011682437819723,0.98944091796875
ID08,v2_rot180,41,12,164,48,5.946780597117292,0.3449516025547057,1.7137145104895524,0.9909739008046997,0.008807282895853035,0.989410400390625
ID08,v2_rot180,42,33,168,132,5.046265044040321,0.4693194896101968,1.7134531852726904,0.9925048947626041,0.008385461301569672,0.9901885986328125
ID08,v2_rot180,42,45,168,180,4.849345767860799,0.48664796867891985,1.7136366874039646,0.992918323646375,0.008120666235189278,0.9905853271484375
ID08,v2_rot180,43,2,172,8,6.6755811781245455,0.46752128428207657,1.7131317577935006,0.9925106226882279,0.00626628314880121,0.9909210205078125
ID08,v2_rot180,43,8,172,32,7.653039857325812,0.394522070086166,1.7126925331425678,0.9918015234482548,0.007364083853324295,0.990966796875
ID08,v2_rot180,43,11,172,44,6.4820448144285745,0.4034284757055787,1.7137267401585747,0.9906652179901143,0.009062240274253997,0.98919677734375
ID08,v2_rot180,44,42,176,168,4.849345767860799,0.48664796867891985,1.7136364097091061,0.9929189734805616,0.007987792167425796,0.9906463623046875
ID08,v2_rot180,45,24,180,96,5.228890711923166,0.3613334765815529,1.7141068033275586,0.9917967554331191,0.009435836520768242,0.98968505859375
ID08,v2_rot180,45,45,180,180,5.046265044040321,0.5033825862849203,1.713512453306727,0.9930390881970473,0.008362841302296703,0.990631103515625
ID08,v2_rot180,46,0,184,0,5.79703596874524,0.43174276524741384,1.7131279576291911,0.9912255224177202,0.007287657415996623,0.9894256591796875
ID08,v2_rot180,46,29,184,116,5.046265044040321,0.34706597623319996,1.7133447694887383,0.9926095937571724,0.008772713017827822,0.9898681640625
ID08,v2_rot180,47,20,188,80,5.228890711923166,0.3613334765815529,1.714083722072894,0.9916579930202657,0.009617316639900182,0.9887237548828125
ID08,v2_rot180,47,22,188,88,5.228890711923166,0.3613334765815529,1.7143805680389552,0.9915041484248232,0.009978882460580506,0.9883270263671875
ID08,v2_rot180,47,33,188,132,5.228890711923166,0.48664796867891985,1.7133445603158428,0.9926101591187271,0.008699942936042726,0.9899444580078125
ID08,v4_flipLR,0,56,0,224,4.918490759365935,0.5474057614370147,1.712000643150671,0.993725514201763,0.008028984652753052,0.99102783203125
ID08,v4_flipLR,2,19,8,76,4.787307364817192,0.36980506071663555,1.7136575193523693,0.9914607085469431,0.00951924929850454,0.9886932373046875
ID08,v4_flipLR,2,63,8,252,5.105529093883581,0.4572304700430901,1.7132791739013735,0.9940149091521376,0.008463627286990518,0.9909515380859375
ID08,v4_flipLR,3,12,12,48,4.852899062091563,0.37224161079394524,1.713583183987614,0.9907876413607357,0.009518957953858312,0.9887237548828125
ID08,v4_flipLR,3,13,12,52,4.852899062091563,0.37224161079394524,1.7135319484025653,0.9914005477942864,0.009289746152528996,0.9888458251953125
ID08,v4_flipLR,3,55,12,220,4.918490759365935,0.5474057614370147,1.7120675135359908,0.9938022220181801,0.00796864356399027,0.9910888671875
ID08,v4_flipLR,3,60,12,240,5.105529093883581,0.4572304700430901,1.7130985642239727,0.9923604519428029,0.009246627080630725,0.990753173828125
ID08,v4_flipLR,3,64,12,256,5.105529093883581,0.4572304700430901,1.7142788535674691,0.9936315483298123,0.008861309305041478,0.990814208984375
ID08,v4_flipLR,5,14,20,56,4.852899062091563,0.37224161079394524,1.713515795448231,0.9915866120051399,0.0086262601927334,0.9891204833984375
ID08,v4_flipLR,5,62,20,248,5.105529093883581,0.4524195910059556,1.715355602952301,0.9928686203994185,0.008725978523629161,0.990936279296875
ID08,v4_flipLR,6,14,24,56,4.852899062091563,0.37224161079394524,1.71351524863676,0.9915881561238223,0.008396447391025578,0.989288330078125
ID08,v4_flipLR,7,58,28,232,5.292567428401227,0.48992519912432025,1.7163760884283186,0.9897615622417434,0.009531706154910724,0.99285888671875
ID08,v4_flipLR,8,54,32,216,4.852899062091563,0.5239786779908273,1.7124773845932988,0.993407164927953,0.0077129381849230854,0.9912567138671875
ID08,v4_flipLR,9,15,36,60,4.787307364817192,0.37508365418854855,1.7137342425831505,0.9898586637298091,0.00970695233763366,0.9880828857421875
ID08,v4_flipLR,10,1,40,4,5.046265044040321,0.4106551904913782,1.7133502698186245,0.9887053141573309,0.008534718460859644,0.9889373779296875
ID08,v4_flipLR,10,55,40,220,4.787307364817192,0.4814658387212901,1.71367349798355,0.9914928775800603,0.009108921888325133,0.99005126953125
ID08,v4_flipLR,18,18,72,72,4.787307364817192,0.45688176008039394,1.7126595696811513,0.983072637668738,0.013318760369836431,0.980133056640625
ID08,v4_flipLR,20,53,80,212,4.787307364817192,0.5050092129015059,1.714024357673416,0.9875851511672408,0.012119117469646045,0.984405517578125
ID08,v4_flipLR,21,9,84,36,4.918490759365935,0.46232062336785945,1.7140284784057642,0.9789414034980243,0.015986065475468016,0.9759521484375
ID08,v4_flipLR,22,21,88,84,4.787307364817192,0.40167293255079256,1.7133959765511326,0.9822823190713914,0.014997879234274878,0.9788055419921875
ID08,v4_flipLR,23,19,92,76,4.787307364817192,0.4391624780496747,1.7128008053688617,0.9829447157707795,0.013924262798570742,0.9798736572265625
ID08,v4_flipLR,26,5,104,20,4.918490759365935,0.5056635690100951,1.7135701784561592,0.980955440319398,0.013215516799553228,0.978607177734375
ID08,v4_flipLR,26,36,104,144,4.787307364817192,0.5233812292193308,1.7147582627519466,0.983631909355382,0.01457514276585067,0.98272705078125
ID08,v4_flipLR,28,23,112,92,4.787307364817192,0.40167293255079256,1.7141493913306463,0.9818237500957048,0.015069349953862686,0.979034423828125
ID08,v4_flipLR,28,44,112,176,4.787307364817192,0.47636126700617,1.7156564794689237,0.9867160478712007,0.01250059823594849,0.98382568359375
ID08,v4_flipLR,29,14,116,56,4.852899062091563,0.49053367713241086,1.7129766159252702,0.9831856917733817,0.012641160139748713,0.9808349609375
ID08,v4_flipLR,29,42,116,168,4.787307364817192,0.47636126700617,1.715655852680559,0.9867176740627391,0.01225870124966178,0.98394775390625
ID08,v4_flipLR,29,53,116,212,4.787307364817192,0.5050092129015059,1.7141215654283604,0.987588571078769,0.011683072629391361,0.984710693359375
ID08,v4_flipLR,29,56,116,224,4.852899062091563,0.5053329166924394,1.716755732853648,0.9859741532430942,0.013264748181346627,0.984222412109375
ID08,v4_flipLR,30,10,120,40,5.105529093883581,0.48023962282803506,1.7148295387910764,0.9794227972135038,0.015175265746116202,0.9792022705078125
ID08,v4_flipLR,30,46,120,184,4.787307364817192,0.5050092129015059,1.715723167278425,0.9870835437613823,0.012247994865586212,0.9843597412109375
ID08,v4_flipLR,32,27,128,108,4.787307364817192,0.454627518491183,1.7133346298837209,0.9831678168658475,0.01325602017149524,0.981109619140625
ID08,v4_flipLR,33,1,132,4,4.918490759365935,0.48889966320261363,1.7135009174033657,0.9803003884861277,0.013393884435902156,0.97882080078125
ID08,v4_flipLR,34,48,136,192,4.719866928249235,0.5233812292193308,1.714004679763369,0.9879936373925545,0.010715107548721726,0.986083984375
ID08,v4_flipLR,35,15,140,60,4.787307364817192,0.5431116883542988,1.7110457189470918,0.9854469854469855,0.009845091323008249,0.983734130859375
ID08,v4_flipLR,35,25,140,100,4.787307364817192,0.5217023103169842,1.7114739500656353,0.9846579784630446,0.01148495845888339,0.9825592041015625
ID08,v4_flipLR,36,22,144,88,4.787307364817192,0.5371738738937736,1.710975560230392,0.9848283245392674,0.011086984856096119,0.9832611083984375
ID08,v4_flipLR,37,59,148,236,4.787307364817192,0.5185811190647922,1.7178404885809995,0.986830835117773,0.010775499427462696,0.9891204833984375
ID08,v4_flipLR,38,9,152,36,4.852899062091563,0.5276319982350446,1.7115024398477723,0.9830085951121035,0.01132704964493613,0.9848480224609375
ID08,v4_flipLR,39,5,156,20,4.719866928249235,0.5401540771223364,1.7113777519674678,0.985354593123691,0.009977617198160602,0.9860382080078125
ID08,v4_flipLR,39,31,156,124,4.719866928249235,0.5233812292193308,1.7104518316695079,0.9863017887173215,0.009473767786585947,0.98681640625
ID08,v4_flipLR,42,57,168,228,4.51351666838205,0.4858493742818938,1.7171476986207004,0.9903552213255075,0.008535370722908804,0.9903717041015625
ID08,v4_flipLR,43,20,172,80,4.719866928249235,0.41841390089753966,1.7099275927394355,0.9903418555251616,0.007033380560705788,0.989593505859375
ID08,v4_flipLR,43,30,172,120,4.787307364817192,0.4246642114005952,1.7111517849033864,0.9893018706443331,0.007826134040456295,0.98828125
ID08,v4_flipLR,44,17,176,68,4.719866928249235,0.45644172432742813,1.7099012577844008,0.9907444176314262,0.005877830895695233,0.98992919921875
ID08,v4_flipLR,45,1,180,4,5.231725187113819,0.44857220920945895,1.7189334385213366,0.9818109562240156,0.01170462229934752,0.983367919921875
ID08,v4_flipLR,46,0,184,0,5.292567428401227,0.5185811190647922,1.7223433821838838,0.9789679628270971,0.012592973120015945,0.9818878173828125
ID08,v4_flipLR,46,59,184,236,4.582971580031664,0.4959981579843844,1.718806772424116,0.9892098425798563,0.008990726339365563,0.990966796875
ID08,v4_flipLR,47,37,188,148,4.652426491681278,0.46959362008431194,1.7123632618995883,0.9921768759454215,0.006936301716560348,0.9916839599609375
ID08,v4_flipLR,47,63,188,252,4.652426491681278,0.41233946642339264,1.7183428421417055,0.9916871685946119,0.007921070702500203,0.9902496337890625
ID08,v4_flipLR,48,20,192,80,4.787307364817192,0.3698305726152739,1.7099833868027958,0.9890590140888115,0.007716925201927803,0.9878692626953125
ID08,v6_flipLR_rot180,0,14,0,56,5.292567428401227,0.4948823407331139,1.7177364014838874,0.9919220608670423,0.005360956816446919,0.991302490234375
ID08,v6_flipLR_rot180,0,44,0,176,6.10880429288617,0.5118678126737753,1.7196622339654761,0.9891860518397458,0.007881452755450864,0.98822021484375
ID08,v6_flipLR_rot180,0,49,0,196,5.108573994933366,0.49385540411866263,1.719472704824555,0.9887238723872387,0.008772247546808684,0.987396240234375
ID08,v6_flipLR_rot180,1,51,4,204,5.108573994933366,0.49385540411866263,1.719472030219297,0.9887247337784364,0.008687581475253274,0.9874725341796875
ID08,v6_flipLR_rot180,1,57,4,228,5.046265044040321,0.47993792869987284,1.7193304040516528,0.988692622700324,0.008928797652461668,0.9903717041015625
ID08,v6_flipLR_rot180,2,5,8,20,6.383076486422923,0.45692729740363097,1.7175371078479444,0.9923342393794093,0.004317615044789442,0.9942474365234375
ID08,v6_flipLR_rot180,2,50,8,200,5.108573994933366,0.49385540411866263,1.719472030219297,0.9887247337784364,0.008567587255981819,0.9874725341796875
ID08,v6_flipLR_rot180,3,56,12,224,5.046265044040321,0.5074187263998533,1.7187489500065607,0.9894572790612395,0.008376236371644953,0.9884490966796875
ID08,v6_flipLR_rot180,4,33,16,132,5.231725187113819,0.5408443844452979,1.7173426476419402,0.9910827441938587,0.00610416187215497,0.9917755126953125
ID08,v6_flipLR_rot180,5,53,20,212,4.916786204428757,0.49385540411866263,1.718562440498603,0.9896255099390365,0.00829210730351322,0.9884185791015625
ID08,v6_flipLR_rot180,6,41,24,164,4.979095155321801,0.5408443844452979,1.7178296989859427,0.9908679982896585,0.0065365890759820616,0.9903411865234375
ID08,v6_flipLR_rot180,7,20,28,80,5.231725187113819,0.48172990120056286,1.7169242270685288,0.9930822796408283,0.004641577931018455,0.992584228515625
ID08,v6_flipLR_rot180,10,2,40,8,5.292567428401227,0.32088899076195226,1.7130690827641124,0.9941039897354432,0.004606722287905849,0.9937896728515625
ID08,v6_flipLR_rot180,10,24,40,96,5.292567428401227,0.49695379900161346,1.7170550259265822,0.9933096063665664,0.004954701475295128,0.9922637939453125
ID08,v6_flipLR_rot180,11,13,44,52,6.383076486422923,0.479937928699873,1.7168680872831839,0.9927098775809632,0.006013731715274436,0.992095947265625
ID08,v6_flipLR_rot180,11,35,44,140,5.03993739660921,0.5280959847441264,1.7176293759055432,0.9912728495445375,0.007466492291269989,0.9901123046875
ID08,v6_flipLR_rot180,13,7,52,28,5.292567428401227,0.3959949029505161,1.714711812025274,0.9908080081978496,0.008120293630709437,0.9894256591796875
ID08,v6_flipLR_rot180,13,26,52,104,4.222008245644752,0.45094513060629,1.7182760201726974,0.992507530696188,0.007001439307339751,0.9911651611328125
ID08,v6_flipLR_rot180,14,1,56,4,5.1694162362207745,0.3664335591970607,1.714424588082599,0.9906389097083073,0.008661640574048368,0.9886627197265625
ID08,v6_flipLR_rot180,15,29,60,116,4.757287837022989,0.4399455072970965,1.7189814743241683,0.9917729455301709,0.007614497287120871,0.9904937744140625
ID08,v6_flipLR_rot180,16,46,64,184,5.108573994933366,0.4468492649499885,1.72130739682897,0.988001958863859,0.011514621702600935,0.985565185546875
ID08,v6_flipLR_rot180,16,55,64,220,5.108573994933366,0.4485138029246951,1.722148811355812,0.9878134556574923,0.010784213313928266,0.98663330078125
ID08,v6_flipLR_rot180,17,0,68,0,5.046265044040321,0.34149561245499166,1.7141376903475598,0.9906044376434583,0.009446410962974664,0.988067626953125
ID08,v6_flipLR_rot180,18,20,72,80,4.916786204428757,0.4533179142168924,1.7195604944074856,0.9894514444937765,0.010485282521894373,0.9876251220703125
ID08,v6_flipLR_rot180,19,39,76,156,6.282549314314218,0.49469145954114135,1.719886457186985,0.9882162095984329,0.01052902777816119,0.987060546875
ID08,v6_flipLR_rot180,19,43,76,172,6.664637477130073,0.48527412136240716,1.7210500657412648,0.9873117423778621,0.01119146703384083,0.9869842529296875
ID08,v6_flipLR_rot180,19,55,76,220,5.170882945826411,0.45557623889372956,1.7225760760575661,0.9863082853995839,0.011858829813873477,0.98614501953125
ID08,v6_flipLR_rot180,20,56,80,224,5.726716130070314,0.45346879139430857,1.7230932761880422,0.9856141532245722,0.013005430087784872,0.98333740234375
ID08,v6_flipLR_rot180,20,60,80,240,5.170882945826411,0.4054774901576852,1.7218083697582327,0.9862808145766345,0.013853601044768954,0.983734130859375
ID08,v6_flipLR_rot180,21,8,84,32,5.292567428401227,0.45557623889372956,1.71738900969689,0.9868787702483388,0.011760409771300247,0.987060546875
ID08,v6_flipLR_rot180,21,55,84,220,5.170882945826411,0.45557623889372956,1.7226196181538875,0.9861553053481826,0.01201502514070261,0.9842529296875
ID08,v6_flipLR_rot180,21,57,84,228,5.170882945826411,0.44707727422015087,1.7232093720106643,0.984632809869287,0.013632129018469807,0.9853973388671875
ID08,v6_flipLR_rot180,22,10,88,40,5.292567428401227,0.45557623889372956,1.7198025706276803,0.9850833129135016,0.013110818397807195,0.9851837158203125
ID08,v6_flipLR_rot180,22,12,88,48,5.292567428401227,0.4417252479753729,1.7196106480368374,0.986966044324639,0.012486304293188208,0.9842529296875
ID08,v6_flipLR_rot180,22,28,88,112,5.787558371357722,0.46871164255488895,1.7194571626433568,0.9898224670951944,0.00947189704250366,0.987030029296875
ID08,v6_flipLR_rot180,22,45,88,180,5.726716130070314,0.46572878954930014,1.721651854490013,0.9865278628291488,0.012360522228606504,0.9839630126953125
ID08,v6_flipLR_rot180,23,21,92,84,4.787307364817192,0.44945853133925057,1.7197784453305258,0.9886976231315854,0.011487001440280616,0.985076904296875
ID08,v6_flipLR_rot180,23,23,92,92,4.916786204428757,0.4533179142168924,1.7195119527753289,0.9888825934489993,0.011088879632673037,0.985382080078125
ID08,v6_flipLR_rot180,25,10,100,40,5.292567428401227,0.45346879139430857,1.7198521090342413,0.9849139251363107,0.013328143800838889,0.98480224609375
ID08,v6_flipLR_rot180,25,13,100,52,5.046265044040321,0.4417252479753729,1.7195532252820058,0.9877628535983949,0.012088970551428721,0.985076904296875
ID08,v6_flipLR_rot180,26,13,104,52,5.046265044040321,0.4417252479753729,1.7195532252820058,0.9877628535983949,0.012088970551428721,0.985076904296875
ID08,v6_flipLR_rot180,28,45,112,180,6.282549314314218,0.47562383709061,1.72157212852857,0.9867566905505543,0.012180910336236375,0.9840545654296875
ID08,v6_flipLR_rot180,28,59,112,236,5.170882945826411,0.45717272146070004,1.7223813743767262,0.9854495328534232,0.014375108060345393,0.98345947265625
ID08,v6_flipLR_rot180,29,34,116,136,5.787558371357722,0.4902891926227556,1.7196645898060028,0.9877843431405566,0.011157111955926155,0.984649658203125
ID08,v6_flipLR_rot180,30,23,120,92,4.916786204428757,0.4533179142168924,1.7193749655172454,0.9890362294429302,0.01082378873392496,0.986419677734375
ID08,v6_flipLR_rot180,31,41,124,164,7.391251733920488,0.5123847138219019,1.719984897639246,0.9890128387580529,0.009590777737856182,0.9877166748046875
ID08,v6_flipLR_rot180,34,11,136,44,5.292567428401227,0.45604696582601156,1.7189454710500585,0.9873249138920781,0.011169305683830531,0.985565185546875
ID08,v6_flipLR_rot180,34,21,136,84,4.650412016599621,0.4492194350853075,1.7190910856767614,0.9901555514728397,0.010124705333771992,0.9868316650390625
ID08,v6_flipLR_rot180,34,33,136,132,6.282549314314218,0.5240374949544826,1.7189801880377398,0.9902350924452064,0.009400351472033865,0.987762451171875
ID08,v6_flipLR_rot180,35,1,140,4,4.650412016599621,0.3664335591970607,1.7145999323032586,0.9910477910233063,0.009170410251002388,0.9917144775390625
ID08,v6_flipLR_rot180,35,21,140,84,4.650412016599621,0.4492194350853075,1.7190800616266018,0.9901708616571744,0.010052557789825875,0.9898529052734375
ID08,v6_flipLR_rot180,35,42,140,168,7.046725639945928,0.5167979597127067,1.7192365577293318,0.9906502012272568,0.008689388852719325,0.9908905029296875
ID08,v6_flipLR_rot180,35,53,140,212,7.391251733920488,1.1060150667137016,1.7204385426412452,0.9905356023424002,0.007913664352994792,0.9918212890625
ID08,v6_flipLR_rot180,36,14,144,56,4.650412016599621,0.4492194350853075,1.7186923423920635,0.9904337710839686,0.009641064790840198,0.9901275634765625
ID08,v6_flipLR_rot180,36,40,144,160,7.046725639945928,0.5167979597127067,1.718838225421728,0.9911551821757028,0.008449018483349495,0.9908905029296875
ID08,v6_flipLR_rot180,37,45,148,180,6.664637477130073,0.5085720005215743,1.7190117621538554,0.9915520117537228,0.008846712604039146,0.9907684326171875
ID08,v6_flipLR_rot180,37,55,148,220,6.664637477130073,0.45954651804314856,1.720016069444352,0.9913761467889908,0.008022109681184946,0.9917755126953125
ID08,v6_flipLR_rot180,38,10,152,40,5.292567428401227,0.44275734121336363,1.7174306685435814,0.9888414382146301,0.010663363042560756,0.990386962890625
ID08,v6_flipLR_rot180,39,41,156,164,6.664637477130073,1.1359057085014632,1.717245823899859,0.993465252590178,0.007884872062634498,0.991485595703125
ID08,v6_flipLR_rot180,40,43,160,172,6.282549314314218,1.376075818546227,1.7169598853850432,0.9941995714722988,0.007596749912261821,0.99139404296875
ID08,v6_flipLR_rot180,42,55,168,220,5.726716130070314,1.0912012270770397,1.7180004322505997,0.9941129698155907,0.006881451231333341,0.9940338134765625
ID08,v6_flipLR_rot180,44,7,176,28,4.650412016599621,0.3144073962519397,1.7142537230449904,0.9920864520671656,0.009773747636529755,0.9908905029296875
ID08,v6_flipLR_rot180,45,22,180,88,4.650412016599621,0.2573372031371004,1.7143211824809097,0.9945935183483429,0.00905784501988419,0.9911041259765625
ID08,v6_flipLR_rot180,45,53,180,212,7.009163571104633,1.6780591487655987,1.7143139317704088,0.9961313801645311,0.005596433287611409,0.9943084716796875
ID08,v6_flipLR_rot180,46,25,184,100,4.650412016599621,0.2573372031371004,1.713898067095878,0.9948236519288788,0.008660224476563437,0.991455078125
ID08,v6_flipLR_rot180,46,30,184,120,4.7160037138739925,0.2916172080691155,1.7137389433935615,0.9952843188290412,0.007864323098599553,0.991912841796875
ID08,v6_flipLR_rot180,48,17,192,68,4.51351666838205,0.2513849831388634,1.7141775413746256,0.9946262075723012,0.008453157812949249,0.991363525390625
ID08,v6_flipLR_rot180,48,18,192,72,4.51351666838205,0.2513849831388634,1.7141780827904218,0.9946253847213928,0.008646872149735332,0.9912109375
ID08,v6_flipLR_rot180,48,25,192,100,4.650412016599621,0.2573372031371004,1.7138979673592862,0.9948238104718296,0.008599820622508393,0.991546630859375
ID08,v6_flipLR_rot180,48,36,192,144,5.252278779979485,1.5518018259237747,1.7131173420860328,0.9960047759000735,0.006900847198599916,0.9930419921875
ID09,v0_rot0,0,49,0,196,4.51351666838205,1.4402565544055987,1.7396620207171787,0.9976795310210064,0.003692944466390054,0.9920196533203125
ID09,v0_rot0,1,17,4,68,4.652426491681278,0.43743662794777416,1.7391229603695526,0.9973289375276646,0.0038001010088525287,0.9918670654296875
ID09,v0_rot0,1,52,4,208,4.51351666838205,1.4402565544055987,1.7396620207171787,0.9976795310210064,0.003692944466390054,0.9920196533203125
ID09,v0_rot0,1,63,4,252,4.51351666838205,1.4402565544055987,1.7396648966514852,0.9976792475876389,0.0038372940681443667,0.9918975830078125
ID09,v0_rot0,2,33,8,132,4.918490759365935,1.6861176572201686,1.7386834938287326,0.9981683863483729,0.0030209465958873707,0.9926910400390625
ID09,v0_rot0,2,36,8,144,4.918490759365935,1.6861176572201686,1.7386834938287326,0.9981683863483729,0.0030209465958873707,0.9926910400390625
ID09,v0_rot0,2,46,8,184,4.7160037138739925,1.5816794523709925,1.7391122635242546,0.9979085246702492,0.003453142877663427,0.9922637939453125
ID09,v0_rot0,3,36,12,144,4.918490759365935,1.6861176572201686,1.7386834938287326,0.9981683863483729,0.0030209465958873707,0.9926910400390625
ID09,v0_rot0,3,61,12,244,4.51351666838205,1.4402565544055987,1.7396648966514852,0.9976792475876389,0.0038372940681443667,0.9918975830078125
ID09,v0_rot0,5,5,20,20,4.652426491681278,0.14018376414663503,1.7165564971239127,0.9991606385251656,0.0011147030063785777,0.9990081787109375
ID09,v0_rot0,5,10,20,40,4.918490759365935,0.5070412164160188,1.7386299007676425,0.9977260934590849,0.003020485565670985,0.992401123046875
ID09,v0_rot0,7,24,28,96,4.582971580031664,0.4776168161740561,1.7390285891794872,0.9975580348285282,0.003416286023843848,0.9925994873046875
ID09,v0_rot0,9,9,36,36,5.863230142835039,0.5324762275531731,1.7350498323912957,0.9987029039691139,0.0023850427204848423,0.9939117431640625
ID09,v0_rot0,11,38,44,152,4.918490759365935,1.6861176572201686,1.7386817717283924,0.9981685261213962,0.002852898504122231,0.992767333984375
ID09,v0_rot0,11,48,44,192,4.51351666838205,1.4402565544055987,1.7396620207171787,0.9976795310210064,0.0036809543869537223,0.9920196533203125
ID09,v0_rot0,12,8,48,32,5.257828317258158,0.5466595081212827,1.7286227658125737,0.9991607025682502,0.0017378451983432268,0.99908447265625
ID09,v0_rot0,12,64,48,256,4.51351666838205,1.4402565544055987,1.7396648966514852,0.9976792475876389,0.0038372940681443667,0.9918975830078125
ID09,v0_rot0,13,10,52,40,4.918490759365935,0.5070412164160188,1.738628183019232,0.9977262669576231,0.0028764334317405134,0.9924774169921875
ID09,v0_rot0,13,17,52,68,4.652426491681278,0.43743662794777416,1.739121204759695,0.9973291413571014,0.003631996024380007,0.991943359375
ID09,v0_rot0,14,53,56,212,4.51351666838205,1.4402565544055987,1.7396620207171787,0.9976795310210064,0.003692944466390054,0.9920196533203125
ID09,v0_rot0,15,30,60,120,4.7160037138739925,0.5482679326162924,1.7386817717283924,0.9981685261213962,0.002852898504122231,0.992767333984375
ID09,v0_rot0,16,10,64,40,4.918490759365935,0.5070412164160188,1.738628183019232,0.9977262669576231,0.0028764334317405134,0.9924774169921875
ID09,v0_rot0,17,49,68,196,4.51351666838205,1.4402565544055987,1.7396620207171787,0.9976795310210064,0.003692944466390054,0.9920196533203125
ID09,v0_rot0,18,3,72,12,4.652426491681278,0.14018376414663503,1.7165564635710466,0.9991607025682502,0.0009707962832124232,0.99908447265625
ID09,v0_rot0,18,17,72,68,4.652426491681278,0.43743662794777416,1.739121204759695,0.9973291413571014,0.003631996024380007,0.991943359375
ID09,v0_rot0,18,22,72,88,4.652426491681278,0.43743662794777416,1.7391233115236802,0.9973288967580438,0.0038241347781272665,0.991851806640625
ID09,v0_rot0,18,41,72,164,4.918490759365935,1.6861176572201686,1.7386817717283924,0.9981685261213962,0.002852898504122231,0.992767333984375
ID09,v0_rot0,18,61,72,244,4.51351666838205,1.4402565544055987,1.7396648966514852,0.9976792475876389,0.0038372940681443667,0.9918975830078125
ID09,v0_rot0,20,34,80,136,4.918490759365935,1.6861176572201686,1.745470059539754,0.9972833137467377,0.0033084033073014106,0.992767333984375
ID09,v0_rot0,21,47,84,188,4.51351666838205,1.4402565544055987,1.7501758907837721,0.9963819003419638,0.004292448438206621,0.9922637939453125
ID09,v0_rot0,23,32,92,128,6.972762048065018,1.5816794523709925,1.7575251223771726,0.9957112986676028,0.004075569291603187,0.992767333984375
ID09,v0_rot0,23,55,92,220,4.7160037138739925,1.219019996172277,1.7585141452019528,0.9952212281291032,0.005000321141664417,0.9920196533203125
ID09,v0_rot0,24,4,96,16,4.652426491681278,0.14018376414663503,1.7165564635710466,0.9991607025682502,0.0009707962832124232,0.99908447265625
ID09,v0_rot0,24,45,96,180,6.972762048065018,1.5816794523709925,1.7609931455716408,0.9951919407769213,0.0043876322644198435,0.9978485107421875
ID09,v0_rot0,24,54,96,216,4.918490759365935,1.4402565544055987,1.7616521897783988,0.9949019308555292,0.00457944132515951,0.9976043701171875
ID09,v0_rot0,25,0,100,0,4.652426491681278,0.14018376414663503,1.7165564635710466,0.9991607025682502,0.0009707962832124232,0.99908447265625
ID09,v0_rot0,25,16,100,64,4.7854586255236065,0.4721314282468856,1.7376307450888588,0.9974210678915323,0.0031041510784199705,0.997406005859375
ID09,v0_rot0,25,37,100,148,9.0270333367641,1.6333095532714086,1.760481708491017,0.9952232701523059,0.004015328033729285,0.9951324462890625
ID09,v0_rot0,25,38,100,152,9.0270333367641,1.6333095532714086,1.760481708491017,0.9952232701523059,0.004015328033729285,0.9951324462890625
ID09,v0_rot0,26,34,104,136,12.472390165967894,1.7030019494131505,1.7588741720580676,0.9954214550615814,0.0037877664275688485,0.995330810546875
ID09,v0_rot0,28,2,112,8,,,,,,0.99932861328125
ID09,v0_rot0,28,5,112,20,,,,,,0.99932861328125
ID09,v0_rot0,28,41,112,164,12.472390165967894,1.7030019494131505,1.7561926329317294,0.9955282877768112,0.003416181746383297,0.995330810546875
ID09,v0_rot0,29,30,116,120,9.0270333367641,0.5842325107348308,1.7529514853323866,0.9958187089882496,0.002864492004455824,0.9997406005859375
ID09,v0_rot0,29,35,116,140,12.472390165967894,1.7030019494131505,1.753540599850318,0.9957419532072708,0.0031884362966244106,0.9965972900390625
ID09,v0_rot0,32,33,128,132,15.91774699517169,1.738036649569832,1.744811548755933,0.9965967188096146,0.002493137245122766,0.996795654296875
ID09,v0_rot0,32,34,128,136,15.91774699517169,1.738036649569832,1.744811548755933,0.9965967188096146,0.002493137245122766,0.996795654296875
ID09,v0_rot0,34,56,136,224,,,,,,0.996795654296875
ID09,v0_rot0,35,48,140,192,,,,,,0.996856689453125
ID09,v0_rot0,36,63,144,252,,,,,,0.996856689453125
ID09,v0_rot0,38,55,152,220,,,,,,0.996856689453125
ID09,v0_rot0,39,1,156,4,,,,,,0.99932861328125
ID09,v0_rot0,39,34,156,136,,,,,,0.996856689453125
ID09,v0_rot0,39,42,156,168,,,,,,0.996856689453125
ID09,v0_rot0,40,39,160,156,,,,,,0.996856689453125
ID09,v0_rot0,40,53,160,212,,,,,,0.996856689453125
ID09,v0_rot0,41,8,164,32,,,,,,0.99932861328125
ID09,v0_rot0,41,19,164,76,,,,,,0.99932861328125
ID09,v0_rot0,41,26,164,104,,,,,,1.0
ID09,v0_rot0,41,42,164,168,,,,,,0.996856689453125
ID09,v0_rot0,42,4,168,16,,,,,,0.99932861328125
ID09,v0_rot0,43,1,172,4,,,,,,0.99932861328125
ID09,v0_rot0,43,11,172,44,,,,,,0.99932861328125
ID09,v0_rot0,43,26,172,104,,,,,,1.0
ID09,v0_rot0,43,35,172,140,,,,,,0.996856689453125
ID09,v0_rot0,44,6,176,24,,,,,,0.99932861328125
ID09,v0_rot0,47,17,188,68,,,,,,0.99932861328125
ID09,v2_rot180,0,40,0,160,14.825662671995165,1.4743675846023305,1.7462479918538305,0.9904610735489385,0.004303321693192776,0.9921722412109375
ID09,v2_rot180,1,20,4,80,11.780624362746345,0.3171334209455642,1.7331619795339928,0.9917740064709114,0.0037996950399394286,0.994171142578125
ID09,v2_rot180,1,43,4,172,14.825662671995165,1.4743675846023305,1.753710888749731,0.9905679095251904,0.004614982874315374,0.99578857421875
ID09,v2_rot180,1,60,4,240,17.371176474327626,1.3626524861311475,1.7384888068537283,0.9943994262082437,0.0023851155139875814,0.9968719482421875
ID09,v2_rot180,2,54,8,216,,,,,,0.9968719482421875
ID09,v2_rot180,3,46,12,184,14.825662671995165,1.4314076679603727,1.7548518591752764,0.9928123426269285,0.003919260166200699,0.995391845703125
ID09,v2_rot180,4,16,16,64,11.446935162989586,0.2821408647611439,1.7339670568569574,0.9942158598376167,0.0033082518328810167,0.994171142578125
ID09,v2_rot180,4,36,16,144,12.443434511009738,1.6736608658923144,1.73758969329104,0.9952229056333084,0.0030686639372071054,0.99578857421875
ID09,v2_rot180,5,10,20,40,11.446935162989586,0.2821408647611439,1.7340136995881592,0.9943527831621362,0.0033085042979547267,0.9940948486328125
ID09,v2_rot180,5,28,20,112,11.11324596323283,0.32757196849541964,1.732614704395062,0.996016726695562,0.002493175294345114,0.9958343505859375
ID09,v2_rot180,5,40,20,160,13.773623058786647,1.577128717822457,1.7474405672402387,0.994078234459181,0.003560129645900431,0.99578857421875
ID09,v2_rot180,6,23,24,92,11.446935162989586,0.2821408647611439,1.7337302503706045,0.9946889689274159,0.0029846185014035255,0.9958343505859375
ID09,v2_rot180,7,41,28,164,13.773623058786647,1.577128717822457,1.7501254301492246,0.993727201965782,0.0037279472049664445,0.99578857421875
ID09,v2_rot180,10,47,40,188,14.825662671995165,1.4314076679603727,1.7539670325593664,0.9940942178272215,0.0033319704165253646,0.995391845703125
ID09,v2_rot180,11,31,44,124,11.11324596323283,0.32757196849541964,1.732614704395062,0.996016726695562,0.002493175294345114,0.9958343505859375
ID09,v2_rot180,11,61,44,244,,,,,,0.9968719482421875
ID09,v2_rot180,12,30,48,120,11.11324596323283,0.32757196849541964,1.732614704395062,0.996016726695562,0.002493175294345114,0.9958343505859375
ID09,v2_rot180,13,56,52,224,,,,,,0.9968719482421875
ID09,v2_rot180,14,35,56,140,12.443434511009738,1.6736608658923144,1.735417343596375,0.9956501831501832,0.0028289677436171825,0.99578857421875
ID09,v2_rot180,14,61,56,244,,,,,,0.996826171875
ID09,v2_rot180,16,46,64,184,14.825662671995165,1.4314076679603727,1.7550548906578651,0.9934224582608431,0.003703690634096565,0.9953460693359375
ID09,v2_rot180,17,35,68,140,11.11324596323283,1.749235613205984,1.7354349896511057,0.9955124780584599,0.003092921104427103,0.9957122802734375
ID09,v2_rot180,19,18,76,72,11.11324596323283,0.40999551482472246,1.734046876697979,0.9940777825264058,0.0036922680616401195,0.9937744140625
ID09,v2_rot180,20,32,80,128,11.11324596323283,1.749235613205984,1.7326488173477774,0.9957415632583909,0.002948974284472309,0.9954833984375
ID09,v2_rot180,20,54,80,216,15.877702285203682,1.6889417448849193,1.7393735804007042,0.9967034476443386,0.0022295080871133095,0.9965057373046875
ID09,v2_rot180,21,7,84,28,11.11324596323283,0.40999551482472246,1.7340482366312515,0.9940773305246448,0.0038124378495273856,0.9936981201171875
ID09,v2_rot180,21,18,84,72,11.11324596323283,0.40999551482472246,1.7340395413992986,0.9940625190793089,0.0037282317115911595,0.9937744140625
ID09,v2_rot180,21,28,84,112,7.950276664025011,0.4135715091706386,1.7326417326757895,0.9957262348128701,0.003032934479204384,0.9954376220703125
ID09,v2_rot180,22,0,88,0,8.377570899355195,0.4003863321884338,1.7339097805455115,0.9936957152233976,0.004016247420099604,0.993316650390625
ID09,v2_rot180,22,40,88,160,11.11324596323283,1.6438394394122164,1.747401007391747,0.9936505998351598,0.0040877434249905345,0.9953155517578125
ID09,v2_rot180,22,49,88,196,10.332504825010437,1.8636359930909758,1.7404535181195333,0.9958638583638584,0.002900890652353213,0.996307373046875
ID09,v2_rot180,23,8,92,32,11.11324596323283,0.40999551482472246,1.7340504129563248,0.9940766071782972,0.004016737931669468,0.9936065673828125
ID09,v2_rot180,24,43,96,172,7.950276664025011,1.541347142359431,1.7530296494717104,0.992811903853491,0.004231141574655464,0.9969024658203125
ID09,v2_rot180,25,35,100,140,4.650412016599621,1.5385908107268829,1.7311399275915365,0.9954203367579038,0.0035968590993212097,0.996185302734375
ID09,v2_rot180,26,16,104,64,4.787307364817192,0.46201424399641183,1.728273129480823,0.9961078209902925,0.00284112834613217,0.99676513671875
ID09,v2_rot180,26,29,104,116,4.51351666838205,0.4382233083237716,1.729271482325274,0.9956491206643869,0.003537073433717746,0.996124267578125
ID09,v2_rot180,28,4,112,16,4.578750543592754,0.38222152264875103,1.7255373233695965,0.9964266625944873,0.003502119015225699,0.996246337890625
ID09,v2_rot180,28,62,112,248,4.51351666838205,1.236535141847772,1.746908365727343,0.9965500396898089,0.0043281543778848205,0.991790771484375
ID09,v2_rot180,30,1,120,4,4.578750543592754,0.38222152264875103,1.7224599833476166,0.9966862640299305,0.0033821834325124898,0.996246337890625
ID09,v2_rot180,30,47,120,188,4.650412016599621,1.7402857082189596,1.7214378184895986,0.9974814927879112,0.0022417683973948383,0.9987945556640625
ID09,v2_rot180,30,61,120,244,4.51351666838205,1.236535141847772,1.7397862292592845,0.9974812236673384,0.003848580485598414,0.991790771484375
ID09,v2_rot180,31,29,124,116,4.441855195375183,0.3387246199306442,1.7215507235947574,0.9965803615046409,0.0029975198590828354,0.996124267578125
ID09,v2_rot180,31,37,124,148,4.51351666838205,1.6506973012447927,1.7215503986289746,0.996580570312023,0.00287744335371844,0.996185302734375
ID09,v2_rot180,31,58,124,232,4.51351666838205,0.690757154234582,1.739722106459717,0.9972064480674117,0.003920516569441375,0.9967803955078125
ID09,v2_rot180,33,7,132,28,4.578750543592754,0.38222152264875103,1.7205996683652678,0.9970222188287394,0.0031063315922721098,0.996246337890625
ID09,v2_rot180,35,32,140,128,4.51351666838205,1.6506973012447927,1.7212975839642488,0.9966108939912066,0.0029495595413375104,0.996124267578125
ID09,v2_rot180,37,31,148,124,4.441855195375183,0.3387246199306442,1.7212975839642488,0.9966108939912066,0.0029495595413375104,0.996124267578125
ID09,v2_rot180,39,18,156,72,4.370193722368317,0.38138822955164187,1.720681118997585,0.9968709933451371,0.0024455281966707285,0.99676513671875
ID09,v2_rot180,40,7,160,28,4.578750543592754,0.38222152264875103,1.7205996683652678,0.9970222188287394,0.0031063315922721098,0.996246337890625
ID09,v2_rot180,40,26,160,104,4.441855195375183,0.3387246199306442,1.7212978161206278,0.9966107387673471,0.0030456196623402983,0.9960784912109375
ID09,v2_rot180,41,12,164,48,4.578750543592754,0.41653235886764883,1.7203019350440565,0.9970685232685965,0.0027700466554417148,0.9964752197265625
ID09,v2_rot180,41,23,164,92,4.441855195375183,0.3387246199306442,1.7212978161206278,0.9966107387673471,0.0030456196623402983,0.9960784912109375
ID09,v2_rot180,41,36,164,144,4.51351666838205,1.6506973012447927,1.721297274455487,0.996611100934237,0.0028294859644897997,0.996185302734375
ID09,v2_rot180,43,42,172,168,4.51351666838205,1.6506973012447927,1.7212968876226844,0.9966113595774885,0.0026854088287977715,0.9962615966796875
ID09,v2_rot180,43,60,172,240,4.51351666838205,1.236535141847772,1.739795220004711,0.9974048971118031,0.003944495264055695,0.991790771484375
ID09,v2_rot180,43,63,172,252,4.51351666838205,1.236535141847772,1.7397862292592845,0.9974812236673384,0.003848580485598414,0.991790771484375
ID09,v2_rot180,44,1,176,4,4.578750543592754,0.38222152264875103,1.720561149903124,0.9969151356882149,0.003322418583422568,0.996185302734375
ID09,v2_rot180,44,21,176,84,4.441855195375183,0.3387246199306442,1.721297429205143,0.996610997465881,0.002877531206536616,0.996185302734375
ID09,v2_rot180,44,23,176,92,4.441855195375183,0.3387246199306442,1.7212978161206278,0.9966107387673471,0.0030456196623402983,0.9960784912109375
ID09,v2_rot180,44,36,176,144,4.51351666838205,1.6506973012447927,1.721297274455487,0.996611100934237,0.0028294859644897997,0.996185302734375
ID09,v2_rot180,45,29,180,116,4.441855195375183,0.3387246199306442,1.7212975839642488,0.9966108939912066,0.0029495595413375104,0.996124267578125
ID09,v2_rot180,45,40,180,160,4.51351666838205,1.6506973012447927,1.7212968876226844,0.9966113595774885,0.0026854088287977715,0.9962615966796875
ID09,v2_rot180,45,50,180,200,4.51351666838205,1.811849743829626,1.717952271613226,0.9986567961535526,0.0016663412151758424,0.9987945556640625
ID09,v2_rot180,47,51,188,204,4.51351666838205,1.7350497845540618,1.7175460224534793,0.9989010150347248,0.0016663412151758424,0.9987945556640625
ID09,v2_rot180,48,21,192,84,4.441855195375183,0.3387246199306442,1.721297429205143,0.996610997465881,0.002877531206536616,0.996185302734375
ID09,v2_rot180,48,26,192,104,4.441855195375183,0.3387246199306442,1.7212978161206278,0.9966107387673471,0.0030456196623402983,0.9960784912109375
ID09,v2_rot180,48,46,192,184,4.650412016599621,1.7402857082189596,1.7206259027033686,0.9970388460657864,0.002337672927764671,0.9987945556640625
ID09,v2_rot180,48,58,192,232,4.51351666838205,0.690757154234582,1.739722106459717,0.9972064480674117,0.003920516569441375,0.9967803955078125
ID09,v4_flipLR,0,26,0,104,4.51351666838205,0.3337747497370815,1.7213656913101323,0.996732425334392,0.0030700227482707318,0.996063232421875
ID09,v4_flipLR,0,56,0,224,4.652426491681278,1.4013271127238178,1.7253994134867807,0.9973740858918184,0.003261450976994335,0.9968414306640625
ID09,v4_flipLR,2,46,8,184,4.787307364817192,1.7667164231168284,1.7205999696023475,0.9971911827563046,0.0023019546829747524,0.99884033203125
ID09,v4_flipLR,3,21,12,84,4.51351666838205,0.3337747497370815,1.7213653718886461,0.9967326248931232,0.0029019536390341777,0.9961700439453125
ID09,v4_flipLR,3,34,12,136,4.650412016599621,1.6956455479805015,1.7213653718886461,0.9967326248931232,0.002949919814885982,0.996124267578125
ID09,v4_flipLR,4,14,16,56,4.51351666838205,0.380151797263033,1.7204858438593158,0.9972216709664616,0.0022660212325723624,0.996795654296875
ID09,v4_flipLR,4,40,16,160,4.650412016599621,1.6956455479805015,1.721364653332934,0.9967330738111595,0.002685736792626951,0.9962615966796875
ID09,v4_flipLR,5,4,20,16,4.51351666838205,0.3982362567808379,1.7206187290836665,0.9970527151670637,0.0030943852873456363,0.9962615966796875
ID09,v4_flipLR,5,23,20,92,4.51351666838205,0.3337747497370815,1.7213656913101323,0.996732425334392,0.0030700227482707318,0.996063232421875
ID09,v4_flipLR,7,32,28,128,4.650412016599621,1.6956455479805015,1.7213653718886461,0.9967326248931232,0.002949919814885982,0.996124267578125
ID09,v4_flipLR,8,40,32,160,4.650412016599621,1.6956455479805015,1.721364653332934,0.9967330738111595,0.002685736792626951,0.9962615966796875
ID09,v4_flipLR,10,21,40,84,4.51351666838205,0.3337747497370815,1.7213653718886461,0.9967326248931232,0.0029019536390341777,0.9961700439453125
ID09,v4_flipLR,10,54,40,216,4.582971580031664,1.7350650527475069,1.7176411885735392,0.9988549793132929,0.0020623881178052413,0.998321533203125
ID09,v4_flipLR,12,30,48,120,4.51351666838205,0.3337747497370815,1.7213653718886461,0.9967326248931232,0.002949919814885982,0.996124267578125
ID09,v4_flipLR,12,38,48,152,4.650412016599621,1.6956455479805015,1.721364733162707,0.9967330239374694,0.0027217480320472147,0.9962615966796875
ID09,v4_flipLR,12,43,48,172,4.650412016599621,1.6956455479805015,1.721364653332934,0.9967330738111595,0.002685736792626951,0.9962615966796875
ID09,v4_flipLR,13,6,52,24,4.51351666838205,0.3982362567808379,1.7206187290836665,0.9970527151670637,0.0030943852873456363,0.9962615966796875
ID09,v4_flipLR,13,13,52,52,4.51351666838205,0.380151797263033,1.7204865080668308,0.9972212467746614,0.0024942030625321656,0.9967041015625
ID09,v4_flipLR,13,23,52,92,4.51351666838205,0.3337747497370815,1.7213656913101323,0.996732425334392,0.0030700227482707318,0.996063232421875
ID09,v4_flipLR,13,34,52,136,4.650412016599621,1.6956455479805015,1.7213653718886461,0.9967326248931232,0.002949919814885982,0.996124267578125
ID09,v4_flipLR,13,45,52,180,4.650412016599621,1.6956455479805015,1.7213642542206282,0.99673332315677,0.0025776309743619505,0.996337890625
ID09,v4_flipLR,14,18,56,72,4.51351666838205,0.3665931257185526,1.720866269786482,0.9970232643341271,0.002421848156046354,0.996795654296875
ID09,v4_flipLR,14,22,56,88,4.51351666838205,0.3337747497370815,1.7213656913101323,0.996732425334392,0.0030700227482707318,0.996063232421875
ID09,v4_flipLR,15,64,60,256,4.787307364817192,1.426745416271635,1.7392222924932492,0.9976183569716492,0.0038609824065888817,0.991851806640625
ID09,v4_flipLR,17,13,68,52,4.51351666838205,0.380151797263033,1.720744387659819,0.9971907110249324,0.0025421685060423994,0.9967041015625
ID09,v4_flipLR,17,18,68,72,4.51351666838205,0.3665931257185526,1.721124106076736,0.9969927337119131,0.0024698055452749943,0.996795654296875
ID09,v4_flipLR,17,38,68,152,4.650412016599621,1.6956455479805015,1.7216225851977267,0.9967024914509037,0.0027697083497925405,0.9962615966796875
ID09,v4_flipLR,18,45,72,180,4.650412016599621,1.6956455479805015,1.723297967360067,0.9965043504808426,0.0027574656935034822,0.996337890625
ID09,v4_flipLR,20,31,80,124,4.51351666838205,0.3337747497370815,1.7263941007299202,0.9961371686820569,0.00334564076566337,0.996124267578125
ID09,v4_flipLR,21,26,84,104,4.650412016599621,0.4100829875771456,1.7279421229720113,0.9959537042692237,0.003561706079048466,0.996063232421875
ID09,v4_flipLR,23,62,92,248,4.852899062091563,1.2041430495933654,1.758239387540057,0.9951756461733409,0.005096017151553648,0.991851806640625
ID09,v4_flipLR,25,24,100,96,11.170383851240114,0.41022789774761453,1.733921514555961,0.9947942110405471,0.003632994069208397,0.9952392578125
ID09,v4_flipLR,26,10,104,40,11.170383851240114,0.41022789774761453,1.7344993646828908,0.994122406607331,0.003956786619256491,0.993621826171875
ID09,v4_flipLR,26,31,104,124,7.841950259811082,0.4134798693100232,1.7331197556721583,0.9957257128900286,0.0031651876890902843,0.99530029296875
ID09,v4_flipLR,26,45,104,180,12.495074915046768,1.68395794732458,1.7562894599191186,0.9927498626289761,0.004567383543782095,0.9924468994140625
ID09,v4_flipLR,26,46,104,184,13.81976597885342,1.5711339049799786,1.7555263114872883,0.9932075586897458,0.004291793242609007,0.9949493408203125
ID09,v4_flipLR,26,64,104,256,12.461976619092441,1.6956422785963141,1.7582962327434606,0.9954208260829747,0.004052028256988392,0.995208740234375
ID09,v4_flipLR,27,8,108,32,11.170383851240114,0.41022789774761453,1.7344974024303264,0.9941230346511983,0.0038124960458004666,0.9937286376953125
ID09,v4_flipLR,28,15,112,60,11.170383851240114,0.41022789774761453,1.7344960010780763,0.9941234831717927,0.0036923244192385574,0.993804931640625
ID09,v4_flipLR,30,51,120,204,15.756957549709801,1.702723523668089,1.73939008311137,0.9967494811378342,0.0021574238403665714,0.9966583251953125
ID09,v4_flipLR,31,16,124,64,11.170383851240114,0.41022789774761453,1.7344873330886017,0.9941845378920858,0.0035724437562762662,0.994049072265625
ID09,v4_flipLR,32,33,128,132,12.495074915046768,1.6665840620811798,1.7330837864037603,0.9959702654434998,0.002829270016054795,0.9956207275390625
ID09,v4_flipLR,33,7,132,28,11.366414810901166,0.274054276286454,1.734460489999087,0.9943679599499374,0.003320542312968851,0.994110107421875
ID09,v4_flipLR,34,24,136,96,11.366414810901166,0.274054276286454,1.7338814185005484,0.9950399853488798,0.002852767884875659,0.99578857421875
ID09,v4_flipLR,35,46,140,184,14.78836176428161,1.429633109678996,1.7554820296840972,0.9934533801312376,0.0035955966583127497,0.9954376220703125
ID09,v4_flipLR,35,52,140,208,,,,,,0.9969329833984375
ID09,v4_flipLR,36,28,144,112,11.170383851240114,0.32048525963938124,1.7330809411664798,0.9959709419449362,0.002493175294345114,0.99578857421875
ID09,v4_flipLR,36,60,144,240,,,,,,0.9969329833984375
ID09,v4_flipLR,37,0,148,0,11.366414810901166,0.274054276286454,1.7344602103091329,0.9943680459103467,0.0032845296291289677,0.994110107421875
ID09,v4_flipLR,37,49,148,196,,,,,,0.9969329833984375
ID09,v4_flipLR,37,64,148,256,,,,,,0.9969329833984375
ID09,v4_flipLR,38,36,152,144,12.495074915046768,1.6665840620811798,1.7380718459139393,0.9953298128872745,0.0029367624619574314,0.995758056640625
ID09,v4_flipLR,38,51,152,204,,,,,,0.9969329833984375
ID09,v4_flipLR,38,58,152,232,,,,,,0.9969329833984375
ID09,v4_flipLR,39,14,156,56,11.366414810901166,0.274054276286454,1.7344588119874178,0.9943684756730359,0.0031644147966687986,0.9941864013671875
ID09,v4_flipLR,39,45,156,180,13.81976597885342,1.5711339049799786,1.7562462172976323,0.9929955745460095,0.003943171001949648,0.9929046630859375
ID09,v4_flipLR,40,4,160,16,11.366414810901166,0.274054276286454,1.7344602103091329,0.9943680459103467,0.0032845296291289677,0.994110107421875
ID09,v4_flipLR,40,22,160,88,11.366414810901166,0.274054276286454,1.7344325668289235,0.9943989988401196,0.003104482698247041,0.99578857421875
ID09,v4_flipLR,40,38,160,152,12.495074915046768,1.6665840620811798,1.7431810521666502,0.9946735447635908,0.0032364321009326793,0.995758056640625
ID09,v4_flipLR,45,28,180,112,11.170383851240114,0.32048525963938124,1.7328969558951637,0.9954215249374275,0.002756876527400847,0.99578857421875
ID09,v4_flipLR,45,38,180,152,12.495074915046768,1.6665840620811798,1.7429970612793495,0.9941241109856231,0.003500141383230898,0.995758056640625
ID09,v4_flipLR,46,59,184,236,,,,,,0.9969329833984375
ID09,v4_flipLR,48,20,192,80,11.562445770562215,0.3089090229414911,1.7332731291278247,0.9908277882913131,0.003883599977729889,0.9906463623046875
ID09,v4_flipLR,48,53,192,212,17.186959427966244,1.3658724503446609,1.7381167372766777,0.9934839005035861,0.0024929470164301733,0.9933929443359375
ID09,v6_flipLR_rot180,1,26,4,104,,,,,,1.0
ID09,v6_flipLR_rot180,1,57,4,228,,,,,,0.996856689453125
ID09,v6_flipLR_rot180,2,56,8,224,,,,,,0.996856689453125
ID09,v6_flipLR_rot180,3,14,12,56,,,,,,0.9993896484375
ID09,v6_flipLR_rot180,6,29,24,116,,,,,,1.0
ID09,v6_flipLR_rot180,7,6,28,24,,,,,,0.9993896484375
ID09,v6_flipLR_rot180,8,18,32,72,,,,,,0.9993896484375
ID09,v6_flipLR_rot180,9,61,36,244,,,,,,0.996856689453125
ID09,v6_flipLR_rot180,10,30,40,120,,,,,,1.0
ID09,v6_flipLR_rot180,10,36,40,144,,,,,,0.996856689453125
ID09,v6_flipLR_rot180,10,41,40,164,,,,,,0.996856689453125
ID09,v6_flipLR_rot180,13,21,52,84,,,,,,0.9993896484375
ID09,v6_flipLR_rot180,13,49,52,196,,,,,,0.996856689453125
ID09,v6_flipLR_rot180,15,57,60,228,,,,,,0.9967803955078125
ID09,v6_flipLR_rot180,16,8,64,32,,,,,,0.9993896484375
ID09,v6_flipLR_rot180,16,13,64,52,4.652426491681278,0.11425881169598591,1.7217363053381904,0.999053955078125,0.0011385013660088743,0.9993896484375
ID09,v6_flipLR_rot180,16,50,64,200,15.957691216057308,1.737532058916267,1.7445926120424575,0.9966119801602442,0.0024332060613457764,0.9967803955078125
ID09,v6_flipLR_rot180,17,15,68,60,4.652426491681278,0.11425881169598591,1.7245549982648871,0.9987945556640625,0.001342233189399936,0.9992218017578125
ID09,v6_flipLR_rot180,19,25,76,100,7.007887221150197,0.5620192669504511,1.740326241747094,0.9974209891803629,0.0021454054120792817,0.999725341796875
ID09,v6_flipLR_rot180,19,46,76,184,12.527487449495883,1.703013413883013,1.7533764268442371,0.9957572150237322,0.0031285032835299664,0.99658203125
ID09,v6_flipLR_rot180,20,10,80,40,5.165003569585972,0.49563455791504457,1.7334068063684718,0.9979400634765625,0.0018575548603302686,0.9979400634765625
ID09,v6_flipLR_rot180,20,55,80,220,12.527487449495883,1.703013413883013,1.756266294757478,0.9954977641438884,0.0033322755280510755,0.99530029296875
ID09,v6_flipLR_rot180,20,62,80,248,12.527487449495883,1.703013413883013,1.756266294757478,0.9954977641438884,0.0033322755280510755,0.99530029296875
ID09,v6_flipLR_rot180,21,50,84,200,12.527487449495883,1.703013413883013,1.7575805732066199,0.9954974205561831,0.0036202302473523212,0.9952239990234375
ID09,v6_flipLR_rot180,22,27,88,108,9.09728368293446,0.5849434845918401,1.7507981550070242,0.9964748431991942,0.0029604197585675,0.998443603515625
ID09,v6_flipLR_rot180,22,39,88,156,12.527487449495883,1.703013413883013,1.758946931231273,0.99540619324512,0.003715846811855516,0.99530029296875
ID09,v6_flipLR_rot180,23,34,92,136,9.09728368293446,1.6333294827962135,1.7605870016564704,0.9952079359023274,0.003955458129281311,0.995086669921875
ID09,v6_flipLR_rot180,23,36,92,144,9.09728368293446,1.6333294827962135,1.7605870016564704,0.9952079359023274,0.003955458129281311,0.995086669921875
ID09,v6_flipLR_rot180,24,34,96,136,7.007887221150197,1.5817129386011812,1.761235351739988,0.9952077164921705,0.004135441017858424,0.998046875
ID09,v6_flipLR_rot180,24,61,96,244,4.7854586255236065,1.235914829185018,1.761484034594039,0.9949020864813712,0.004579301531172447,0.9978179931640625
ID09,v6_flipLR_rot180,24,64,96,256,4.7854586255236065,1.235914829185018,1.761484034594039,0.9949020864813712,0.004579301531172447,0.9978179931640625
ID09,v6_flipLR_rot180,25,9,100,36,5.4115163798060095,0.5436592715092075,1.7352608359416066,0.9987944636889411,0.0023730575811859236,0.9939727783203125
ID09,v6_flipLR_rot180,25,53,100,212,4.7854586255236065,1.2191419812820126,1.7592076911409176,0.9951606008793357,0.0049638928866411755,0.99200439453125
ID09,v6_flipLR_rot180,25,57,100,228,4.652426491681278,0.6879092748266087,1.7591483146996112,0.995007938446507,0.005131753998749815,0.991851806640625
ID09,v6_flipLR_rot180,26,18,104,72,4.652426491681278,0.4545125445214452,1.7394808829196675,0.9973901895546534,0.0036200092388209973,0.9919891357421875
ID09,v6_flipLR_rot180,26,36,104,144,7.007887221150197,1.5817129386011812,1.7541967156890759,0.9961691086691087,0.003871849920289618,0.9927215576171875
ID09,v6_flipLR_rot180,26,41,104,164,7.007887221150197,1.5817129386011812,1.7541967156890759,0.9961691086691087,0.003871849920289618,0.9927215576171875
ID09,v6_flipLR_rot180,26,59,104,236,4.652426491681278,0.6879092748266087,1.7550743286816861,0.995542256961407,0.004867972251150525,0.991851806640625
ID09,v6_flipLR_rot180,29,36,116,144,4.918490759365935,1.6861375867449735,1.7417449998890395,0.9978021978021978,0.0031046722271052974,0.9927215576171875
ID09,v6_flipLR_rot180,29,61,116,244,4.582971580031664,1.235914829185018,1.7426195714268868,0.9971757449926723,0.0041006071672253196,0.991851806640625
ID09,v6_flipLR_rot180,30,28,120,112,4.7160037138739925,0.5495862151569911,1.7390684628479107,0.9981532356532357,0.0028769163494412023,0.9927215576171875
ID09,v6_flipLR_rot180,31,36,124,144,4.918490759365935,1.6861375867449735,1.7390684628479107,0.9981532356532357,0.0028769163494412023,0.9927215576171875
ID09,v6_flipLR_rot180,33,25,132,100,4.7160037138739925,0.5495862151569911,1.739169433037179,0.9980769230769231,0.0029967878640012524,0.9927215576171875
ID09,v6_flipLR_rot180,34,16,136,64,4.652426491681278,0.4545125445214452,1.7394808829196675,0.9973901895546534,0.0036200092388209973,0.9919891357421875
ID09,v6_flipLR_rot180,37,15,148,60,4.652426491681278,0.4545125445214452,1.7394808829196675,0.9973901895546534,0.0036200092388209973,0.9919891357421875
ID09,v6_flipLR_rot180,37,26,148,104,4.7160037138739925,0.5495862151569911,1.7390684628479107,0.9981532356532357,0.0028769163494412023,0.9927215576171875
ID09,v6_flipLR_rot180,37,58,148,232,4.582971580031664,1.235914829185018,1.7399423806151075,0.9975268685881779,0.003872795657935024,0.991851806640625
ID09,v6_flipLR_rot180,39,0,156,0,4.652426491681278,0.12836238859446933,1.716627165093932,0.9992370023347729,0.0009588111439135044,0.9991607666015625
ID09,v6_flipLR_rot180,39,26,156,104,4.7160037138739925,0.5495862151569911,1.7390684628479107,0.9981532356532357,0.0028769163494412023,0.9927215576171875
ID09,v6_flipLR_rot180,40,35,160,140,4.918490759365935,1.6861375867449735,1.7390684628479107,0.9981532356532357,0.0028769163494412023,0.9927215576171875
ID09,v6_flipLR_rot180,40,61,160,244,4.582971580031664,1.235914829185018,1.7399423806151075,0.9975268685881779,0.003872795657935024,0.991851806640625
ID09,v6_flipLR_rot180,44,1,176,4,4.652426491681278,0.12836238859446933,1.716627190308634,0.9992369557586949,0.0011027001241101415,0.9990997314453125
ID09,v6_flipLR_rot180,45,57,180,228,4.582971580031664,1.235914829185018,1.7399423806151075,0.9975268685881779,0.003872795657935024,0.991851806640625
ID09,v6_flipLR_rot180,46,64,184,256,4.582971580031664,1.235914829185018,1.7399423806151075,0.9975268685881779,0.003872795657935024,0.991851806640625
ID09,v6_flipLR_rot180,47,5,188,20,4.652426491681278,0.12836238859446933,1.716627190308634,0.9992369557586949,0.0011027001241101415,0.9990997314453125
ID09,v6_flipLR_rot180,47,19,188,76,4.652426491681278,0.4545125445214452,1.7394837240563736,0.9973898708672956,0.0038482280192108694,0.9919281005859375
ID09,v6_flipLR_rot180,48,48,192,192,4.652426491681278,1.4403152586566368,1.740001757056414,0.9976795310210064,0.003692944466390054,0.99200439453125
ID10,v0_rot0,0,29,0,116,5.099411872311601,0.42581633998387425,1.7541540039820607,0.978793547595682,0.018486049141546293,0.9767303466796875
ID10,v0_rot0,1,0,4,0,4.370193722368317,0.45633926890684345,1.754620886977806,0.9800616082512146,0.01865668193998628,0.9701995849609375
ID10,v0_rot0,1,27,4,108,5.4115163798060095,0.44265556267036443,1.7575014495307713,0.9785364956229782,0.018097619691023116,0.9774932861328125
ID10,v0_rot0,1,31,4,124,5.4115163798060095,0.4563233889347569,1.7499212488952167,0.9777529054613474,0.018893773854996725,0.9761962890625
ID10,v0_rot0,2,1,8,4,4.370193722368317,0.45633926890684345,1.7544849615790876,0.9801758740080277,0.01809662097848703,0.97198486328125
ID10,v0_rot0,2,13,8,52,4.370193722368317,0.49546269379782953,1.7641126490978924,0.9802699100810343,0.017890152861812864,0.9726715087890625
ID10,v0_rot0,2,57,8,228,5.4115163798060095,0.4143211939157016,1.7240145798361115,0.9773026819923372,0.019090290990779357,0.9765472412109375
ID10,v0_rot0,2,59,8,236,5.970821321441846,0.46615357769569576,1.7275754972276673,0.9742886474725342,0.01955582819546839,0.9732818603515625
ID10,v0_rot0,3,33,12,132,4.852899062091563,0.43060645433825956,1.74633808264583,0.9760809567617296,0.01972527126103987,0.97430419921875
ID10,v0_rot0,4,45,16,180,5.4115163798060095,0.4100336306683108,1.726690155686053,0.9780595504584343,0.019917337129486668,0.976470947265625
ID10,v0_rot0,7,0,28,0,4.441855195375183,0.46134515875202037,1.7762638432198636,0.9777389919774634,0.018794435197963925,0.970184326171875
ID10,v0_rot0,7,41,28,164,5.29119966281621,0.4266507185566971,1.7274578087483226,0.9800364644777766,0.017219580073568594,0.978118896484375
ID10,v0_rot0,8,0,32,0,4.441855195375183,0.46365719725452287,1.7763952053894831,0.9785045011941944,0.0184577466595487,0.9699554443359375
ID10,v0_rot0,8,6,32,24,4.787307364817192,0.4648080988062496,1.7772923914757706,0.9785257293292926,0.017995852857715433,0.9703369140625
ID10,v0_rot0,8,22,32,88,5.4115163798060095,0.4826383268676645,1.785719879873471,0.9737438725490196,0.020272608843822003,0.9744415283203125
ID10,v0_rot0,9,57,36,228,5.292567428401227,0.48146766249300044,1.7274869806725501,0.9782008830022075,0.01872231641039723,0.976409912109375
ID10,v0_rot0,10,24,40,96,5.4115163798060095,0.46808606617216686,1.7796021095267853,0.9738605178836984,0.020397450270521065,0.97314453125
ID10,v0_rot0,10,29,40,116,5.4115163798060095,0.47460788341805155,1.7623777551584379,0.977890556722528,0.01842442142865175,0.9768524169921875
ID10,v0_rot0,10,30,40,120,5.582571885778801,0.46875807163481464,1.7583850244035188,0.9778752242375922,0.01847258985068744,0.9768524169921875
ID10,v0_rot0,12,47,48,188,4.787307364817192,0.3813597198854434,1.7325113281610351,0.9760315487425003,0.022319774718226063,0.9723663330078125
ID10,v0_rot0,14,22,56,88,5.4115163798060095,0.4984204097149493,1.7954291823671367,0.9670658223578296,0.024553853132693412,0.969329833984375
ID10,v0_rot0,14,46,56,184,5.044686852596173,0.4118535375942867,1.734242893328536,0.9747084100675261,0.023094273804013365,0.9717864990234375
ID10,v0_rot0,15,32,60,128,5.4115163798060095,0.46287490766401895,1.7580518711813062,0.971327705295472,0.02327864702257057,0.9723052978515625
ID10,v0_rot0,15,35,60,140,5.4115163798060095,0.46451768673191973,1.753925094087239,0.9700958407568963,0.024512027216680207,0.9698486328125
ID10,v0_rot0,15,54,60,216,4.787307364817192,0.40049391405164975,1.732911946069628,0.9767127703667317,0.02195493077608881,0.9713287353515625
ID10,v0_rot0,16,30,64,120,5.4115163798060095,0.4678589735680149,1.7652585132866128,0.9727162520907822,0.022501240981831847,0.972747802734375
ID10,v0_rot0,17,37,68,148,4.918490759365935,0.42118995128585796,1.745373076826533,0.9719644832247757,0.024601002445117932,0.969207763671875
ID10,v0_rot0,18,11,72,44,4.787307364817192,0.4890118582119665,1.7964184656758155,0.9674612414976408,0.02454519660106003,0.9586029052734375
ID10,v0_rot0,18,44,72,176,4.787307364817192,0.4052561253189624,1.7347954991876002,0.9726077934055799,0.026258412195672123,0.967529296875
ID10,v0_rot0,21,37,84,148,4.852899062091563,0.4156516661649098,1.7453101882188413,0.9714847590953786,0.025231495201328422,0.9681396484375
ID10,v0_rot0,23,15,92,60,4.787307364817192,0.5017201878150737,1.7959838803022496,0.9695034157399749,0.02271285930359315,0.960205078125
ID10,v0_rot0,23,20,92,80,4.852899062091563,0.49592713118782084,1.7975104317737711,0.9665399589221667,0.02532843468606467,0.9580078125
ID10,v0_rot0,23,30,92,120,5.4115163798060095,0.46287490766401895,1.7651253895873065,0.9723454213409862,0.023045706610026258,0.9699859619140625
ID10,v0_rot0,24,40,96,160,4.787307364817192,0.4100336306683108,1.7343977480284476,0.9744219986174053,0.024142894614921178,0.967864990234375
ID10,v0_rot0,25,30,100,120,5.4115163798060095,0.46287490766401895,1.7651286005639277,0.9723437236214068,0.023119444992806694,0.9699859619140625
ID10,v0_rot0,26,64,104,256,5.292567428401227,0.4827824386491186,1.7461342992232158,0.965852534562212,0.027145097813275863,0.9617156982421875
ID10,v0_rot0,29,17,116,68,4.787307364817192,0.5000737873052846,1.7958419343639587,0.9691775050936777,0.02308897583466923,0.9599761962890625
ID10,v0_rot0,29,62,116,248,5.170882945826411,0.4739239069634608,1.741954605788969,0.9671453805391291,0.026781106255162203,0.9637298583984375
ID10,v0_rot0,30,23,120,92,5.4115163798060095,0.4975910859859199,1.792608802723886,0.9660736196319019,0.024874957168952924,0.9679412841796875
ID10,v0_rot0,31,1,124,4,4.719866928249235,0.5005523204412119,1.7829573101037286,0.9733923593027174,0.020705098483609703,0.9714508056640625
ID10,v0_rot0,33,16,132,64,5.29119966281621,0.5218702535318234,1.7931032944569583,0.9720282932206504,0.020213336895570925,0.97088623046875
ID10,v0_rot0,33,22,132,88,5.582571885778801,0.4839240007225936,1.793666114932713,0.9677547892720306,0.02330315470248981,0.970947265625
ID10,v0_rot0,34,0,136,0,4.979095155321801,0.5311304144285088,1.7793979742719594,0.9760391946719743,0.01833778150778701,0.9744110107421875
ID10,v0_rot0,35,15,140,60,5.582571885778801,0.537579859203033,1.790342343025689,0.9740812142354417,0.018301683081708646,0.9720611572265625
ID10,v0_rot0,36,0,144,0,5.406389390651986,0.507766000317851,1.7771928210378756,0.9780969424432921,0.015664956715004397,0.976165771484375
ID10,v0_rot0,36,49,144,196,4.918490759365935,0.3813597198854434,1.733358590439261,0.9802540734603701,0.01952108111178413,0.9756622314453125
ID10,v0_rot0,38,53,152,212,4.852899062091563,0.40049391405164975,1.7309094165480357,0.9815524750046004,0.017957257278194125,0.9791107177734375
ID10,v0_rot0,38,59,152,236,5.231725187113819,0.46068143497667746,1.7344558873159392,0.975391601847164,0.020713082690971506,0.9750213623046875
ID10,v0_rot0,39,0,156,0,6.166576017115567,0.5295405482786208,1.7708865458453351,0.9800654294187788,0.013279273071782458,0.98028564453125
ID10,v0_rot0,39,42,156,168,5.753627391751592,0.38522676765206343,1.7293638433009044,0.9822498812060271,0.016384783647571656,0.98004150390625
ID10,v0_rot0,39,48,156,192,4.918490759365935,0.3942071260195205,1.7283956586406874,0.9823027849343638,0.017404311527869476,0.97998046875
ID10,v0_rot0,41,12,164,48,5.753627391751592,0.4404525321024404,1.7732427855134516,0.9784778587915195,0.013890122056386293,0.9794464111328125
ID10,v0_rot0,41,34,164,136,6.579524642479541,0.38862100977053704,1.7407284021052338,0.9782365644096611,0.016467463368065594,0.98187255859375
ID10,v0_rot0,42,33,168,132,5.582571885778801,0.39173458964321756,1.7394666603435165,0.9795733994824445,0.015994909539844216,0.9806671142578125
ID10,v0_rot0,42,35,168,140,5.753627391751592,0.3930597753779145,1.7365157648961045,0.9796690669526582,0.01636496862602313,0.98095703125
ID10,v0_rot0,42,50,168,200,4.719866928249235,0.4004939140516496,1.7229571120341443,0.9863112391930836,0.014459243274270884,0.9832000732421875
ID10,v0_rot0,43,44,172,176,5.4115163798060095,0.36919436782607407,1.7244502044064614,0.985301330390534,0.014830644002600335,0.9829559326171875
ID10,v0_rot0,44,40,176,160,5.165003569585972,0.3626084166794709,1.724160752212715,0.9875746897502681,0.013043842640153729,0.985198974609375
ID10,v0_rot0,47,36,188,144,5.03993739660921,0.42037431712959966,1.7272410384696772,0.9868519852276384,0.01352785962668728,0.9851226806640625
ID10,v0_rot0,48,33,192,132,5.527906391541368,0.40967686326630043,1.7268843871996973,0.98577052093066,0.013810361811390792,0.9829864501953125
ID10,v0_rot0,48,38,192,152,5.03993739660921,0.37507558662760015,1.7243646423037207,0.9890258108025259,0.012808283456791199,0.984710693359375
ID10,v2_rot180,0,24,0,96,4.51351666838205,0.36221471724923726,1.7234464387779136,0.9856528196726332,0.013072131002052187,0.9823150634765625
ID10,v2_rot180,0,25,0,100,4.51351666838205,0.36221471724923726,1.7233888403715614,0.9857317819963258,0.012685166294922043,0.982757568359375
ID10,v2_rot180,0,44,0,176,4.51351666838205,0.39836004911246814,1.7235921245083141,0.9875824007358577,0.013521418633992555,0.9832916259765625
ID10,v2_rot180,0,56,0,224,4.51351666838205,0.4237422501786159,1.7278312285001802,0.9852528197652114,0.01593334415731492,0.9810791015625
ID10,v2_rot180,2,10,8,40,4.918490759365935,0.29803184979848396,1.7169896889885656,0.9915354119789993,0.009857900445208363,0.9900360107421875
ID10,v2_rot180,2,18,8,72,4.441855195375183,0.34113805012616505,1.7179138611987048,0.9923954954403574,0.008928802793994493,0.9913177490234375
ID10,v2_rot180,3,14,12,56,4.918490759365935,0.34122739159792026,1.71778109814017,0.9936061185468451,0.007893026284544911,0.9923095703125
ID10,v2_rot180,4,9,16,36,4.918490759365935,0.2825009664937611,1.7222414459115016,0.9904336246613503,0.010194199601442397,0.98992919921875
ID10,v2_rot180,4,53,16,212,4.719866928249235,0.37065003597910195,1.7269825612605676,0.9887130413446203,0.013610292059856406,0.986480712890625
ID10,v2_rot180,5,53,20,212,5.046265044040321,0.38772601688045616,1.7334023375845657,0.9843273167814259,0.014874737103710357,0.985198974609375
ID10,v2_rot180,6,30,24,120,5.4115163798060095,0.39559182483964295,1.7336240476450107,0.9843704554152315,0.012059002799657721,0.985992431640625
ID10,v2_rot180,8,19,32,76,5.4115163798060095,0.47666774625170744,1.7360239867393428,0.9790069619768954,0.014048358243617429,0.9813385009765625
ID10,v2_rot180,9,23,36,92,5.4115163798060095,0.4605466039401548,1.7379652150024834,0.9758584265878787,0.016544063696322716,0.9801025390625
ID10,v2_rot180,9,45,36,180,5.526706107641786,0.48445126456025506,1.7419630622752944,0.9732474305875134,0.019770492194128127,0.9765625
ID10,v2_rot180,10,52,40,208,5.641895835477563,0.4562200521731522,1.7434793262358719,0.9713386552041756,0.021967998982348032,0.96710205078125
ID10,v2_rot180,11,4,44,16,6.282549314314218,0.37287491167006365,1.7365285061956006,0.9784811288989562,0.015386293568042086,0.9828643798828125
ID10,v2_rot180,11,34,44,136,5.641895835477563,0.46752725726457256,1.742991072478492,0.9695590196348922,0.02135614631699504,0.96807861328125
ID10,v2_rot180,12,59,48,236,5.641895835477563,0.4942641359988749,1.7556984488379868,0.9662105085318466,0.025295734055882427,0.962677001953125
ID10,v2_rot180,14,14,56,56,6.128447506058766,0.4354046887105021,1.7398447451805104,0.973803472456135,0.01762858969808401,0.9706573486328125
ID10,v2_rot180,14,32,56,128,5.526706107641786,0.4640525427234774,1.7434121503662323,0.9694498520778086,0.021598238808268652,0.96728515625
ID10,v2_rot180,17,31,68,124,5.526706107641786,0.4406849752155033,1.7422257738996845,0.9710304869637192,0.020946840243275856,0.968231201171875
ID10,v2_rot180,17,44,68,176,5.697761613614578,0.4787974436898147,1.7443684063808074,0.9663834559896753,0.02623343535922769,0.9608612060546875
ID10,v2_rot180,18,11,72,44,6.231468273342625,0.413184749062015,1.7443883836785636,0.9706549041230166,0.019739606477596223,0.9693145751953125
ID10,v2_rot180,19,16,76,64,5.753627391751592,0.44195384911117336,1.7403150964256986,0.9734509209498875,0.018025689325750997,0.9703369140625
ID10,v2_rot180,19,56,76,224,5.526706107641786,0.48875173988280024,1.7499381887882712,0.9644202530867045,0.02794426787984832,0.9599151611328125
ID10,v2_rot180,19,63,76,252,5.469711385673689,0.49191121080531447,1.7515025152634034,0.9652776710370586,0.027307069669146897,0.962127685546875
ID10,v2_rot180,21,41,84,164,5.4115163798060095,0.48133638505928933,1.7435896708935699,0.9679726225004988,0.024165911907246197,0.9625701904296875
ID10,v2_rot180,21,47,84,188,5.641895835477563,0.4509044135233904,1.746411313148335,0.9632744043043813,0.02862688770815296,0.95703125
ID10,v2_rot180,22,40,88,160,5.4115163798060095,0.48133638505928933,1.7435882578190192,0.9679740969217077,0.024068381246427652,0.962554931640625
ID10,v2_rot180,25,15,100,60,5.915067585749045,0.4301504705788062,1.7402092429420317,0.9735604540371624,0.01864810822852047,0.96978759765625
ID10,v2_rot180,26,24,104,96,5.641895835477563,0.42532673821279143,1.7415271014208906,0.9712906192519927,0.021609284232041993,0.96722412109375
ID10,v2_rot180,26,29,104,116,5.4115163798060095,0.4371952578070104,1.7411172160369712,0.9723439463120155,0.02020475464015438,0.96856689453125
ID10,v2_rot180,27,30,108,120,5.4115163798060095,0.4371952578070104,1.7414100060472861,0.9719620437508623,0.020961448997822537,0.9680023193359375
ID10,v2_rot180,27,60,108,240,5.526706107641786,0.48875173988280024,1.7558309582959573,0.9618477909855603,0.02956611210378375,0.95587158203125
ID10,v2_rot180,28,11,112,44,6.180387232371033,0.40917240321717224,1.7446457198026009,0.9703962489657074,0.020723478247225122,0.9686737060546875
ID10,v2_rot180,30,19,120,76,5.641895835477563,0.44307991213515363,1.7411112727997369,0.9724358777924187,0.019927977179330345,0.96893310546875
ID10,v2_rot180,31,20,124,80,5.641895835477563,0.431277853354283,1.7415245011247389,0.9719587502490001,0.02030258043320659,0.9687957763671875
ID10,v2_rot180,31,29,124,116,5.4115163798060095,0.431277853354283,1.741125543892969,0.9721162537727321,0.020311502808519753,0.968414306640625
ID10,v2_rot180,32,31,128,124,5.4115163798060095,0.4365883692637196,1.7419797976713207,0.9710242690910206,0.021577468054766083,0.96759033203125
ID10,v2_rot180,32,50,128,200,5.526706107641786,0.47366944985000614,1.7443398037164313,0.9657361576536416,0.026946977906095005,0.9603271484375
ID10,v2_rot180,32,53,128,212,5.526706107641786,0.4809610124875906,1.7426356486863355,0.9676680752977334,0.025574471121616486,0.9613189697265625
ID10,v2_rot180,32,63,128,252,5.527906391541368,0.4942641359988749,1.7511340572548029,0.9660751325190136,0.026113568803750143,0.963348388671875
ID10,v2_rot180,32,64,128,256,5.4115163798060095,0.49457304660558365,1.7482687211378014,0.9673841237651902,0.025568184668221302,0.9635162353515625
ID10,v2_rot180,33,39,132,156,5.4115163798060095,0.48636523206326226,1.7430624809604942,0.9689820212309014,0.022771100951420157,0.964141845703125
ID10,v2_rot180,35,21,140,84,5.641895835477563,0.4072154222333257,1.7419228301936818,0.9711813796799632,0.020012289164587,0.96942138671875
ID10,v2_rot180,35,54,140,216,5.526706107641786,0.48716235776268607,1.741370050002984,0.9694342575685504,0.02312652983013462,0.96429443359375
ID10,v2_rot180,36,13,144,52,5.753627391751592,0.424979993820777,1.74066777229038,0.972815355650457,0.018189028504390553,0.97027587890625
ID10,v2_rot180,36,21,144,84,5.641895835477563,0.41486181081455153,1.7419442572191524,0.9712903275199436,0.019794597635122264,0.9697418212890625
ID10,v2_rot180,37,28,148,112,5.526706107641786,0.44307991213515363,1.740982940995481,0.9727317267354625,0.01878298574925459,0.970611572265625
ID10,v2_rot180,38,24,152,96,5.641895835477563,0.4371952578070104,1.7407530132336382,0.9723608856766607,0.01962713690418393,0.96942138671875
ID10,v2_rot180,40,62,160,248,6.076507779746499,0.47721349413995184,1.7463102776671222,0.970465169744808,0.020102918735132785,0.9708251953125
ID10,v2_rot180,41,42,164,168,5.4115163798060095,0.49191121080531447,1.7393095776719372,0.9725647585055376,0.019273722181993413,0.9696044921875
ID10,v2_rot180,42,58,168,232,5.970821321441846,0.4954983136166632,1.7452497165123677,0.9698942852765435,0.02003505350171214,0.9675445556640625
ID10,v2_rot180,42,63,168,252,6.076507779746499,0.5013995284930468,1.7426153914525617,0.9721520150728368,0.018635506258944095,0.9723663330078125
ID10,v2_rot180,43,45,172,180,5.526706107641786,0.48875173988280024,1.7392095664696698,0.9697856945764478,0.021358437959761372,0.967041015625
ID10,v2_rot180,46,6,184,24,6.282549314314218,0.43463041608364544,1.7437323108069325,0.9741694593643361,0.017246574002285242,0.9727783203125
ID10,v2_rot180,46,29,184,116,6.023664550594173,0.44181478730408114,1.736360988604776,0.9747949314397649,0.015937774924476865,0.9722442626953125
ID10,v2_rot180,47,64,188,256,6.6755811781245455,0.44699456693042877,1.739258299607249,0.9716597949205279,0.01969424145606771,0.9702606201171875
ID10,v2_rot180,48,6,192,24,6.282549314314218,0.43463041608364544,1.7436611791215864,0.9740128558310377,0.017597534606884974,0.97235107421875
ID10,v4_flipLR,1,9,4,36,6.180387232371033,0.42020780600764046,1.7443488251683035,0.9697679402400196,0.018911206695814753,0.969207763671875
ID10,v4_flipLR,4,7,16,28,6.180387232371033,0.3836247929624154,1.7452969847147115,0.9732786458731884,0.017693425208078293,0.972747802734375
ID10,v4_flipLR,5,20,20,80,6.076507779746499,0.4724751954041828,1.738376349549751,0.9752850256331778,0.01635820491826348,0.9747772216796875
ID10,v4_flipLR,5,25,20,100,5.970821321441846,0.4697339508683517,1.7381852385325764,0.9750022961761013,0.016964100182986858,0.9741668701171875
ID10,v4_flipLR,5,31,20,124,5.641895835477563,0.4697339508683517,1.7379313375237762,0.9752472216269173,0.017156464182226966,0.9739227294921875
ID10,v4_flipLR,6,13,24,52,6.076507779746499,0.4722370411316311,1.7373820039745858,0.9762535000076503,0.015622161549897987,0.974517822265625
ID10,v4_flipLR,7,30,28,120,5.641895835477563,0.4697339508683517,1.7385768716763585,0.9755287563894586,0.016923886842514876,0.9732666015625
ID10,v4_flipLR,8,26,32,104,5.752562989156301,0.46697330975617374,1.7392162601061492,0.9747042710453425,0.017078837439940226,0.9737701416015625
ID10,v4_flipLR,8,63,32,252,6.023664550594173,0.47705955684429835,1.7437466469548444,0.970978962045876,0.01966413739778175,0.972015380859375
ID10,v4_flipLR,9,11,36,44,6.076507779746499,0.40535898480953814,1.7448605062675755,0.9712112400134685,0.018944373955651815,0.9705963134765625
ID10,v4_flipLR,9,29,36,116,5.526706107641786,0.4585049345227403,1.7393881991697437,0.9741356881590426,0.017645345248273735,0.9715118408203125
ID10,v4_flipLR,10,53,40,212,5.467231631939395,0.4920818598389842,1.7368827871531265,0.9715639810426541,0.02143013439905613,0.9674072265625
ID10,v4_flipLR,10,59,40,236,5.863230142835039,0.4942641359988749,1.748249052389774,0.9668446408297279,0.02390729933690106,0.9623870849609375
ID10,v4_flipLR,11,9,44,36,6.076507779746499,0.375840954950172,1.7481440962206172,0.9680935758466532,0.021115181194897407,0.968536376953125
ID10,v4_flipLR,11,34,44,136,5.4115163798060095,0.48058522822233735,1.7412042214244998,0.9677616969140057,0.022072220381871774,0.967010498046875
ID10,v4_flipLR,11,58,44,232,5.752562989156301,0.48765892199349425,1.7505315848448628,0.96535694011875,0.024738373240690427,0.9621124267578125
ID10,v4_flipLR,12,11,48,44,6.076507779746499,0.3998845536313922,1.7454281255596742,0.9697498545666084,0.020127315843472774,0.969024658203125
ID10,v4_flipLR,13,2,52,8,6.076507779746499,0.36028132183794215,1.7375746842649127,0.9761125053559405,0.018052090980947653,0.9756011962890625
ID10,v4_flipLR,13,16,52,64,6.023664550594173,0.45660527710923715,1.740186383989847,0.9731747999204272,0.01765520363021395,0.9705352783203125
ID10,v4_flipLR,14,43,56,172,5.3520419041036185,0.4775800905587071,1.7424859522215137,0.9684034541466632,0.023647354859106875,0.9651641845703125
ID10,v4_flipLR,15,56,60,224,5.863230142835039,0.48547486056927136,1.748843488824528,0.9654187086169019,0.026134490988568248,0.961822509765625
ID10,v4_flipLR,16,24,64,96,5.752562989156301,0.42251664517963056,1.7413203716081773,0.971077545267931,0.02110340970310249,0.967681884765625
ID10,v4_flipLR,16,59,64,236,5.641895835477563,0.47682469524005944,1.754635616117148,0.9622661809686295,0.028694478019024215,0.9559173583984375
ID10,v4_flipLR,19,46,76,184,5.526706107641786,0.4415816235788211,1.7456344702887638,0.963153121301093,0.02904812969631317,0.9575347900390625
ID10,v4_flipLR,20,10,80,40,6.128447506058766,0.3993186683168541,1.7458037515289608,0.9688457766335663,0.02161602153766423,0.9692535400390625
ID10,v4_flipLR,20,42,80,168,5.292567428401227,0.4730414726927977,1.7436048358086866,0.9671902107994411,0.025394938542904918,0.9618682861328125
ID10,v4_flipLR,20,58,80,232,5.641895835477563,0.47255009418412586,1.7544185854238217,0.9614125171030178,0.029751119569101,0.9551239013671875
ID10,v4_flipLR,21,20,84,80,5.917025732138443,0.4348852784362319,1.741350540174855,0.9720975131391447,0.02038619874653751,0.9691314697265625
ID10,v4_flipLR,21,60,84,240,5.292567428401227,0.49145610379897836,1.7551391298825372,0.9616389913899139,0.029778472800401405,0.9557952880859375
ID10,v4_flipLR,26,61,104,244,5.292567428401227,0.49145610379897836,1.7550061451862313,0.9626185462426413,0.028960946125677896,0.9607086181640625
ID10,v4_flipLR,27,20,108,80,5.917025732138443,0.4348852784362319,1.7413614383561122,0.9720452178175357,0.020042787516392206,0.96923828125
ID10,v4_flipLR,29,10,116,40,6.076507779746499,0.3998845536313922,1.7458237534117746,0.9687686675754744,0.021040350878155485,0.9696044921875
ID10,v4_flipLR,29,20,116,80,5.917025732138443,0.4348852784362319,1.7413587989721153,0.9720477867973656,0.01987253432275363,0.9693756103515625
ID10,v4_flipLR,29,51,116,204,5.467231631939395,0.44406752385871995,1.743077893386175,0.9658289139958497,0.02757435101375408,0.959259033203125
ID10,v4_flipLR,30,61,120,244,5.3520419041036185,0.4920818598389842,1.7551393807610838,0.9630950368127392,0.028502206670581707,0.961181640625
ID10,v4_flipLR,31,58,124,232,5.752562989156301,0.49145610379897836,1.7546010722302303,0.9617365370720534,0.029436282223600344,0.95550537109375
ID10,v4_flipLR,32,1,128,4,6.180387232371033,0.35252399229801723,1.7345581337184102,0.9776502104860314,0.017457300164609186,0.97747802734375
ID10,v4_flipLR,32,9,128,36,6.076507779746499,0.3998845536313922,1.7459028696931616,0.9689065204405165,0.020968171286806753,0.9685211181640625
ID10,v4_flipLR,32,10,128,40,6.128447506058766,0.4077132958332971,1.745451175105661,0.9691209582305819,0.02065539305762891,0.969757080078125
ID10,v4_flipLR,32,25,128,100,5.917025732138443,0.4348852784362319,1.7410852657289921,0.971866576819407,0.019750425513026984,0.9689178466796875
ID10,v4_flipLR,33,39,132,156,5.3520419041036185,0.488530106421195,1.743629276040616,0.9690299423242116,0.02282994109151682,0.966278076171875
ID10,v4_flipLR,34,30,136,120,5.3520419041036185,0.4348852784362319,1.7411220079487357,0.9721694645264061,0.019837053845153663,0.96893310546875
ID10,v4_flipLR,37,40,148,160,5.292567428401227,0.4779005717785014,1.7423050978984076,0.9729651029134546,0.0194757655807303,0.971343994140625
ID10,v4_flipLR,37,47,148,188,5.752562989156301,0.4601743784078025,1.744922746343236,0.968275163458882,0.023687070495686923,0.966094970703125
ID10,v4_flipLR,37,61,148,244,5.292567428401227,0.49114284901310734,1.7538862069490004,0.9678449188832441,0.02400085557571132,0.96917724609375
ID10,v4_flipLR,41,19,164,76,5.641895835477563,0.4224428527927704,1.734671935443302,0.9813673147822363,0.01293998412059312,0.9832763671875
ID10,v4_flipLR,41,39,164,156,5.292567428401227,0.4744721050800504,1.7373017863520064,0.9807948541235929,0.014325893446762553,0.9824066162109375
ID10,v4_flipLR,43,6,172,24,5.406389390651986,0.3504274721721889,1.7283824049209309,0.9878364112058018,0.010214177678480867,0.989898681640625
ID10,v4_flipLR,43,48,172,192,4.982377901703128,0.37622398918768224,1.7334630072174673,0.9834421856314967,0.015220054556992222,0.9849090576171875
ID10,v4_flipLR,44,3,176,12,5.170882945826411,0.3251559111448236,1.7183036359351587,0.9920766030347529,0.008565664624669306,0.9910736083984375
ID10,v4_flipLR,44,28,176,112,3.9088200952233594,0.3290690126546188,1.7229082409432221,0.9907951070336392,0.00905489625690636,0.9912109375
ID10,v4_flipLR,44,47,176,188,4.787307364817192,0.3650743624136851,1.7270025813197634,0.9882729864794433,0.01353262923718815,0.98681640625
ID10,v4_flipLR,46,13,184,52,4.7854586255236065,0.3359410800908687,1.7167588019888387,0.9924884496527246,0.008879375252435736,0.9915008544921875
ID10,v4_flipLR,46,15,184,60,4.7854586255236065,0.35583547394083476,1.7170759765915513,0.9931770897075022,0.008338427447647612,0.992095947265625
ID10,v4_flipLR,47,6,188,24,5.641895835477563,0.31540280787436786,1.7160423924673496,0.9923648938123508,0.009000906181294583,0.9904327392578125
ID10,v4_flipLR,47,31,188,124,4.719866928249235,0.33961916166429496,1.721482935877099,0.9875868613585576,0.011877022460536305,0.9890289306640625
ID10,v4_flipLR,48,42,192,168,4.582971580031664,0.38705384395271886,1.7229598132311836,0.98804799190941,0.012672565024402217,0.9839324951171875
ID10,v4_flipLR,48,56,192,224,4.582971580031664,0.41720655964032505,1.7276018188264255,0.9854392021480629,0.015810393408169574,0.9813079833984375
ID10,v6_flipLR_rot180,1,24,4,96,5.641895835477563,0.4554289577914344,1.741371190735163,0.9845301669395438,0.012979205491243618,0.9850921630859375
ID10,v6_flipLR_rot180,1,62,4,248,4.719866928249235,0.4367681836510944,1.7262777324678618,0.9873631260926908,0.014598389320579505,0.9852752685546875
ID10,v6_flipLR_rot180,2,16,8,64,6.110710238978552,0.4318556573630856,1.7465473646584804,0.9843905272974667,0.011587231538145172,0.9828033447265625
ID10,v6_flipLR_rot180,3,30,12,120,5.044686852596173,0.37187513004729067,1.7324092743570418,0.9859676506143935,0.01245118513335715,0.9848785400390625
ID10,v6_flipLR_rot180,4,24,16,96,5.641895835477563,0.45335698130108315,1.7503802975743914,0.9814562646307318,0.014131615235168826,0.9850616455078125
ID10,v6_flipLR_rot180,4,60,16,240,4.652426491681278,0.3809070203991739,1.7248491259316312,0.9881625956422405,0.01421055603307403,0.9857635498046875
ID10,v6_flipLR_rot180,6,13,24,52,6.110710238978552,0.4608176187363688,1.7692027757120783,0.9791701688698708,0.013142981415453593,0.9822998046875
ID10,v6_flipLR_rot180,7,13,28,52,5.641895835477563,0.46557260765115926,1.7727983367941365,0.9787103972123306,0.013203802169265227,0.97991943359375
ID10,v6_flipLR_rot180,7,33,28,132,6.579524642479541,0.41851654431579605,1.7420915361971676,0.9787589206407546,0.01614144897668191,0.9813232421875
ID10,v6_flipLR_rot180,8,10,32,40,6.579524642479541,0.5132244172918101,1.7754935175724293,0.9775923208608461,0.01384146616527968,0.9793853759765625
ID10,v6_flipLR_rot180,9,19,36,76,5.641895835477563,0.5126923095664712,1.779917143227272,0.976085626911315,0.015611890098114414,0.9784698486328125
ID10,v6_flipLR_rot180,9,43,36,172,5.170882945826411,0.3944639699609123,1.7297973966279947,0.98196872125115,0.01691941765675276,0.97930908203125
ID10,v6_flipLR_rot180,9,61,36,244,5.046265044040321,0.4654972607004196,1.735943831281517,0.9757609229258714,0.019808458833845806,0.9790802001953125
ID10,v6_flipLR_rot180,10,63,40,252,5.231725187113819,0.4641813052132449,1.7423290287509918,0.9723185514807426,0.02154813435867174,0.973663330078125
ID10,v6_flipLR_rot180,11,4,44,16,5.753627391751592,0.5251692702420179,1.7758664487187485,0.9790447076805503,0.013745218144288548,0.980712890625
ID10,v6_flipLR_rot180,12,35,48,140,6.166576017115567,0.4761070879322124,1.754450637027023,0.9745744517712007,0.020089620250681547,0.9763336181640625
ID10,v6_flipLR_rot180,13,9,52,36,5.641895835477563,0.5404161462726892,1.7886884748155838,0.9734486188690795,0.018509651413758824,0.975555419921875
ID10,v6_flipLR_rot180,13,11,52,44,5.584901113509465,0.5471019707694957,1.7910288656042614,0.973311296789398,0.018990130966975306,0.9715576171875
ID10,v6_flipLR_rot180,13,28,52,112,6.166576017115567,0.48887204115382393,1.7726911383327613,0.9745875649097009,0.01887611963865932,0.974853515625
ID10,v6_flipLR_rot180,14,35,56,140,5.697761613614578,0.4630335138461863,1.754750049548917,0.971309713864669,0.022955269911407672,0.97137451171875
ID10,v6_flipLR_rot180,15,22,60,88,5.753627391751592,0.5017201878150737,1.794118903909441,0.9684410588109069,0.02308897011781043,0.9712371826171875
ID10,v6_flipLR_rot180,15,58,60,232,5.046265044040321,0.424638449818062,1.7350870683380102,0.9726438160262029,0.025338151755437355,0.9686279296875
ID10,v6_flipLR_rot180,16,61,64,244,5.231725187113819,0.46402588840253123,1.741352224478725,0.968708214862061,0.02626644745335968,0.96435546875
ID10,v6_flipLR_rot180,17,16,68,64,5.292567428401227,0.5306954115976068,1.7957090704108594,0.9709792030383779,0.021301420370867116,0.969207763671875
ID10,v6_flipLR_rot180,17,42,68,168,5.108573994933366,0.4088234461690703,1.734954780233217,0.9748597771801767,0.02381237919912663,0.9683074951171875
ID10,v6_flipLR_rot180,17,48,68,192,4.918490759365935,0.40288984711482,1.7351543814081578,0.9741484044598231,0.025618293034463478,0.9682159423828125
ID10,v6_flipLR_rot180,18,4,72,16,5.170882945826411,0.5252072603097946,1.7844877536538815,0.9733992863596685,0.020146432926855327,0.9725494384765625
ID10,v6_flipLR_rot180,18,27,72,108,5.697761613614578,0.48529272089997355,1.7765552325020761,0.9723202504066039,0.022402417923648332,0.97137451171875
ID10,v6_flipLR_rot180,18,36,72,144,5.170882945826411,0.4615402031015773,1.7529034368912433,0.9699983093309561,0.02567575878066447,0.9655914306640625
ID10,v6_flipLR_rot180,18,59,72,236,5.046265044040321,0.4664759476926905,1.7378985677774916,0.9699029574150685,0.026899431122619954,0.9644927978515625
ID10,v6_flipLR_rot180,21,59,84,236,5.046265044040321,0.454693521228342,1.7377435243451533,0.969487250469072,0.027370924275762324,0.964019775390625
ID10,v6_flipLR_rot180,22,38,88,152,4.982377901703128,0.4088234461690703,1.7366104050775193,0.9745304190107289,0.024506721259442654,0.96783447265625
ID10,v6_flipLR_rot180,22,55,88,220,4.918490759365935,0.3807429222416534,1.7339700546565864,0.9752944070350213,0.02500629702665983,0.9683380126953125
ID10,v6_flipLR_rot180,22,60,88,240,5.046265044040321,0.4516733030356105,1.7396940475209515,0.9688465855796288,0.027342140789012086,0.9625091552734375
ID10,v6_flipLR_rot180,23,5,92,20,5.170882945826411,0.5088004473746242,1.785092361412531,0.9726004318992848,0.02118276332444376,0.963470458984375
ID10,v6_flipLR_rot180,23,26,92,104,5.697761613614578,0.4750498887558934,1.7795571741154077,0.9710620799705404,0.023173668460019226,0.967742919921875
ID10,v6_flipLR_rot180,24,9,96,36,5.231725187113819,0.49882920121003405,1.7944780877816162,0.9683607336019734,0.023561824565740786,0.9632568359375
ID10,v6_flipLR_rot180,24,14,96,56,5.170882945826411,0.5163406523622122,1.7964893853109654,0.9700065869089015,0.02248600921232565,0.9606475830078125
ID10,v6_flipLR_rot180,24,63,96,252,5.170882945826411,0.46353001664420984,1.7446659682473857,0.9668306178911774,0.027222146610225113,0.9634857177734375
ID10,v6_flipLR_rot180,25,23,100,92,5.697761613614578,0.5117505089927764,1.7933246951366553,0.9667408146045869,0.02518190015341976,0.966339111328125
ID10,v6_flipLR_rot180,25,44,100,176,5.046265044040321,0.39888338022159603,1.73523054021728,0.9731458980589991,0.02636999278194699,0.9666748046875
ID10,v6_flipLR_rot180,28,7,112,28,5.170882945826411,0.4919990739787277,1.7865855068425827,0.9715673208021202,0.022090338526551696,0.9631500244140625
ID10,v6_flipLR_rot180,29,0,116,0,4.918490759365935,0.5105918288077091,1.7836725725879454,0.9724337659551646,0.022059650227663118,0.9630126953125
ID10,v6_flipLR_rot180,29,22,116,88,5.170882945826411,0.5004263125754382,1.7972917126768546,0.96567326717487,0.026008476383500637,0.966094970703125
ID10,v6_flipLR_rot180,29,24,116,96,5.406389390651986,0.4964091100500664,1.7883524972290035,0.967674133169684,0.02489463954555275,0.9669952392578125
ID10,v6_flipLR_rot180,29,28,116,112,5.406389390651986,0.4750498887558934,1.773571017180505,0.9725329527842993,0.022428240146122408,0.9710693359375
ID10,v6_flipLR_rot180,29,34,116,136,5.406389390651986,0.4618610616611406,1.7565700393727064,0.9679778733866011,0.0265017573266871,0.965484619140625
ID10,v6_flipLR_rot180,31,8,124,32,5.046265044040321,0.48634557317432253,1.7896289300403851,0.9700660263186115,0.022992721636296454,0.9626617431640625
ID10,v6_flipLR_rot180,31,20,124,80,5.170882945826411,0.5060755397176392,1.7984451443797478,0.9670902374346633,0.025076784965387035,0.958465576171875
ID10,v6_flipLR_rot180,31,23,124,92,5.697761613614578,0.5117505089927764,1.7934798102252942,0.9666988787139723,0.02501014813266919,0.9664154052734375
ID10,v6_flipLR_rot180,31,29,124,116,5.641895835477563,0.48018063232766456,1.7697183825287859,0.9730530192588046,0.022260882495129086,0.970672607421875
ID10,v6_flipLR_rot180,35,38,140,152,4.982377901703128,0.42398416305895653,1.73465763910743,0.9780290593307455,0.020413098006893192,0.9731292724609375
ID10,v6_flipLR_rot180,35,49,140,196,4.918490759365935,0.36507542954496885,1.7325035556942976,0.9773264560498603,0.022256685542840094,0.972503662109375
ID10,v6_flipLR_rot180,36,13,144,52,5.046265044040321,0.541957042648535,1.7938350841295871,0.972644702783011,0.021388563686389177,0.9666595458984375
ID10,v6_flipLR_rot180,36,29,144,116,5.641895835477563,0.46673263287517425,1.7671914482038023,0.976023562257436,0.02031295622709503,0.97509765625
ID10,v6_flipLR_rot180,36,63,144,252,5.292567428401227,0.4651749293837222,1.74215624270494,0.9702286915042103,0.022575212942417874,0.969635009765625
ID10,v6_flipLR_rot180,37,26,148,104,5.641895835477563,0.4760827436030944,1.775472755956942,0.9748846195127187,0.02032769744729132,0.9730224609375
ID10,v6_flipLR_rot180,37,32,148,128,5.641895835477563,0.4549891503082109,1.7542776506240307,0.9752550433381914,0.020699762901232127,0.974822998046875
ID10,v6_flipLR_rot180,37,38,148,152,4.918490759365935,0.43038541116262236,1.7329250104597127,0.9787367871991164,0.019736467969332806,0.97418212890625
ID10,v6_flipLR_rot180,37,46,148,184,5.046265044040321,0.39309858516987634,1.7322941848686058,0.9769926173775575,0.021626084833162283,0.9734649658203125
ID10,v6_flipLR_rot180,38,23,152,92,5.753627391751592,0.5128471467444342,1.7849506574865084,0.9736301474871983,0.020927575015864307,0.97265625
ID10,v6_flipLR_rot180,38,59,152,236,5.292567428401227,0.4783326613012899,1.7318100541806287,0.9746382926492474,0.02095535857968551,0.971710205078125
ID10,v6_flipLR_rot180,39,59,156,236,5.641895835477563,0.48311388555216017,1.7318238451876669,0.9751081255176222,0.020007765856924046,0.972412109375
ID10,v6_flipLR_rot180,40,56,160,224,5.108573994933366,0.4295070208927559,1.727616268531866,0.9800413888250172,0.017710135638194933,0.97845458984375
ID10,v6_flipLR_rot180,40,60,160,240,5.753627391751592,0.471990534504785,1.7333615096731758,0.9745719847339944,0.01917660552537644,0.97344970703125
ID10,v6_flipLR_rot180,41,51,164,204,5.170882945826411,0.4190098577178564,1.7267882468716063,0.9811482696257242,0.01718953770854238,0.97869873046875
ID10,v6_flipLR_rot180,42,7,168,28,5.108573994933366,0.47468015804933955,1.7741658146088561,0.9773858190559307,0.0185668207598129,0.9718017578125
ID10,v6_flipLR_rot180,42,31,168,124,6.770275002573076,0.4908428531168153,1.7517302797631236,0.9787357906670343,0.016941517511775087,0.978759765625
ID10,v6_flipLR_rot180,43,48,172,192,5.170882945826411,0.42017384770167204,1.7273983288149002,0.9790647382708855,0.019490103347756495,0.97723388671875
ID10,v6_flipLR_rot180,44,9,176,36,4.787307364817192,0.505235696793017,1.7622889561150887,0.9776163993197592,0.018999918800149694,0.9721832275390625
ID10,v6_flipLR_rot180,44,28,176,112,5.170882945826411,0.4869237010733905,1.7573684314006166,0.9800137941604721,0.01669625645846058,0.981964111328125
ID10,v6_flipLR_rot180,44,33,176,132,5.108573994933366,0.46813788881658663,1.747534084856596,0.9766143748754045,0.019306455290152118,0.9766387939453125
ID10,v6_flipLR_rot180,44,51,176,204,5.170882945826411,0.39768286280665566,1.7260144763983358,0.9806651435931247,0.01814800951011139,0.9776458740234375
ID10,v6_flipLR_rot180,45,21,180,84,5.046265044040321,0.505235696793017,1.7652546837303362,0.9776436156356783,0.019291663565163108,0.97735595703125
ID10,v6_flipLR_rot180,47,63,188,252,6.180387232371033,0.4466702803578815,1.7352663750019734,0.9723690864787826,0.019450499318809503,0.9722137451171875
ID10,v6_flipLR_rot180,48,31,192,124,5.753627391751592,0.48311388555216017,1.7503607401863692,0.9783592276192083,0.01887576758092363,0.9763336181640625
ID10,v6_flipLR_rot180,48,33,192,132,5.462255168789001,0.44723143982695096,1.7467008381089526,0.975205216724204,0.021076507675982157,0.971649169921875
ID10,v6_flipLR_rot180,48,64,192,256,6.522024874974365,0.4609230910460896,1.7373506500003222,0.9715363038580034,0.020055997612239987,0.9694366455078125
ID11,v0_rot0,0,2,0,8,,,,,,0.99615478515625
ID11,v0_rot0,0,37,0,148,,,,,,0.99658203125
ID11,v0_rot0,0,55,0,220,,,,,,0.9998016357421875
ID11,v0_rot0,1,25,4,100,,,,,,0.99658203125
ID11,v0_rot0,3,13,12,52,,,,,,0.99932861328125
ID11,v0_rot0,3,16,12,64,,,,,,0.99932861328125
ID11,v0_rot0,4,6,16,24,,,,,,0.99932861328125
ID11,v0_rot0,4,26,16,104,,,,,,0.999755859375
ID11,v0_rot0,4,57,16,228,,,,,,0.9998016357421875
ID11,v0_rot0,5,11,20,44,,,,,,0.99932861328125
ID11,v0_rot0,5,17,20,68,,,,,,0.99932861328125
ID11,v0_rot0,6,15,24,60,,,,,,0.99945068359375
ID11,v0_rot0,6,61,24,244,,,,,,0.9996185302734375
ID11,v0_rot0,7,41,28,164,,,,,,0.9998779296875
ID11,v0_rot0,8,61,32,244,,,,,,0.9996185302734375
ID11,v0_rot0,9,46,36,184,,,,,,0.9999542236328125
ID11,v0_rot0,12,10,48,40,,,,,,0.99945068359375
ID11,v0_rot0,12,54,48,216,,,,,,0.9998626708984375
ID11,v0_rot0,14,4,56,16,,,,,,0.99945068359375
ID11,v0_rot0,14,15,56,60,,,,,,0.99945068359375
ID11,v0_rot0,15,46,60,184,,,,,,0.9999542236328125
ID11,v0_rot0,16,14,64,56,,,,,,0.99945068359375
ID11,v0_rot0,16,50,64,200,,,,,,1.0
ID11,v0_rot0,17,22,68,88,,,,,,0.99945068359375
ID11,v0_rot0,17,63,68,252,,,,,,0.99969482421875
ID11,v0_rot0,18,51,72,204,,,,,,1.0
ID11,v0_rot0,19,26,76,104,,,,,,0.9999542236328125
ID11,v0_rot0,19,28,76,112,,,,,,0.9999542236328125
ID11,v0_rot0,21,19,84,76,,,,,,0.99945068359375
ID11,v0_rot0,21,63,84,252,,,,,,0.99969482421875
ID11,v0_rot0,22,12,88,48,,,,,,0.99945068359375
ID11,v0_rot0,22,60,88,240,,,,,,0.99969482421875
ID11,v0_rot0,23,61,92,244,,,,,,0.99969482421875
ID11,v0_rot0,25,33,100,132,,,,,,0.9999542236328125
ID11,v0_rot0,26,2,104,8,,,,,,0.99945068359375
ID11,v0_rot0,26,3,104,12,,,,,,0.99945068359375
ID11,v0_rot0,26,12,104,48,,,,,,0.99945068359375
ID11,v0_rot0,26,47,104,188,,,,,,0.9999542236328125
ID11,v0_rot0,27,18,108,72,,,,,,0.99945068359375
ID11,v0_rot0,32,59,128,236,,,,,,0.999542236328125
ID11,v0_rot0,34,4,136,16,,,,,,0.99945068359375
ID11,v0_rot0,34,53,136,212,,,,,,0.999786376953125
ID11,v0_rot0,35,13,140,52,,,,,,0.99945068359375
ID11,v0_rot0,35,60,140,240,,,,,,0.9994659423828125
ID11,v0_rot0,36,22,144,88,,,,,,0.99945068359375
ID11,v0_rot0,36,28,144,112,,,,,,0.9999542236328125
ID11,v0_rot0,36,63,144,252,,,,,,0.9993896484375
ID11,v0_rot0,37,61,148,244,,,,,,0.9993896484375
ID11,v0_rot0,38,47,152,188,,,,,,0.9998779296875
ID11,v0_rot0,39,6,156,24,,,,,,0.99945068359375
ID11,v0_rot0,39,58,156,232,,,,,,0.9994659423828125
ID11,v0_rot0,40,25,160,100,,,,,,0.9999542236328125
ID11,v0_rot0,41,49,164,196,,,,,,0.9998779296875
ID11,v0_rot0,43,35,172,140,,,,,,0.9998779296875
ID11,v0_rot0,44,29,176,116,,,,,,0.9999542236328125
ID11,v0_rot0,46,29,184,116,,,,,,0.999908447265625
ID11,v0_rot0,48,3,192,12,6.4820448144285745,0.4393113308779041,1.7189147920323022,0.9950862200518846,0.0018816955845170056,0.9949951171875
ID11,v0_rot0,48,4,192,16,6.4820448144285745,0.4393113308779041,1.7189147920323022,0.9950862200518846,0.0018816955845170056,0.9949951171875
ID11,v0_rot0,48,14,192,56,8.191765910583442,0.4234405047442237,1.7206570729826738,0.9939111857164658,0.0022652258947370323,0.9938201904296875
ID11,v2_rot180,0,33,0,132,4.652426491681278,1.9276173426572745,1.7135577036847152,0.9995878303082113,0.0010550786691342214,0.9991455078125
ID11,v2_rot180,1,1,4,4,8.420279497646307,0.44552153018838964,1.743718324761655,0.9914361604689503,0.003800623096369773,0.9951629638671875
ID11,v2_rot180,1,3,4,12,8.420279497646307,0.44552153018838964,1.7405448132943915,0.9923062832020516,0.0035848148448408904,0.9951629638671875
ID11,v2_rot180,2,12,8,48,5.031971435743644,0.1606411201803696,1.7141026802443513,0.9983510443385856,0.002026570929738744,0.9981842041015625
ID11,v2_rot180,2,22,8,88,5.031971435743644,0.1606411201803696,1.7134381884936203,0.9987936537022615,0.0019069175253133336,0.998046875
ID11,v2_rot180,3,3,12,12,8.420279497646307,0.44552153018838964,1.7405448132943915,0.9923062832020516,0.0035848148448408904,0.9951629638671875
ID11,v2_rot180,3,24,12,96,5.031971435743644,0.1606411201803696,1.713433731317949,0.9988244633751641,0.0015107961373405161,0.9986724853515625
ID11,v2_rot180,3,54,12,216,,,,,,0.9994049072265625
ID11,v2_rot180,3,57,12,228,,,,,,0.9994049072265625
ID11,v2_rot180,5,1,20,4,8.420279497646307,0.44552153018838964,1.7437192411670168,0.9914358990016182,0.0038726774154638627,0.9951324462890625
ID11,v2_rot180,5,39,20,156,4.652426491681278,1.9276173426572745,1.7135577036847152,0.9995878303082113,0.0010550786691342214,0.9991455078125
ID11,v2_rot180,6,9,24,36,5.744012079776255,0.41112151068214764,1.7307889702729116,0.9948083676897236,0.003561814850038817,0.9947357177734375
ID11,v2_rot180,6,26,24,104,,,,,,0.99920654296875
ID11,v2_rot180,8,5,32,20,8.420279497646307,0.44552153018838964,1.7373163471083743,0.9931914633774005,0.0034410477344833704,0.9951324462890625
ID11,v2_rot180,8,13,32,52,5.031971435743644,0.1606411201803696,1.7134611001965012,0.9987783648413401,0.001954920145279664,0.9981536865234375
ID11,v2_rot180,8,18,32,72,5.031971435743644,0.1606411201803696,1.71343818039676,0.9987936168588226,0.001978937114767946,0.998016357421875
ID11,v2_rot180,8,19,32,76,5.031971435743644,0.1606411201803696,1.71343818039676,0.9987936168588226,0.001978937114767946,0.998016357421875
ID11,v2_rot180,8,23,32,92,5.031971435743644,0.1606411201803696,1.71343818039676,0.9987936168588226,0.001978937114767946,0.998016357421875
ID11,v2_rot180,8,31,32,124,,,,,,0.9991455078125
ID11,v2_rot180,8,41,32,164,4.652426491681278,1.9276173426572745,1.7135577036847152,0.9995878303082113,0.0010550786691342214,0.9991455078125
ID11,v2_rot180,9,52,36,208,,,,,,0.9994049072265625
ID11,v2_rot180,9,54,36,216,,,,,,0.9994049072265625
ID11,v2_rot180,10,53,40,212,,,,,,0.9994049072265625
ID11,v2_rot180,10,54,40,216,,,,,,0.9994049072265625
ID11,v2_rot180,11,5,44,20,8.420279497646307,0.44552153018838964,1.7373163471083743,0.9931914633774005,0.0034410477344833704,0.9951324462890625
ID11,v2_rot180,11,46,44,184,,,,,,0.9994049072265625
ID11,v2_rot180,11,53,44,212,,,,,,0.9994049072265625
ID11,v2_rot180,13,38,52,152,4.652426491681278,1.9276173426572745,1.7135577170191305,0.9995878680567216,0.0009111208526278153,0.999237060546875
ID11,v2_rot180,13,52,52,208,,,,,,0.9994964599609375
ID11,v2_rot180,14,24,56,96,5.031971435743644,0.1606411201803696,1.7134337477786477,0.9988245351570848,0.001438765603268308,0.9987335205078125
ID11,v2_rot180,14,37,56,148,4.652426491681278,1.9276173426572745,1.7135577170191305,0.9995878680567216,0.0009111208526278153,0.999237060546875
ID11,v2_rot180,15,28,60,112,,,,,,0.999298095703125
ID11,v2_rot180,16,20,64,80,5.031971435743644,0.1606411201803696,1.7134382046858576,0.9987937273823885,0.0018348462994886257,0.99810791015625
ID11,v2_rot180,16,62,64,248,,,,,,0.9995574951171875
ID11,v2_rot180,17,44,68,176,4.652426491681278,1.9276173426572745,1.7135577259073842,0.999587893218554,0.0008151636233500692,0.999298095703125
ID11,v2_rot180,18,11,72,44,5.4115163798060095,0.3113589927495288,1.7182399258910925,0.9969923664122138,0.0024820980125690346,0.996856689453125
ID11,v2_rot180,18,51,72,204,,,,,,0.9995574951171875
ID11,v2_rot180,18,59,72,236,,,,,,0.9995574951171875
ID11,v2_rot180,20,5,80,20,8.420279497646307,0.44552153018838964,1.7373163471083743,0.9931914633774005,0.0034410477344833704,0.9951324462890625
ID11,v2_rot180,20,9,80,36,5.744012079776255,0.41112151068214764,1.7307874050777552,0.9948088432881398,0.0034175900294410766,0.9948272705078125
ID11,v2_rot180,20,13,80,52,5.031971435743644,0.1606411201803696,1.713461122385448,0.9987784767605203,0.0018108337304253144,0.9982452392578125
ID11,v2_rot180,20,56,80,224,,,,,,0.9995574951171875
ID11,v2_rot180,21,18,84,72,5.031971435743644,0.1606411201803696,1.7134382046858576,0.9987937273823885,0.0018228538400148436,0.99810791015625
ID11,v2_rot180,21,25,84,100,4.652426491681278,0.16595386268739706,1.7134454556816683,0.999297892150129,0.0009949791285008198,0.999298095703125
ID11,v2_rot180,21,61,84,244,,,,,,0.9995574951171875
ID11,v2_rot180,23,12,92,48,5.031971435743644,0.1606411201803696,1.7141026192758448,0.9983512960644827,0.0017864672907248159,0.9983978271484375
ID11,v2_rot180,24,16,96,64,5.031971435743644,0.1606411201803696,1.7134382451577983,0.9987939115433352,0.0015947536027214946,0.998260498046875
ID11,v2_rot180,29,56,116,224,,,,,,0.9997100830078125
ID11,v2_rot180,30,37,120,148,4.652426491681278,1.9276173426572745,1.7135577481232707,0.9995879561096952,0.0005753218038835521,0.99945068359375
ID11,v2_rot180,30,56,120,224,,,,,,0.9997100830078125
ID11,v2_rot180,31,24,124,96,5.031971435743644,0.1606411201803696,1.7134337889215998,0.9988247145735393,0.0011987883317013375,0.9988861083984375
ID11,v2_rot180,32,32,128,128,4.652426491681278,1.9276173426572745,1.7135577481232707,0.9995879561096952,0.0005753218038835521,0.99945068359375
ID11,v2_rot180,35,43,140,172,5.031971435743644,1.865182499563621,1.7139591111786956,0.9993895646069559,0.0007431239966829215,0.99945068359375
ID11,v2_rot180,36,33,144,132,5.031971435743644,1.865182499563621,1.7142369779093745,0.999252216643521,0.0008629827058253281,0.99945068359375
ID11,v2_rot180,36,43,144,172,5.031971435743644,1.865182499563621,1.7142369779093745,0.999252216643521,0.0008629827058253281,0.99945068359375
ID11,v2_rot180,37,32,148,128,5.031971435743644,1.865182499563621,1.714267851990561,0.9992369557586949,0.0009109261894822907,0.9990997314453125
ID11,v2_rot180,38,26,152,104,4.652426491681278,0.12836238859446933,1.7142619439330724,0.9992216948738688,0.0009468838022250128,0.9990997314453125
ID11,v2_rot180,38,52,152,208,,,,,,0.9997100830078125
ID11,v2_rot180,38,63,152,252,,,,,,0.9997100830078125
ID11,v2_rot180,39,18,156,72,5.4115163798060095,0.14548571128713728,1.7141486308940765,0.9984427718660783,0.0019304912032944409,0.9979095458984375
ID11,v2_rot180,40,5,160,20,6.076507779746499,0.424807308955513,1.7380266786217002,0.9928403505022441,0.003776759708579309,0.994781494140625
ID11,v2_rot180,40,25,160,100,5.031971435743644,0.1606411201803696,1.714155598898275,0.9989469989469989,0.0011027001241101415,0.9990997314453125
ID11,v2_rot180,40,30,160,120,4.652426491681278,0.12836238859446933,1.714267851990561,0.9992369557586949,0.0009109261894822907,0.9990997314453125
ID11,v2_rot180,41,23,164,92,5.4115163798060095,0.14548571128713728,1.7141486308940765,0.9984427718660783,0.0019304912032944409,0.9979095458984375
ID11,v2_rot180,41,37,164,148,5.031971435743644,1.865182499563621,1.714267851990561,0.9992369557586949,0.0009109261894822907,0.9990997314453125
ID11,v2_rot180,42,5,168,20,6.076507779746499,0.424807308955513,1.7380266786217002,0.9928403505022441,0.0037647699952187393,0.994781494140625
ID11,v2_rot180,42,10,168,40,5.4115163798060095,0.3941140837504305,1.7299356674603172,0.9948861207791415,0.003357017246004847,0.99468994140625
ID11,v2_rot180,43,45,172,180,5.031971435743644,1.865182499563621,1.714267826145053,0.9992369906912865,0.0008150019092175566,0.999237060546875
ID11,v2_rot180,45,35,180,140,5.031971435743644,1.865182499563621,1.7142677744611359,0.999237060546875,0.0007430219441321074,0.999237060546875
ID11,v2_rot180,45,46,180,184,5.4115163798060095,1.9123860590667756,1.7143403610483752,0.9994964599609375,0.000503337446024976,0.9994964599609375
ID11,v2_rot180,45,61,180,244,,,,,,0.9997711181640625
ID11,v2_rot180,46,57,184,228,,,,,,0.9997711181640625
ID11,v2_rot180,47,41,188,164,5.031971435743644,1.865182499563621,1.7142677744611359,0.999237060546875,0.0007430219441321074,0.999237060546875
ID11,v2_rot180,47,52,188,208,,,,,,0.9997711181640625
ID11,v2_rot180,48,11,192,44,5.4115163798060095,0.14548571128713728,1.7151964273461622,0.998107159212334,0.0019781819105568455,0.998046875
ID11,v4_flipLR,0,1,0,4,5.641895835477563,0.3917913674214493,1.7336623097308188,0.9936184180394192,0.0033214041199537895,0.998138427734375
ID11,v4_flipLR,0,51,0,204,,,,,,0.9997711181640625
ID11,v4_flipLR,1,23,4,92,5.4115163798060095,0.12854809820572957,1.7140933678726378,0.9984429620357508,0.0017624071504590958,0.9980316162109375
ID11,v4_flipLR,1,46,4,184,5.4115163798060095,1.898824960992501,1.714142403369886,0.999481201171875,0.00047936899621426287,0.999481201171875
ID11,v4_flipLR,3,5,12,20,5.753627391751592,0.424807308955513,1.733540085656419,0.9936798717655141,0.0033331911979923765,0.998138427734375
ID11,v4_flipLR,4,53,16,212,,,,,,0.9997711181640625
ID11,v4_flipLR,6,25,24,100,5.031971435743644,0.13331150856012422,1.713982225565737,0.9989470150164815,0.0010787119201832857,0.9990997314453125
ID11,v4_flipLR,8,22,32,88,5.4115163798060095,0.12854809820572957,1.7140934257600817,0.9984427718660783,0.0019304912032944409,0.9979095458984375
ID11,v4_flipLR,9,2,36,8,5.753627391751592,0.424807308955513,1.7428073465862095,0.9915273643233341,0.004100544567314362,0.994781494140625
ID11,v4_flipLR,10,5,40,20,5.753627391751592,0.424807308955513,1.7379646760066132,0.9928555072131898,0.00377681736463165,0.994781494140625
ID11,v4_flipLR,11,14,44,56,5.4115163798060095,0.12854809820572957,1.7140934257600817,0.9984427718660783,0.0019304912032944409,0.9979095458984375
ID11,v4_flipLR,11,55,44,220,,,,,,0.9997100830078125
ID11,v4_flipLR,11,62,44,248,,,,,,0.9997100830078125
ID11,v4_flipLR,12,11,48,44,5.526706107641786,0.2640608585962497,1.7189051202406578,0.9966416828222077,0.002553691993522363,0.99664306640625
ID11,v4_flipLR,12,28,48,112,4.652426491681278,0.11425881169598591,1.714069893535387,0.9992217067513124,0.0008629695361466286,0.9990997314453125
ID11,v4_flipLR,12,40,48,160,5.031971435743644,1.8531613302170054,1.714069893535387,0.9992217067513124,0.0008629695361466286,0.9990997314453125
ID11,v4_flipLR,13,44,52,176,5.031971435743644,1.8531613302170054,1.7138427814191348,0.9993590526187278,0.0007431126561262634,0.99945068359375
ID11,v4_flipLR,14,29,56,116,,,,,,0.99945068359375
ID11,v4_flipLR,14,46,56,184,,,,,,0.9997100830078125
ID11,v4_flipLR,14,61,56,244,,,,,,0.9997100830078125
ID11,v4_flipLR,16,55,64,220,,,,,,0.9997100830078125
ID11,v4_flipLR,17,46,68,184,,,,,,0.9997100830078125
ID11,v4_flipLR,17,54,68,216,,,,,,0.9997100830078125
ID11,v4_flipLR,19,31,76,124,,,,,,0.99945068359375
ID11,v4_flipLR,20,2,80,8,8.258839303648854,0.43669101656859105,1.7422267451675952,0.9918784825585834,0.0037888072610273056,0.9951324462890625
ID11,v4_flipLR,20,30,80,120,,,,,,0.99945068359375
ID11,v4_flipLR,21,7,84,28,5.697761613614578,0.40294213316975297,1.7341139128200023,0.9939699259598503,0.0033451810943880326,0.9951324462890625
ID11,v4_flipLR,21,49,84,196,,,,,,0.9997100830078125
ID11,v4_flipLR,23,42,92,168,4.652426491681278,1.9135217202067167,1.7134894959049645,0.9995727017458186,0.0005753130240977524,0.99945068359375
ID11,v4_flipLR,23,43,92,172,4.652426491681278,1.9135217202067167,1.7134894959049645,0.9995727017458186,0.0005753130240977524,0.99945068359375
ID11,v4_flipLR,23,52,92,208,,,,,,0.9997100830078125
ID11,v4_flipLR,24,0,96,0,8.258839303648854,0.43669101656859105,1.7439522944545778,0.9914052362415083,0.004004625396149115,0.990936279296875
ID11,v4_flipLR,24,35,96,140,4.652426491681278,1.9135217202067167,1.7134894959049645,0.9995727017458186,0.0005753130240977524,0.99945068359375
ID11,v4_flipLR,25,40,100,160,4.652426491681278,1.9135217202067167,1.7134894879743567,0.9995726756608265,0.0006472666629549815,0.99945068359375
ID11,v4_flipLR,26,44,104,176,4.652426491681278,1.9135217202067167,1.7134894859915535,0.9995726691390809,0.0006952229518955482,0.9993743896484375
ID11,v4_flipLR,27,1,108,4,8.258839303648854,0.43669101656859105,1.7437853058139021,0.9914510342721929,0.0038967163285882097,0.9951324462890625
ID11,v4_flipLR,27,48,108,192,,,,,,0.9995574951171875
ID11,v4_flipLR,27,53,108,212,,,,,,0.9995574951171875
ID11,v4_flipLR,28,61,112,244,,,,,,0.9995574951171875
ID11,v4_flipLR,29,5,116,20,8.258839303648854,0.43669101656859105,1.7373840745879991,0.9932066254484391,0.0034650800583445928,0.9951324462890625
ID11,v4_flipLR,29,9,116,36,5.697761613614578,0.40294213316975297,1.730872456601126,0.9948087640277884,0.0034416256644792375,0.99481201171875
ID11,v4_flipLR,33,6,132,24,5.753627391751592,0.3376652882297833,1.735825513941692,0.9936340737348294,0.0033691608871793443,0.9951324462890625
ID11,v4_flipLR,33,19,132,76,5.147161163579421,0.13805428047987306,1.7135127726055925,0.9987937273823885,0.0018588312184361895,0.99810791015625
ID11,v4_flipLR,33,40,132,160,4.652426491681278,1.9135217202067167,1.7134894681436004,0.9995726104344109,0.0008871304467962752,0.999298095703125
ID11,v4_flipLR,33,43,132,172,4.652426491681278,1.9135217202067167,1.7134894681436004,0.9995726104344109,0.0008871304467962752,0.999298095703125
ID11,v4_flipLR,36,29,144,116,,,,,,0.99920654296875
ID11,v4_flipLR,36,52,144,208,,,,,,0.9993896484375
ID11,v4_flipLR,37,4,148,16,8.258839303648854,0.43669101656859105,1.7390539609947562,0.9927486451415922,0.003584979022301153,0.9951324462890625
ID11,v4_flipLR,37,41,148,164,4.652426491681278,1.9135217202067167,1.7134894542584689,0.999572564764071,0.001079057729796363,0.9991302490234375
ID11,v4_flipLR,38,32,152,128,4.652426491681278,1.9135217202067167,1.7134894542584689,0.999572564764071,0.001079057729796363,0.9991302490234375
ID11,v4_flipLR,42,0,168,0,5.753627391751592,0.47082982097013104,1.743909763312476,0.9911762460880849,0.004172483945688299,0.9907073974609375
ID11,v4_flipLR,43,55,172,220,,,,,,0.9993896484375
ID11,v4_flipLR,43,60,172,240,,,,,,0.9993896484375
ID11,v4_flipLR,46,18,184,72,5.147161163579421,0.13805428047987306,1.713512767720671,0.9987936721231371,0.0019068884067339708,0.9980621337890625
ID11,v4_flipLR,46,42,184,168,4.652426491681278,1.9135217202067167,1.7134894542584689,0.999572564764071,0.001079057729796363,0.9991302490234375
ID11,v4_flipLR,47,2,188,8,8.258839303648854,0.43669101656859105,1.7422254350678525,0.9918788544910545,0.0036927189706053316,0.99517822265625
ID11,v4_flipLR,47,6,188,24,5.753627391751592,0.3376652882297833,1.7358265309842291,0.9936337821745901,0.003393296086248937,0.995086669921875
ID11,v4_flipLR,47,49,188,196,,,,,,0.9993896484375
ID11,v4_flipLR,47,59,188,236,,,,,,0.9993896484375
ID11,v6_flipLR_rot180,1,55,4,220,,,,,,0.9997711181640625
ID11,v6_flipLR_rot180,2,32,8,128,,,,,,0.99993896484375
ID11,v6_flipLR_rot180,2,59,8,236,3.5682482323055424,1.950477859815725,1.7135143697739343,0.9996947310580622,0.0008391518321909362,0.9993896484375
ID11,v6_flipLR_rot180,3,29,12,116,,,,,,0.99993896484375
ID11,v6_flipLR_rot180,3,33,12,132,,,,,,0.99993896484375
ID11,v6_flipLR_rot180,3,41,12,164,,,,,,0.9998931884765625
ID11,v6_flipLR_rot180,4,42,16,168,,,,,,0.9998931884765625
ID11,v6_flipLR_rot180,6,9,24,36,,,,,,0.9994659423828125
ID11,v6_flipLR_rot180,6,54,24,216,,,,,,0.9997711181640625
ID11,v6_flipLR_rot180,7,5,28,20,,,,,,0.9994659423828125
ID11,v6_flipLR_rot180,7,17,28,68,,,,,,0.9994659423828125
ID11,v6_flipLR_rot180,7,42,28,168,,,,,,0.9998931884765625
ID11,v6_flipLR_rot180,8,36,32,144,,,,,,0.9998931884765625
ID11,v6_flipLR_rot180,11,7,44,28,,,,,,0.9994659423828125
ID11,v6_flipLR_rot180,11,13,44,52,,,,,,0.9994659423828125
ID11,v6_flipLR_rot180,11,40,44,160,,,,,,0.9998931884765625
ID11,v6_flipLR_rot180,12,14,48,56,,,,,,0.9994659423828125
ID11,v6_flipLR_rot180,12,30,48,120,,,,,,0.999969482421875
ID11,v6_flipLR_rot180,15,0,60,0,,,,,,0.9994659423828125
ID11,v6_flipLR_rot180,16,40,64,160,,,,,,0.999969482421875
ID11,v6_flipLR_rot180,19,1,76,4,,,,,,0.9994659423828125
ID11,v6_flipLR_rot180,19,40,76,160,,,,,,0.999969482421875
ID11,v6_flipLR_rot180,20,15,80,60,,,,,,0.9994659423828125
ID11,v6_flipLR_rot180,22,39,88,156,,,,,,0.999969482421875
ID11,v6_flipLR_rot180,23,31,92,124,,,,,,0.999969482421875
ID11,v6_flipLR_rot180,23,52,92,208,,,,,,0.999847412109375
ID11,v6_flipLR_rot180,24,0,96,0,,,,,,0.9994659423828125
ID11,v6_flipLR_rot180,25,2,100,8,,,,,,0.9994659423828125
ID11,v6_flipLR_rot180,25,9,100,36,,,,,,0.9994659423828125
ID11,v6_flipLR_rot180,25,64,100,256,3.5682482323055424,1.950477859815725,1.713514404201889,0.99969482421875,0.0003595267471606971,0.99969482421875
ID11,v6_flipLR_rot180,27,28,108,112,,,,,,0.999969482421875
ID11,v6_flipLR_rot180,27,31,108,124,,,,,,0.999969482421875
ID11,v6_flipLR_rot180,27,55,108,220,,,,,,0.999847412109375
ID11,v6_flipLR_rot180,30,14,120,56,,,,,,0.9994659423828125
ID11,v6_flipLR_rot180,31,4,124,16,,,,,,0.9994659423828125
ID11,v6_flipLR_rot180,31,13,124,52,,,,,,0.9994659423828125
ID11,v6_flipLR_rot180,31,52,124,208,,,,,,0.999847412109375
ID11,v6_flipLR_rot180,35,9,140,36,,,,,,0.9994659423828125
ID11,v6_flipLR_rot180,35,23,140,92,,,,,,0.999969482421875
ID11,v6_flipLR_rot180,35,58,140,232,3.5682482323055424,1.950477859815725,1.713514404201889,0.99969482421875,0.0003595267471606971,0.99969482421875
ID11,v6_flipLR_rot180,36,27,144,108,,,,,,0.999969482421875
ID11,v6_flipLR_rot180,37,10,148,40,,,,,,0.9994659423828125
ID11,v6_flipLR_rot180,37,48,148,192,,,,,,0.999969482421875
ID11,v6_flipLR_rot180,38,37,152,148,,,,,,0.999969482421875
ID11,v6_flipLR_rot180,39,6,156,24,,,,,,0.9994659423828125
ID11,v6_flipLR_rot180,39,49,156,196,,,,,,0.999969482421875
ID11,v6_flipLR_rot180,40,29,160,116,,,,,,0.999908447265625
ID11,v6_flipLR_rot180,42,19,168,76,,,,,,0.9994049072265625
ID11,v6_flipLR_rot180,42,25,168,100,,,,,,0.999908447265625
ID11,v6_flipLR_rot180,42,48,168,192,,,,,,0.999908447265625
ID11,v6_flipLR_rot180,43,18,172,72,,,,,,0.9992828369140625
ID11,v6_flipLR_rot180,43,43,172,172,,,,,,0.999786376953125
ID11,v6_flipLR_rot180,43,47,172,188,,,,,,0.999786376953125
ID11,v6_flipLR_rot180,44,35,176,140,,,,,,0.999786376953125
ID11,v6_flipLR_rot180,45,7,180,28,,,,,,0.9993438720703125
ID11,v6_flipLR_rot180,45,30,180,120,,,,,,0.999786376953125
ID11,v6_flipLR_rot180,45,33,180,132,,,,,,0.999786376953125
ID11,v6_flipLR_rot180,46,26,184,104,,,,,,0.999786376953125
ID11,v6_flipLR_rot180,46,56,184,224,,,,,,0.99981689453125
ID11,v6_flipLR_rot180,47,9,188,36,,,,,,0.996246337890625
ID11,v6_flipLR_rot180,47,23,188,92,,,,,,0.9966888427734375
ID11,v6_flipLR_rot180,47,53,188,212,,,,,,0.99981689453125
ID11,v6_flipLR_rot180,48,24,192,96,,,,,,0.9966888427734375
ID12,v0_rot0,2,37,8,148,11.67204486311899,1.7764313105288199,1.7197028902983902,0.9981687776590874,0.000982796419938818,0.998077392578125
ID12,v0_rot0,3,5,12,20,,,,,,1.0
ID12,v0_rot0,3,32,12,128,11.67204486311899,1.7764313105288199,1.7197028902983902,0.9981687776590874,0.000982796419938818,0.998077392578125
ID12,v0_rot0,3,45,12,180,5.641895835477563,1.8208392682470411,1.7204446808239666,0.9977106576517453,0.0017141364961742816,0.9977874755859375
ID12,v0_rot0,4,55,16,220,4.85516239030289,1.7638489956613908,1.720700690214349,0.997466461134598,0.0020377846458015936,0.9972381591796875
ID12,v0_rot0,5,13,20,52,,,,,,0.99957275390625
ID12,v0_rot0,6,46,24,184,4.85516239030289,1.7638489956613908,1.7206682453346702,0.9975275102638849,0.001929901929259156,0.997406005859375
ID12,v0_rot0,8,28,32,112,,,,,,0.9983673095703125
ID12,v0_rot0,11,16,44,64,,,,,,0.9995269775390625
ID12,v0_rot0,11,46,44,184,5.641895835477563,1.678308146963625,1.7224359114023087,0.9968708500602934,0.0026374550997120974,0.9966583251953125
ID12,v0_rot0,13,62,52,248,5.641895835477563,1.678308146963625,1.7224681506157542,0.9968100369364145,0.0026612288573252163,0.9965362548828125
ID12,v0_rot0,14,5,56,20,,,,,,0.999481201171875
ID12,v0_rot0,14,7,56,28,,,,,,0.999481201171875
ID12,v0_rot0,14,8,56,32,,,,,,0.999481201171875
ID12,v0_rot0,14,45,56,180,6.520586427904741,1.7468269421258285,1.7222123576126087,0.9970539748443034,0.002505620590885131,0.9969940185546875
ID12,v0_rot0,15,59,60,236,5.641895835477563,1.678308146963625,1.7224681506157542,0.9968100369364145,0.0026612288573252163,0.9965362548828125
ID12,v0_rot0,16,16,64,64,,,,,,0.999481201171875
ID12,v0_rot0,16,17,64,68,,,,,,0.999481201171875
ID12,v0_rot0,16,29,64,116,,,,,,0.9975738525390625
ID12,v0_rot0,17,17,68,68,,,,,,0.999481201171875
ID12,v0_rot0,18,21,72,84,7.399277020331919,0.2136247018519343,1.7215375063114062,0.9979551350526477,0.0012704441526038383,0.999481201171875
ID12,v0_rot0,19,7,76,28,,,,,,0.999481201171875
ID12,v0_rot0,19,47,76,188,5.641895835477563,1.678308146963625,1.7224681506157542,0.9968100369364145,0.0026612288573252163,0.9965362548828125
ID12,v0_rot0,20,54,80,216,5.641895835477563,1.678308146963625,1.7224681506157542,0.9968100369364145,0.0026612288573252163,0.9965362548828125
ID12,v0_rot0,21,7,84,28,,,,,,0.999481201171875
ID12,v0_rot0,21,22,84,88,7.399277020331919,0.2136247018519343,1.7219213156605213,0.9972835625009538,0.0017619230243933783,0.9971466064453125
ID12,v0_rot0,22,30,88,120,7.399277020331919,0.32237035101903216,1.721360752213509,0.997619301967128,0.001486247993365843,0.9975738525390625
ID12,v0_rot0,23,26,92,104,7.399277020331919,0.2136247018519343,1.7217811175662545,0.9973751278099104,0.0016420643152509715,0.9975738525390625
ID12,v0_rot0,24,46,96,184,5.641895835477563,1.678308146963625,1.722435952836473,0.9968708022957626,0.0026974384351634182,0.996612548828125
ID12,v0_rot0,25,7,100,28,,,,,,0.999481201171875
ID12,v0_rot0,25,40,100,160,7.399277020331919,1.8208392682470411,1.721537406659406,0.9973748874406678,0.0019418888977638714,0.997283935546875
ID12,v0_rot0,26,36,104,144,9.535660941725453,1.7637708884145977,1.7214702223852447,0.9975122479815631,0.0017740713386978578,0.997283935546875
ID12,v0_rot0,27,36,108,144,9.535660941725453,1.7637708884145977,1.7214702223852447,0.9975122479815631,0.0017500974016884272,0.997283935546875
ID12,v0_rot0,28,5,112,20,,,,,,0.999481201171875
ID12,v0_rot0,29,9,116,36,,,,,,0.999481201171875
ID12,v0_rot0,29,38,116,152,11.67204486311899,1.624330414284648,1.7212670814745767,0.9977108323413607,0.0014263404060112985,0.9975738525390625
ID12,v0_rot0,29,63,116,252,7.399277020331919,1.7605786795769394,1.7222081474468507,0.9971155166887963,0.002157588471399977,0.9969940185546875
ID12,v0_rot0,32,4,128,16,,,,,,0.999481201171875
ID12,v0_rot0,32,24,128,96,7.399277020331919,0.2136247018519343,1.7219213156605213,0.9972835625009538,0.0017739088953076189,0.9971466064453125
ID12,v0_rot0,32,29,128,116,,,,,,0.9975738525390625
ID12,v0_rot0,32,55,128,220,9.535660941725453,1.7917029748334086,1.7213417744270558,0.9975581466332947,0.0016780987558092113,0.99737548828125
ID12,v0_rot0,32,63,128,252,9.535660941725453,1.7917029748334086,1.7213417744270558,0.9975581466332947,0.0016780987558092113,0.99737548828125
ID12,v0_rot0,33,7,132,28,,,,,,0.999481201171875
ID12,v0_rot0,33,25,132,100,7.399277020331919,0.2136247018519343,1.721921382805557,0.9972834795879435,0.0018219079868204827,0.9971466064453125
ID12,v0_rot0,34,8,136,32,,,,,,0.999481201171875
ID12,v0_rot0,34,51,136,204,9.535660941725453,1.7917029748334086,1.7213416507949235,0.9975583329518228,0.0015341446522131176,0.9974517822265625
ID12,v0_rot0,36,11,144,44,,,,,,0.999481201171875
ID12,v0_rot0,37,16,148,64,,,,,,0.999481201171875
ID12,v0_rot0,37,50,148,200,11.67204486311899,1.624330414284648,1.7212670107148347,0.9977109371423339,0.0013184055604956479,0.9976043701171875
ID12,v0_rot0,39,32,156,128,11.67204486311899,1.624330414284648,1.7212671522407987,0.9977107275307907,0.0014863387247422064,0.9975128173828125
ID12,v0_rot0,40,16,160,64,,,,,,0.999481201171875
ID12,v0_rot0,40,55,160,220,11.67204486311899,1.624330414284648,1.7212670107148347,0.9977109371423339,0.0013184055604956479,0.9976043701171875
ID12,v0_rot0,41,31,164,124,,,,,,0.9975128173828125
ID12,v0_rot0,41,42,164,168,11.67204486311899,1.624330414284648,1.7212671522407987,0.9977107275307907,0.0014863387247422064,0.9975128173828125
ID12,v0_rot0,43,27,172,108,,,,,,0.9991455078125
ID12,v0_rot0,43,36,172,144,,,,,,0.9991455078125
ID12,v0_rot0,44,57,176,228,,,,,,0.99920654296875
ID12,v0_rot0,46,45,184,180,,,,,,0.999053955078125
ID12,v0_rot0,46,51,184,204,,,,,,0.9991455078125
ID12,v0_rot0,46,64,184,256,,,,,,0.9991455078125
ID12,v0_rot0,47,45,188,180,,,,,,0.9990081787109375
ID12,v0_rot0,48,21,192,84,,,,,,0.9993438720703125
ID12,v0_rot0,48,63,192,252,,,,,,0.9990692138671875
ID12,v2_rot180,0,14,0,56,,,,,,0.9810791015625
ID12,v2_rot180,0,35,0,140,31.045810270703488,1.179657528568991,1.7475097855885713,1.0,0.0024568785725737705,0.9926300048828125
ID12,v2_rot180,1,18,4,72,,,,,,1.0
ID12,v2_rot180,2,22,8,88,,,,,,1.0
ID12,v2_rot180,2,63,8,252,,,,,,0.999114990234375
ID12,v2_rot180,3,47,12,188,,,,,,0.9992218017578125
ID12,v2_rot180,4,2,16,8,,,,,,0.999908447265625
ID12,v2_rot180,4,55,16,220,,,,,,0.9991912841796875
ID12,v2_rot180,5,12,20,48,,,,,,0.999969482421875
ID12,v2_rot180,6,54,24,216,11.726460285670077,1.6270588396783197,1.721658706483002,0.998061867627085,0.0011746153495955855,0.9992218017578125
ID12,v2_rot180,8,25,32,100,,,,,,1.0
ID12,v2_rot180,9,6,36,24,,,,,,1.0
ID12,v2_rot180,9,11,36,44,,,,,,1.0
ID12,v2_rot180,9,12,36,48,,,,,,1.0
ID12,v2_rot180,9,43,36,172,,,,,,0.9998626708984375
ID12,v2_rot180,10,63,40,252,11.726460285670077,1.6270588396783197,1.72164472850454,0.9977108672760847,0.001342417542394955,0.9975738525390625
ID12,v2_rot180,11,15,44,60,,,,,,1.0
ID12,v2_rot180,11,62,44,248,11.726460285670077,1.6270588396783197,1.72164472850454,0.9977108672760847,0.001342417542394955,0.9975738525390625
ID12,v2_rot180,12,37,48,148,,,,,,1.0
ID12,v2_rot180,12,42,48,168,,,,,,1.0
ID12,v2_rot180,15,21,60,84,,,,,,0.998199462890625
ID12,v2_rot180,15,34,60,136,11.726460285670077,1.7942403545825638,1.7229832679292834,0.9981839824197289,0.0012225401762077238,0.998077392578125
ID12,v2_rot180,15,44,60,176,11.726460285670077,1.6973893411749312,1.7240473828388663,0.9965354619129745,0.0020377846458015936,0.998016357421875
ID12,v2_rot180,16,50,64,200,9.519596538550765,1.7838134798799763,1.721905701738328,0.9974663837970665,0.001810087496344796,0.997283935546875
ID12,v2_rot180,16,52,64,208,9.519596538550765,1.7838134798799763,1.7217755554428131,0.9975426975381187,0.0017261761554546399,0.997283935546875
ID12,v2_rot180,17,5,68,20,,,,,,0.998199462890625
ID12,v2_rot180,17,16,68,64,,,,,,0.998199462890625
ID12,v2_rot180,17,25,68,100,,,,,,0.9981536865234375
ID12,v2_rot180,18,1,72,4,,,,,,0.998199462890625
ID12,v2_rot180,18,57,72,228,7.312732791431452,1.755361676071521,1.7224905634005963,0.9973290190631725,0.001953935509299349,0.997283935546875
ID12,v2_rot180,20,61,80,244,7.312732791431452,1.755361676071521,1.723022431272097,0.9971452996672061,0.002469880952277262,0.9967193603515625
ID12,v2_rot180,23,18,92,72,,,,,,0.998199462890625
ID12,v2_rot180,25,12,100,48,,,,,,0.998199462890625
ID12,v2_rot180,26,38,104,152,5.527906391541368,1.8166266226716836,1.7243333284747098,0.9976339490154175,0.002253928479907194,0.9972381591796875
ID12,v2_rot180,26,60,104,240,6.42031959148641,1.7460687061526052,1.7231252342376213,0.9969926418953989,0.0026377369393252316,0.9965362548828125
ID12,v2_rot180,26,64,104,256,6.42031959148641,1.7460687061526052,1.7231252342376213,0.9969926418953989,0.0026377369393252316,0.9965362548828125
ID12,v2_rot180,27,54,108,216,6.42031959148641,1.7460687061526052,1.7231252342376213,0.9969926418953989,0.0026377369393252316,0.9965362548828125
ID12,v2_rot180,29,14,116,56,,,,,,0.998199462890625
ID12,v2_rot180,32,29,128,116,5.527906391541368,0.3664488970455888,1.7242097179630262,0.9978172604328845,0.0019420963835269807,0.9974822998046875
ID12,v2_rot180,33,19,132,76,,,,,,0.9980621337890625
ID12,v2_rot180,34,6,136,24,,,,,,0.998199462890625
ID12,v2_rot180,34,37,136,148,5.527906391541368,1.8166266226716836,1.7243333284747098,0.9976339490154175,0.002253928479907194,0.9972381591796875
ID12,v2_rot180,35,53,140,212,6.42031959148641,1.7460687061526052,1.7231252342376213,0.9969926418953989,0.0026377369393252316,0.9965362548828125
ID12,v2_rot180,36,16,144,64,,,,,,0.998199462890625
ID12,v2_rot180,36,45,144,180,7.312732791431452,1.6607047228139658,1.7259369521097883,0.9953439379598815,0.0034410477344833704,0.9948883056640625
ID12,v2_rot180,37,31,148,124,5.527906391541368,0.3664488970455888,1.7242097179630262,0.9978172604328845,0.0019420963835269807,0.9974822998046875
ID12,v2_rot180,38,46,152,184,7.312732791431452,1.6607047228139658,1.7257807455613348,0.9954355326229658,0.0033451300275988164,0.9965362548828125
ID12,v2_rot180,39,16,156,64,,,,,,0.9981689453125
ID12,v2_rot180,39,33,156,132,8.627183338605722,1.82982280536228,1.7242098452019199,0.9978171937965563,0.002014087364922019,0.9974517822265625
ID12,v2_rot180,39,36,156,144,5.527906391541368,1.8166266226716836,1.7243334594952786,0.9976338767784088,0.0023259333775890725,0.9972076416015625
ID12,v2_rot180,39,43,156,172,5.527906391541368,1.8166266226716836,1.724439905248436,0.9972675093118398,0.0025896990183465964,0.9972076416015625
ID12,v2_rot180,39,44,156,176,7.312732791431452,1.6607047228139658,1.7251987846743182,0.9960615497343835,0.00287744335371844,0.9972076416015625
ID12,v2_rot180,40,29,160,116,5.527906391541368,0.3664488970455888,1.7242098452019199,0.9978171937965563,0.002014087364922019,0.9974517822265625
ID12,v2_rot180,40,33,160,132,8.627183338605722,1.82982280536228,1.7242098452019199,0.9978171937965563,0.002014087364922019,0.9974517822265625
ID12,v2_rot180,40,41,160,164,5.527906391541368,1.8166266226716836,1.7243334594952786,0.9976338767784088,0.0023259333775890725,0.9972076416015625
ID12,v2_rot180,40,48,160,192,5.527906391541368,1.8166266226716836,1.7235141309978745,0.9965959395512135,0.0026495648620185634,0.9972381591796875
ID12,v2_rot180,41,16,164,64,,,,,,0.9981689453125
ID12,v2_rot180,41,38,164,152,5.527906391541368,1.8166266226716836,1.7243334594952786,0.9976338767784088,0.0023259333775890725,0.9972076416015625
ID12,v2_rot180,41,63,164,252,5.527906391541368,1.8166266226716836,1.7216945461614646,0.9975423599450466,0.0021100607045939686,0.9972381591796875
ID12,v2_rot180,42,37,168,148,5.527906391541368,1.8166266226716836,1.7243334594952786,0.9976338767784088,0.0023259333775890725,0.9972076416015625
ID12,v2_rot180,44,28,176,112,5.527906391541368,0.3664488970455888,1.7242098452019199,0.9978171937965563,0.002014087364922019,0.9974517822265625
ID12,v2_rot180,45,37,180,148,5.527906391541368,1.8166266226716836,1.7243334594952786,0.9976338767784088,0.0023259333775890725,0.9972076416015625
ID12,v2_rot180,46,23,184,92,,,,,,0.9976806640625
ID12,v2_rot180,47,40,188,160,5.527906391541368,1.8166266226716836,1.7243334594952786,0.9976338767784088,0.0023259333775890725,0.9972076416015625
ID12,v2_rot180,48,22,192,88,5.527906391541368,0.37993955133519935,1.7240538886406136,0.9978328882106067,0.0016780731457557078,0.9976654052734375
ID12,v2_rot180,48,48,192,192,5.527906391541368,1.8166266226716836,1.7226796727762468,0.9969165012975119,0.002385807273944317,0.9972381591796875
ID12,v4_flipLR,1,54,4,216,5.4115163798060095,1.8207501353226134,1.721047392680652,0.9977256422389449,0.001978091324784073,0.99737548828125
ID12,v4_flipLR,2,4,8,16,,,,,,0.9981842041015625
ID12,v4_flipLR,2,56,8,224,5.4115163798060095,1.8207501353226134,1.721047392680652,0.9977256422389449,0.001978091324784073,0.99737548828125
ID12,v4_flipLR,3,4,12,16,,,,,,0.9981842041015625
ID12,v4_flipLR,3,14,12,56,,,,,,0.9981842041015625
ID12,v4_flipLR,4,4,16,16,,,,,,0.9981842041015625
ID12,v4_flipLR,5,32,20,128,5.4115163798060095,0.37644920000847343,1.723946090008857,0.9978936121498894,0.0019540548062853404,0.9975738525390625
ID12,v4_flipLR,5,45,20,180,8.431657095483722,1.7467599461738135,1.7240473902324054,0.9961227885393292,0.002853333988011062,0.9957427978515625
ID12,v4_flipLR,7,25,28,100,5.4115163798060095,0.37644920000847343,1.7239386246507316,0.9979088758299626,0.001894114474804195,0.9977264404296875
ID12,v4_flipLR,7,54,28,216,5.4115163798060095,1.8207501353226134,1.7212858262725999,0.9976340573626609,0.002073998782955422,0.99737548828125
ID12,v4_flipLR,8,19,32,76,,,,,,0.9980621337890625
ID12,v4_flipLR,8,20,32,80,5.4115163798060095,0.35034160423509625,1.7235165588359058,0.9979855324603975,0.0015102427828354926,0.9980621337890625
ID12,v4_flipLR,8,50,32,200,6.362124585618731,1.7466956891662329,1.7220247610133623,0.9973287744417139,0.002325755860655213,0.99737548828125
ID12,v4_flipLR,11,21,44,84,5.4115163798060095,0.35034160423509625,1.7239108495428963,0.9978635087290929,0.0015940965042708555,0.99774169921875
ID12,v4_flipLR,13,15,52,60,,,,,,0.9982147216796875
ID12,v4_flipLR,13,24,52,96,,,,,,0.9977569580078125
ID12,v4_flipLR,13,28,52,112,5.4115163798060095,0.37644920000847343,1.7239459615362356,0.997893676450387,0.0018820689539111892,0.9976043701171875
ID12,v4_flipLR,15,10,60,40,,,,,,0.9982147216796875
ID12,v4_flipLR,15,22,60,88,5.4115163798060095,0.35034160423509625,1.7239108495428963,0.9978635087290929,0.0015940965042708555,0.99774169921875
ID12,v4_flipLR,16,17,64,68,,,,,,0.9982147216796875
ID12,v4_flipLR,16,54,64,216,6.362124585618731,1.7466956891662329,1.7227166097173496,0.997084370086553,0.0026016486506777125,0.996673583984375
ID12,v4_flipLR,17,25,68,100,5.4115163798060095,0.37644920000847343,1.7239384964060005,0.9979089396645145,0.0018221304521942722,0.9977569580078125
ID12,v4_flipLR,17,37,68,148,5.4115163798060095,1.8207932193099843,1.7241492630609472,0.9976951139468503,0.002217859970212445,0.997344970703125
ID12,v4_flipLR,17,64,68,256,6.362124585618731,1.7466956891662329,1.7227166097173496,0.997084370086553,0.0026016486506777125,0.996673583984375
ID12,v4_flipLR,18,38,72,152,5.4115163798060095,1.8207932193099843,1.7241492630609472,0.9976951139468503,0.002217859970212445,0.997344970703125
ID12,v4_flipLR,19,9,76,36,,,,,,0.9982147216796875
ID12,v4_flipLR,19,37,76,148,5.4115163798060095,1.8207932193099843,1.7241492630609472,0.9976951139468503,0.002217859970212445,0.997344970703125
ID12,v4_flipLR,22,47,88,188,7.312732791431452,1.6579650423518524,1.7248309300717535,0.9959547543085683,0.003105193550808883,0.996673583984375
ID12,v4_flipLR,24,2,96,8,,,,,,0.9982147216796875
ID12,v4_flipLR,25,8,100,32,,,,,,0.9982147216796875
ID12,v4_flipLR,25,15,100,60,,,,,,0.9982147216796875
ID12,v4_flipLR,25,23,100,92,,,,,,0.9978179931640625
ID12,v4_flipLR,25,51,100,204,6.362124585618731,1.7466956891662329,1.7227166097173496,0.997084370086553,0.0026016486506777125,0.996673583984375
ID12,v4_flipLR,25,61,100,244,6.362124585618731,1.7466956891662329,1.7227166097173496,0.997084370086553,0.0026016486506777125,0.996673583984375
ID12,v4_flipLR,26,21,104,84,5.4115163798060095,0.35034160423509625,1.7239108495428963,0.9978635087290929,0.0015940965042708555,0.99774169921875
ID12,v4_flipLR,26,59,104,236,6.362124585618731,1.7466956891662329,1.7227166097173496,0.997084370086553,0.0026016486506777125,0.996673583984375
ID12,v4_flipLR,27,20,108,80,5.4115163798060095,0.35034160423509625,1.7235164434947021,0.9979855939445733,0.0014382825602443808,0.9980926513671875
ID12,v4_flipLR,27,49,108,196,6.362124585618731,1.7466956891662329,1.7232594757542912,0.9967943336030164,0.002793475279299111,0.996673583984375
ID12,v4_flipLR,28,16,112,64,,,,,,0.9982147216796875
ID12,v4_flipLR,30,48,120,192,7.312732791431452,1.7687518725038784,1.7232976566604339,0.9967643961478,0.0022775240158958987,0.997406005859375
ID12,v4_flipLR,30,58,120,232,7.312732791431452,1.7687518725038784,1.7220692901164796,0.9974206742876329,0.001929901929259156,0.997406005859375
ID12,v4_flipLR,30,59,120,236,7.312732791431452,1.7687518725038784,1.7220692901164796,0.9974206742876329,0.001929901929259156,0.997406005859375
ID12,v4_flipLR,32,26,128,104,,,,,,0.998077392578125
ID12,v4_flipLR,33,43,132,172,11.562445770562215,1.8070459312925515,1.7230709397182824,0.9978480510362931,0.0016661631927023795,0.998077392578125
ID12,v4_flipLR,35,39,140,156,,,,,,1.0
ID12,v4_flipLR,35,49,140,196,11.451797811161432,1.6296865973225643,1.7213911744036516,0.9976956415578073,0.0014382825602443808,0.9976654052734375
ID12,v4_flipLR,36,4,144,16,,,,,,1.0
ID12,v4_flipLR,36,31,144,124,,,,,,1.0
ID12,v4_flipLR,37,48,148,192,11.451797811161432,1.6296865973225643,1.7213041916709304,0.9977872054694177,0.001318425680224016,0.9976654052734375
ID12,v4_flipLR,38,12,152,48,,,,,,1.0
ID12,v4_flipLR,38,14,152,56,,,,,,1.0
ID12,v4_flipLR,39,9,156,36,,,,,,1.0
ID12,v4_flipLR,40,7,160,28,,,,,,0.999969482421875
ID12,v4_flipLR,41,32,164,128,,,,,,1.0
ID12,v4_flipLR,41,49,164,196,11.451797811161432,1.6296865973225643,1.7213041916709304,0.9977872054694177,0.001318425680224016,0.9976654052734375
ID12,v4_flipLR,41,53,164,212,11.451797811161432,1.6296865973225643,1.7213041916709304,0.9977872054694177,0.001318425680224016,0.9976654052734375
ID12,v4_flipLR,41,56,164,224,11.451797811161432,1.6296865973225643,1.7213041916709304,0.9977872054694177,0.001318425680224016,0.9976654052734375
ID12,v4_flipLR,43,38,172,152,,,,,,1.0
ID12,v4_flipLR,43,39,172,156,,,,,,1.0
ID12,v4_flipLR,44,11,176,44,,,,,,0.99993896484375
ID12,v4_flipLR,46,28,184,112,,,,,,1.0
ID12,v4_flipLR,47,17,188,68,,,,,,1.0
ID12,v4_flipLR,47,24,188,96,,,,,,1.0
ID12,v6_flipLR_rot180,0,48,0,192,,,,,,0.9990997314453125
ID12,v6_flipLR_rot180,0,63,0,252,,,,,,0.9990692138671875
ID12,v6_flipLR_rot180,1,60,4,240,,,,,,0.9990997314453125
ID12,v6_flipLR_rot180,3,9,12,36,,,,,,0.999481201171875
ID12,v6_flipLR_rot180,5,22,20,88,7.399277020331919,0.21608986879420275,1.7224564809379668,0.9981075636408033,0.0015342617195969932,0.99871826171875
ID12,v6_flipLR_rot180,7,12,28,48,,,,,,0.999481201171875
ID12,v6_flipLR_rot180,9,13,36,52,,,,,,0.999481201171875
ID12,v6_flipLR_rot180,9,23,36,92,7.399277020331919,0.21608986879420275,1.722382161706585,0.9971918686282889,0.0018698814707588354,0.99700927734375
ID12,v6_flipLR_rot180,9,36,36,144,11.941642642883693,1.6217882100656462,1.72163759414127,0.9976344545510042,0.0014623432014908842,0.9974517822265625
ID12,v6_flipLR_rot180,9,37,36,148,11.941642642883693,1.6217882100656462,1.72163759414127,0.9976344545510042,0.0014623432014908842,0.9974517822265625
ID12,v6_flipLR_rot180,10,47,40,188,11.941642642883693,1.6217882100656462,1.7216374698958492,0.9976346350470784,0.0013184055604956479,0.997528076171875
ID12,v6_flipLR_rot180,11,33,44,132,11.941642642883693,1.6217882100656462,1.72163759414127,0.9976344545510042,0.0014623432014908842,0.9974517822265625
ID12,v6_flipLR_rot180,11,48,44,192,11.941642642883693,1.6217882100656462,1.7216374698958492,0.9976346350470784,0.0013184055604956479,0.997528076171875
ID12,v6_flipLR_rot180,11,56,44,224,11.941642642883693,1.6217882100656462,1.7216374698958492,0.9976346350470784,0.0013184055604956479,0.997528076171875
ID12,v6_flipLR_rot180,14,48,56,192,9.670459831607806,1.7917294553838572,1.7217120660591865,0.9974820308565673,0.0015341446522131176,0.99737548828125
ID12,v6_flipLR_rot180,14,52,56,208,9.670459831607806,1.7917294553838572,1.7217120660591865,0.9974820308565673,0.0015341446522131176,0.99737548828125
ID12,v6_flipLR_rot180,15,30,60,120,,,,,,0.9975128173828125
ID12,v6_flipLR_rot180,17,13,68,52,,,,,,0.999481201171875
ID12,v6_flipLR_rot180,17,14,68,56,,,,,,0.999481201171875
ID12,v6_flipLR_rot180,17,26,68,104,7.399277020331919,0.21608986879420275,1.722202304623738,0.9972988646074961,0.0016420392562790016,0.9975128173828125
ID12,v6_flipLR_rot180,19,36,76,144,11.941642642883693,1.6217882100656462,1.7216374947434168,0.9976345989500671,0.0013663684322321617,0.9975128173828125
ID12,v6_flipLR_rot180,21,42,84,168,7.399277020331919,1.8275697860739457,1.7218358940464644,0.9972981636671704,0.002157983688411728,0.996917724609375
ID12,v6_flipLR_rot180,22,57,88,228,5.641895835477563,1.6897619847339471,1.7226738255260619,0.9967641492154589,0.002649322213059956,0.9964599609375
ID12,v6_flipLR_rot180,24,40,96,160,7.399277020331919,1.8275697860739457,1.7218281269729676,0.9973138793077134,0.001881925332764558,0.9972381591796875
ID12,v6_flipLR_rot180,25,35,100,140,9.670459831607806,1.7724952198072241,1.7217609832534753,0.9974512377522053,0.001726097120497429,0.9972381591796875
ID12,v6_flipLR_rot180,26,17,104,68,,,,,,0.999481201171875
ID12,v6_flipLR_rot180,26,36,104,144,9.670459831607806,1.7724952198072241,1.7217609832534753,0.9974512377522053,0.001726097120497429,0.9972381591796875
ID12,v6_flipLR_rot180,26,52,104,208,5.641895835477563,1.6897619847339471,1.7226738255260619,0.9967641492154589,0.002649322213059956,0.9964599609375
ID12,v6_flipLR_rot180,26,64,104,256,5.641895835477563,1.6897619847339471,1.7226738255260619,0.9967641492154589,0.002649322213059956,0.9964599609375
ID12,v6_flipLR_rot180,28,24,112,96,7.399277020331919,0.21608986879420275,1.7223820168583857,0.9971920400439507,0.0017738818243014031,0.9970703125
ID12,v6_flipLR_rot180,29,61,116,244,5.641895835477563,1.6897619847339471,1.7226738255260619,0.9967641492154589,0.002649322213059956,0.9964599609375
ID12,v6_flipLR_rot180,30,23,120,92,7.399277020331919,0.21608986879420275,1.7223820168583857,0.9971920400439507,0.0017738818243014031,0.9970703125
ID12,v6_flipLR_rot180,30,54,120,216,5.641895835477563,1.6897619847339471,1.7226738255260619,0.9967641492154589,0.002649322213059956,0.9964599609375
ID12,v6_flipLR_rot180,31,18,124,72,,,,,,0.999481201171875
ID12,v6_flipLR_rot180,31,27,124,108,,,,,,0.9975128173828125
ID12,v6_flipLR_rot180,31,33,124,132,9.670459831607806,1.7724952198072241,1.7217609832534753,0.9974512377522053,0.001726097120497429,0.9972381591796875
ID12,v6_flipLR_rot180,31,39,124,156,9.670459831607806,1.7724952198072241,1.7217609832534753,0.9974512377522053,0.001726097120497429,0.9972381591796875
ID12,v6_flipLR_rot180,31,56,124,224,5.641895835477563,1.6897619847339471,1.7226738255260619,0.9967641492154589,0.002649322213059956,0.9964599609375
ID12,v6_flipLR_rot180,32,20,128,80,,,,,,0.999481201171875
ID12,v6_flipLR_rot180,32,61,128,244,5.641895835477563,1.6897619847339471,1.7226738255260619,0.9967641492154589,0.002649322213059956,0.9964599609375
ID12,v6_flipLR_rot180,33,29,132,116,,,,,,0.9975128173828125
ID12,v6_flipLR_rot180,33,61,132,244,5.641895835477563,1.6897619847339471,1.7226738255260619,0.9967641492154589,0.002649322213059956,0.9964599609375
ID12,v6_flipLR_rot180,35,38,140,152,9.670459831607806,1.7724952198072241,1.7217609832534753,0.9974512377522053,0.001726097120497429,0.9972381591796875
ID12,v6_flipLR_rot180,35,54,140,216,5.641895835477563,1.6897619847339471,1.7226738255260619,0.9967641492154589,0.002649322213059956,0.9964599609375
ID12,v6_flipLR_rot180,36,32,144,128,9.670459831607806,1.7724952198072241,1.7217609832534753,0.9974512377522053,0.001726097120497429,0.9972381591796875
ID12,v6_flipLR_rot180,36,33,144,132,9.670459831607806,1.7724952198072241,1.7217609832534753,0.9974512377522053,0.001726097120497429,0.9972381591796875
ID12,v6_flipLR_rot180,36,44,144,176,7.399277020331919,1.8275697860739457,1.7220191384115613,0.9972065759948711,0.00231383806590813,0.996917724609375
ID12,v6_flipLR_rot180,38,4,152,16,,,,,,0.9995574951171875
ID12,v6_flipLR_rot180,39,20,156,80,,,,,,0.9995574951171875
ID12,v6_flipLR_rot180,39,40,156,160,7.399277020331919,1.8275697860739457,1.7214991787698652,0.9974362887227224,0.0015221359186857308,0.998016357421875
ID12,v6_flipLR_rot180,41,55,164,220,4.7753579653504605,1.773371761719087,1.721070894473869,0.9973595445595934,0.0021097708566667817,0.997161865234375
ID12,v6_flipLR_rot180,42,34,168,136,11.941642642883693,1.7816132045257775,1.719993866328306,0.9981077369143904,0.0009588257755500666,0.998016357421875
ID12,v6_flipLR_rot180,43,51,172,204,4.7753579653504605,1.773371761719087,1.7209065038024487,0.9974205955524351,0.002025859515776626,0.997161865234375
ID12,v6_flipLR_rot180,44,39,176,156,11.941642642883693,1.7816132045257775,1.719993866328306,0.9981077369143904,0.0009588257755500666,0.998016357421875
ID12,v6_flipLR_rot180,45,4,180,16,,,,,,1.0
ID12,v6_flipLR_rot180,45,16,180,64,,,,,,1.0
ID12,v6_flipLR_rot180,45,35,180,140,11.941642642883693,1.7816132045257775,1.719993866328306,0.9981077369143904,0.0009588257755500666,0.998016357421875
ID12,v6_flipLR_rot180,46,19,184,76,,,,,,1.0
ID12,v6_flipLR_rot180,46,26,184,104,,,,,,0.998291015625
ID12,v6_flipLR_rot180,46,52,184,208,4.7753579653504605,1.773371761719087,1.7209065038024487,0.9974205955524351,0.002025859515776626,0.997161865234375
ID12,v6_flipLR_rot180,47,7,188,28,,,,,,1.0
ID12,v6_flipLR_rot180,47,29,188,116,,,,,,0.998291015625
ID12,v6_flipLR_rot180,47,45,188,180,5.641895835477563,1.8275697860739457,1.7206792112615241,0.9976495367755918,0.0017141888210417606,0.9976959228515625
ID12,v6_flipLR_rot180,48,20,192,80,,,,,,1.0
ID13,v0_rot0,0,38,0,152,,,,,,0.9993438720703125
ID13,v0_rot0,0,58,0,232,11.617374563210365,1.6353070899005506,1.7142310704738886,0.997772216796875,0.0010546117916713782,0.997772216796875
ID13,v0_rot0,1,34,4,136,,,,,,0.9999542236328125
ID13,v0_rot0,2,22,8,88,,,,,,0.999359130859375
ID13,v0_rot0,2,44,8,176,,,,,,1.0
ID13,v0_rot0,3,29,12,116,,,,,,0.999359130859375
ID13,v0_rot0,3,60,12,240,,,,,,0.998382568359375
ID13,v0_rot0,5,0,20,0,,,,,,0.9997100830078125
ID13,v0_rot0,5,11,20,44,,,,,,0.9997100830078125
ID13,v0_rot0,6,28,24,112,,,,,,0.999786376953125
ID13,v0_rot0,7,42,28,168,,,,,,0.9999542236328125
ID13,v0_rot0,9,2,36,8,,,,,,0.9999542236328125
ID13,v0_rot0,9,14,36,56,,,,,,0.9999542236328125
ID13,v0_rot0,10,3,40,12,,,,,,0.9999542236328125
ID13,v0_rot0,10,38,40,152,,,,,,0.9999542236328125
ID13,v0_rot0,10,41,40,164,,,,,,0.9999542236328125
ID13,v0_rot0,11,49,44,196,,,,,,0.998382568359375
ID13,v0_rot0,12,52,48,208,,,,,,0.998382568359375
ID13,v0_rot0,13,59,52,236,,,,,,0.998382568359375
ID13,v0_rot0,14,29,56,116,,,,,,0.9999542236328125
ID13,v0_rot0,15,26,60,104,,,,,,0.9999542236328125
ID13,v0_rot0,15,31,60,124,,,,,,0.9999542236328125
ID13,v0_rot0,16,20,64,80,,,,,,0.9999542236328125
ID13,v0_rot0,17,53,68,212,,,,,,0.998382568359375
ID13,v0_rot0,18,18,72,72,,,,,,0.9999542236328125
ID13,v0_rot0,18,56,72,224,,,,,,0.998382568359375
ID13,v0_rot0,19,21,76,84,,,,,,0.9999542236328125
ID13,v0_rot0,19,38,76,152,,,,,,0.9999542236328125
ID13,v0_rot0,19,51,76,204,,,,,,0.998382568359375
ID13,v0_rot0,19,52,76,208,,,,,,0.998382568359375
ID13,v0_rot0,21,38,84,152,,,,,,0.9999542236328125
ID13,v0_rot0,21,41,84,164,,,,,,0.9999542236328125
ID13,v0_rot0,22,50,88,200,,,,,,0.998382568359375
ID13,v0_rot0,24,4,96,16,,,,,,0.9999542236328125
ID13,v0_rot0,25,40,100,160,,,,,,0.9999542236328125
ID13,v0_rot0,26,25,104,100,,,,,,0.9999542236328125
ID13,v0_rot0,27,45,108,180,,,,,,0.998382568359375
ID13,v0_rot0,28,30,112,120,,,,,,0.9999542236328125
ID13,v0_rot0,30,57,120,228,,,,,,0.998382568359375
ID13,v0_rot0,31,9,124,36,,,,,,0.9999542236328125
ID13,v0_rot0,33,20,132,80,,,,,,0.9999542236328125
ID13,v0_rot0,35,11,140,44,,,,,,0.9999542236328125
ID13,v0_rot0,36,10,144,40,,,,,,0.9999542236328125
ID13,v0_rot0,36,58,144,232,,,,,,0.9983062744140625
ID13,v0_rot0,37,21,148,84,,,,,,0.9999542236328125
ID13,v0_rot0,37,34,148,136,,,,,,0.9999542236328125
ID13,v0_rot0,37,62,148,248,,,,,,0.9983062744140625
ID13,v0_rot0,39,58,156,232,,,,,,0.9983062744140625
ID13,v0_rot0,40,0,160,0,,,,,,0.9999542236328125
ID13,v0_rot0,40,5,160,20,,,,,,0.9999542236328125
ID13,v0_rot0,40,59,160,236,,,,,,0.9983062744140625
ID13,v0_rot0,41,8,164,32,,,,,,0.9999542236328125
ID13,v0_rot0,43,0,172,0,,,,,,0.9999542236328125
ID13,v0_rot0,44,5,176,20,,,,,,0.9999542236328125
ID13,v0_rot0,44,50,176,200,,,,,,0.998382568359375
ID13,v0_rot0,44,63,176,252,,,,,,0.9983062744140625
ID13,v0_rot0,45,64,180,256,,,,,,0.9983062744140625
ID13,v0_rot0,46,49,184,196,,,,,,0.998382568359375
ID13,v0_rot0,46,55,184,220,,,,,,0.9983062744140625
ID13,v0_rot0,47,16,188,64,,,,,,0.9999542236328125
ID13,v0_rot0,47,24,188,96,,,,,,0.9999542236328125
ID13,v0_rot0,47,55,188,220,,,,,,0.9983062744140625
ID13,v0_rot0,47,59,188,236,,,,,,0.9983062744140625
ID13,v0_rot0,48,39,192,156,,,,,,0.9999542236328125
ID13,v2_rot180,0,46,0,184,10.585134856802455,1.6349623941249707,1.7145807102777857,0.9980009461171049,0.0011865287905929618,0.9979248046875
ID13,v2_rot180,1,30,4,120,,,,,,0.9979248046875
ID13,v2_rot180,1,61,4,244,10.585134856802455,1.6349623941249707,1.7145807102777857,0.9980009461171049,0.0011985139298918807,0.9979248046875
ID13,v2_rot180,2,43,8,172,10.585134856802455,1.6349623941249707,1.7145807102777857,0.9980009461171049,0.0011985139298918807,0.9979248046875
ID13,v2_rot180,3,55,12,220,10.585134856802455,1.6349623941249707,1.7145807102777857,0.9980009461171049,0.0011985139298918807,0.9979248046875
ID13,v2_rot180,3,56,12,224,10.585134856802455,1.6349623941249707,1.7145807102777857,0.9980009461171049,0.0011985139298918807,0.9979248046875
ID13,v2_rot180,4,44,16,176,10.585134856802455,1.6349623941249707,1.7145807102777857,0.9980009461171049,0.0011985139298918807,0.9979248046875
ID13,v2_rot180,5,38,20,152,10.585134856802455,1.6349623941249707,1.7145807102777857,0.9980009461171049,0.0011985139298918807,0.9979248046875
ID13,v2_rot180,5,45,20,180,10.585134856802455,1.6349623941249707,1.7145807102777857,0.9980009461171049,0.0011985139298918807,0.9979248046875
ID13,v2_rot180,6,23,24,92,,,,,,0.999267578125
ID13,v2_rot180,6,43,24,172,10.585134856802455,1.6349623941249707,1.7145807102777857,0.9980009461171049,0.0011985139298918807,0.9979248046875
ID13,v2_rot180,6,58,24,232,10.585134856802455,1.6349623941249707,1.7145807102777857,0.9980009461171049,0.0011985139298918807,0.9979248046875
ID13,v2_rot180,7,2,28,8,,,,,,0.994781494140625
ID13,v2_rot180,7,4,28,16,,,,,,0.994781494140625
ID13,v2_rot180,7,62,28,248,10.585134856802455,1.6349623941249707,1.7145807102777857,0.9980009461171049,0.0011985139298918807,0.9979248046875
ID13,v2_rot180,8,22,32,88,,,,,,0.999267578125
ID13,v2_rot180,10,9,40,36,,,,,,0.994781494140625
ID13,v2_rot180,10,42,40,168,10.585134856802455,1.6349623941249707,1.7145807102777857,0.9980009461171049,0.0011985139298918807,0.9979248046875
ID13,v2_rot180,11,39,44,156,10.585134856802455,1.6349623941249707,1.7145807102777857,0.9980009461171049,0.0011985139298918807,0.9979248046875
ID13,v2_rot180,12,0,48,0,7.084776011452497,0.36665630313622166,1.8208303205493062,0.9943966043727861,0.004125091123255194,0.994415283203125
ID13,v2_rot180,12,1,48,4,,,,,,0.994781494140625
ID13,v2_rot180,12,42,48,168,10.585134856802455,1.6349623941249707,1.7145807102777857,0.9980009461171049,0.0011985139298918807,0.9979248046875
ID13,v2_rot180,12,43,48,172,10.585134856802455,1.6349623941249707,1.7145807102777857,0.9980009461171049,0.0011985139298918807,0.9979248046875
ID13,v2_rot180,13,46,52,184,10.585134856802455,1.6349623941249707,1.7145806718081993,0.9980010681315328,0.0011145499228803338,0.9980010986328125
ID13,v2_rot180,14,0,56,0,7.084776011452497,0.36665630313622166,1.8208303205493062,0.9943966043727861,0.004125091123255194,0.994415283203125
ID13,v2_rot180,15,12,60,48,,,,,,0.9993438720703125
ID13,v2_rot180,16,17,64,68,,,,,,0.9993438720703125
ID13,v2_rot180,16,54,64,216,10.585134856802455,1.6349623941249707,1.7145806621915365,0.9980010986328125,0.0010785802414820915,0.9980010986328125
ID13,v2_rot180,16,55,64,220,10.585134856802455,1.6349623941249707,1.7145806621915365,0.9980010986328125,0.0010785802414820915,0.9980010986328125
ID13,v2_rot180,16,57,64,228,10.585134856802455,1.6349623941249707,1.7145806621915365,0.9980010986328125,0.0010785802414820915,0.9980010986328125
ID13,v2_rot180,17,7,68,28,,,,,,0.994781494140625
ID13,v2_rot180,18,42,72,168,10.585134856802455,1.6349623941249707,1.7145806621915365,0.9980010986328125,0.0010785802414820915,0.9980010986328125
ID13,v2_rot180,20,4,80,16,,,,,,0.994964599609375
ID13,v2_rot180,20,17,80,68,,,,,,0.9993438720703125
ID13,v2_rot180,21,7,84,28,,,,,,0.99505615234375
ID13,v2_rot180,21,27,84,108,,,,,,0.9980010986328125
ID13,v2_rot180,21,35,84,140,10.585134856802455,1.6349623941249707,1.7145806621915365,0.9980010986328125,0.0010785802414820915,0.9980010986328125
ID13,v2_rot180,22,15,88,60,,,,,,0.9993438720703125
ID13,v2_rot180,22,39,88,156,10.585134856802455,1.6349623941249707,1.7145806621915365,0.9980010986328125,0.0010785802414820915,0.9980010986328125
ID13,v2_rot180,23,1,92,4,,,,,,0.9952850341796875
ID13,v2_rot180,23,3,92,12,,,,,,0.9952850341796875
ID13,v2_rot180,25,10,100,40,,,,,,0.9952850341796875
ID13,v2_rot180,25,48,100,192,10.585134856802455,1.6349623941249707,1.7145806621915365,0.9980010986328125,0.0010785802414820915,0.9980010986328125
ID13,v2_rot180,26,35,104,140,10.585134856802455,1.6349623941249707,1.7145806621915365,0.9980010986328125,0.0010785802414820915,0.9980010986328125
ID13,v2_rot180,27,21,108,84,,,,,,0.9993438720703125
ID13,v2_rot180,31,37,124,148,10.585134856802455,1.6349623941249707,1.7145806621915365,0.9980010986328125,0.0010785802414820915,0.9980010986328125
ID13,v2_rot180,32,11,128,44,,,,,,0.9952850341796875
ID13,v2_rot180,32,64,128,256,,,,,,0.9986572265625
ID13,v2_rot180,35,41,140,164,10.585134856802455,1.6349623941249707,1.7145806621915365,0.9980010986328125,0.0010785802414820915,0.9980010986328125
ID13,v2_rot180,35,42,140,168,10.585134856802455,1.6349623941249707,1.7145806621915365,0.9980010986328125,0.0010785802414820915,0.9980010986328125
ID13,v2_rot180,35,52,140,208,10.585134856802455,1.6349623941249707,1.7145806621915365,0.9980010986328125,0.0010785802414820915,0.9980010986328125
ID13,v2_rot180,35,62,140,248,10.585134856802455,1.6349623941249707,1.7145806621915365,0.9980010986328125,0.0010785802414820915,0.9980010986328125
ID13,v2_rot180,41,2,164,8,,,,,,0.9952392578125
ID13,v2_rot180,42,27,168,108,,,,,,0.9980010986328125
ID13,v2_rot180,42,41,168,164,10.585134856802455,1.6349623941249707,1.7145806621915365,0.9980010986328125,0.0010785802414820915,0.9980010986328125
ID13,v2_rot180,43,44,172,176,10.585134856802455,1.6349623941249707,1.7145806621915365,0.9980010986328125,0.0010785802414820915,0.9980010986328125
ID13,v2_rot180,44,62,176,248,10.585134856802455,1.6349623941249707,1.7145806621915365,0.9980010986328125,0.0010785802414820915,0.9980010986328125
ID13,v2_rot180,46,6,184,24,,,,,,0.9952392578125
ID13,v2_rot180,46,12,184,48,,,,,,0.999298095703125
ID13,v2_rot180,46,26,184,104,,,,,,0.9980010986328125
ID13,v2_rot180,47,9,188,36,,,,,,0.9952392578125
ID13,v2_rot180,47,45,188,180,8.992205938567187,1.6438729893318214,1.714921777256646,0.997528076171875,0.0013781858641160058,0.9980010986328125
ID13,v2_rot180,48,30,192,120,7.399277020331919,0.14726752499179124,1.7315118142690513,0.99700927734375,0.0017976337358034857,0.9980010986328125
ID13,v4_flipLR,0,10,0,40,,,,,,0.995208740234375
ID13,v4_flipLR,0,55,0,220,9.284830435786017,1.6330772590670248,1.7148548145056013,0.9972686767578125,0.0014860438882642148,0.9972686767578125
ID13,v4_flipLR,1,41,4,164,9.284830435786017,1.6330772590670248,1.714813512773277,0.997314453125,0.0014141385388320754,0.9978485107421875
ID13,v4_flipLR,2,52,8,208,11.170383851240114,1.6294119650203198,1.7145106334029003,0.997650146484375,0.0012104067154410137,0.9978485107421875
ID13,v4_flipLR,4,52,16,208,11.170383851240114,1.6294119650203198,1.714331659229496,0.9978485107421875,0.0010785802414820915,0.9978485107421875
ID13,v4_flipLR,4,57,16,228,11.170383851240114,1.6294119650203198,1.714331659229496,0.9978485107421875,0.0010785802414820915,0.9978485107421875
ID13,v4_flipLR,5,8,20,32,,,,,,0.995208740234375
ID13,v4_flipLR,5,20,20,80,,,,,,0.999298095703125
ID13,v4_flipLR,7,0,28,0,7.084776011452497,0.36790311597591685,1.8203910537627053,0.9943685616177032,0.0035479260795977826,0.9948272705078125
ID13,v4_flipLR,8,25,32,100,,,,,,0.9978485107421875
ID13,v4_flipLR,8,26,32,104,,,,,,0.9978485107421875
ID13,v4_flipLR,9,25,36,100,,,,,,0.9978485107421875
ID13,v4_flipLR,9,46,36,184,11.170383851240114,1.6294119650203198,1.714331659229496,0.9978485107421875,0.0010785802414820915,0.9978485107421875
ID13,v4_flipLR,10,35,40,140,11.170383851240114,1.6294119650203198,1.714331659229496,0.9978485107421875,0.0010785802414820915,0.9978485107421875
ID13,v4_flipLR,12,26,48,104,,,,,,0.9978485107421875
ID13,v4_flipLR,14,39,56,156,11.170383851240114,1.6294119650203198,1.714331659229496,0.9978485107421875,0.0010785802414820915,0.9978485107421875
ID13,v4_flipLR,14,42,56,168,11.170383851240114,1.6294119650203198,1.714331659229496,0.9978485107421875,0.0010785802414820915,0.9978485107421875
ID13,v4_flipLR,15,10,60,40,,,,,,0.9952545166015625
ID13,v4_flipLR,15,36,60,144,11.170383851240114,1.6294119650203198,1.714331659229496,0.9978485107421875,0.0010785802414820915,0.9978485107421875
ID13,v4_flipLR,16,4,64,16,,,,,,0.9952545166015625
ID13,v4_flipLR,16,47,64,188,11.170383851240114,1.6294119650203198,1.714331659229496,0.9978485107421875,0.0010785802414820915,0.9978485107421875
ID13,v4_flipLR,17,46,68,184,11.170383851240114,1.6294119650203198,1.714331659229496,0.9978485107421875,0.0010785802414820915,0.9978485107421875
ID13,v4_flipLR,19,60,76,240,11.170383851240114,1.6294119650203198,1.714331659229496,0.9978485107421875,0.0010785802414820915,0.9978485107421875
ID13,v4_flipLR,20,41,80,164,11.170383851240114,1.6294119650203198,1.714331659229496,0.9978485107421875,0.0010785802414820915,0.9978485107421875
ID13,v4_flipLR,21,40,84,160,11.170383851240114,1.6294119650203198,1.714331659229496,0.9978485107421875,0.0010785802414820915,0.9978485107421875
ID13,v4_flipLR,21,51,84,204,11.170383851240114,1.6294119650203198,1.714331659229496,0.9978485107421875,0.0010785802414820915,0.9978485107421875
ID13,v4_flipLR,22,59,88,236,11.170383851240114,1.6294119650203198,1.714331659229496,0.9978485107421875,0.0010785802414820915,0.9978485107421875
ID13,v4_flipLR,22,61,88,244,11.170383851240114,1.6294119650203198,1.714331659229496,0.9978485107421875,0.0010785802414820915,0.9978485107421875
ID13,v4_flipLR,23,20,92,80,,,,,,0.9993438720703125
ID13,v4_flipLR,23,36,92,144,11.170383851240114,1.6294119650203198,1.714331659229496,0.9978485107421875,0.0010785802414820915,0.9978485107421875
ID13,v4_flipLR,23,47,92,188,11.170383851240114,1.6294119650203198,1.714331659229496,0.9978485107421875,0.0010785802414820915,0.9978485107421875
ID13,v4_flipLR,23,55,92,220,11.170383851240114,1.6294119650203198,1.714331659229496,0.9978485107421875,0.0010785802414820915,0.9978485107421875
ID13,v4_flipLR,24,51,96,204,11.170383851240114,1.6294119650203198,1.714331659229496,0.9978485107421875,0.0010785802414820915,0.9978485107421875
ID13,v4_flipLR,25,16,100,64,,,,,,0.9993438720703125
ID13,v4_flipLR,25,23,100,92,,,,,,0.9993438720703125
ID13,v4_flipLR,25,36,100,144,11.170383851240114,1.6294119650203198,1.714331659229496,0.9978485107421875,0.0010785802414820915,0.9978485107421875
ID13,v4_flipLR,25,49,100,196,11.170383851240114,1.6294119650203198,1.714331659229496,0.9978485107421875,0.0010785802414820915,0.9978485107421875
ID13,v4_flipLR,26,9,104,36,,,,,,0.99517822265625
ID13,v4_flipLR,26,47,104,188,11.170383851240114,1.6294119650203198,1.714331659229496,0.9978485107421875,0.0010785802414820915,0.9978485107421875
ID13,v4_flipLR,26,55,104,220,11.170383851240114,1.6294119650203198,1.714331659229496,0.9978485107421875,0.0010785802414820915,0.9978485107421875
ID13,v4_flipLR,27,29,108,116,,,,,,0.9978485107421875
ID13,v4_flipLR,28,0,112,0,7.084776011452497,0.36790311597591685,1.8204235751659674,0.9943668422257843,0.0039326860177751775,0.9945526123046875
ID13,v4_flipLR,30,36,120,144,11.170383851240114,1.6294119650203198,1.714331659229496,0.9978485107421875,0.0010785802414820915,0.9978485107421875
ID13,v4_flipLR,31,33,124,132,11.170383851240114,1.6294119650203198,1.7186605738910243,0.9976806640625,0.0012463593901570836,0.9978485107421875
ID13,v4_flipLR,31,36,124,144,11.170383851240114,1.6294119650203198,1.714331659229496,0.9978485107421875,0.0010785802414820915,0.9978485107421875
ID13,v4_flipLR,32,4,128,16,,,,,,0.9947509765625
ID13,v4_flipLR,32,8,128,32,,,,,,0.9947509765625
ID13,v4_flipLR,33,53,132,212,11.170383851240114,1.6294119650203198,1.714331659229496,0.9978485107421875,0.0010785802414820915,0.9978485107421875
ID13,v4_flipLR,34,20,136,80,,,,,,0.9993438720703125
ID13,v4_flipLR,34,52,136,208,11.170383851240114,1.6294119650203198,1.714331659229496,0.9978485107421875,0.0010785802414820915,0.9978485107421875
ID13,v4_flipLR,36,12,144,48,,,,,,0.999267578125
ID13,v4_flipLR,36,35,144,140,11.170383851240114,1.6294119650203198,1.7143316940474826,0.9978483465840594,0.0011985139298918807,0.997772216796875
ID13,v4_flipLR,36,57,144,228,11.170383851240114,1.6294119650203198,1.7143316940474826,0.9978483465840594,0.0011985139298918807,0.997772216796875
ID13,v4_flipLR,36,61,144,244,11.170383851240114,1.6294119650203198,1.7143316940474826,0.9978483465840594,0.0011985139298918807,0.997772216796875
ID13,v4_flipLR,37,19,148,76,,,,,,0.999267578125
ID13,v4_flipLR,38,35,152,140,11.170383851240114,1.6294119650203198,1.7143316940474826,0.9978483465840594,0.0011985139298918807,0.997772216796875
ID13,v4_flipLR,38,42,152,168,11.170383851240114,1.6294119650203198,1.7143316940474826,0.9978483465840594,0.0011985139298918807,0.997772216796875
ID13,v4_flipLR,38,61,152,244,11.170383851240114,1.6294119650203198,1.7143316940474826,0.9978483465840594,0.0011985139298918807,0.997772216796875
ID13,v4_flipLR,39,1,156,4,,,,,,0.9947509765625
ID13,v4_flipLR,39,8,156,32,,,,,,0.9947509765625
ID13,v4_flipLR,41,0,164,0,7.084776011452497,0.36790311597591685,1.8204398433158164,0.9943659821360409,0.004113162379499577,0.9943695068359375
ID13,v4_flipLR,41,1,164,4,,,,,,0.9947509765625
ID13,v4_flipLR,43,7,172,28,,,,,,0.9947509765625
ID13,v4_flipLR,43,54,172,216,11.170383851240114,1.6294119650203198,1.7143316940474826,0.9978483465840594,0.0011985139298918807,0.997772216796875
ID13,v4_flipLR,44,17,176,68,,,,,,0.999267578125
ID13,v4_flipLR,44,20,176,80,,,,,,0.999267578125
ID13,v4_flipLR,44,31,176,124,,,,,,0.997772216796875
ID13,v4_flipLR,45,55,180,220,11.170383851240114,1.6294119650203198,1.7143316940474826,0.9978483465840594,0.0011985139298918807,0.997772216796875
ID13,v4_flipLR,46,9,184,36,,,,,,0.99884033203125
ID13,v4_flipLR,46,52,184,208,11.170383851240114,1.6294119650203198,1.7143316940474826,0.9978483465840594,0.0011985139298918807,0.997772216796875
ID13,v4_flipLR,47,60,188,240,11.170383851240114,1.6294119650203198,1.7143316940474826,0.9978483465840594,0.0011985139298918807,0.997772216796875
ID13,v4_flipLR,48,22,192,88,,,,,,0.999267578125
ID13,v6_flipLR_rot180,0,62,0,248,,,,,,0.998443603515625
ID13,v6_flipLR_rot180,5,32,20,128,,,,,,0.99993896484375
ID13,v6_flipLR_rot180,6,20,24,80,,,,,,0.99993896484375
ID13,v6_flipLR_rot180,6,24,24,96,,,,,,0.99993896484375
ID13,v6_flipLR_rot180,6,27,24,108,,,,,,0.99993896484375
ID13,v6_flipLR_rot180,7,7,28,28,,,,,,0.99993896484375
ID13,v6_flipLR_rot180,7,25,28,100,,,,,,0.99993896484375
ID13,v6_flipLR_rot180,8,50,32,200,,,,,,0.9985198974609375
ID13,v6_flipLR_rot180,9,62,36,248,,,,,,0.998443603515625
ID13,v6_flipLR_rot180,11,26,44,104,,,,,,0.99993896484375
ID13,v6_flipLR_rot180,11,34,44,136,,,,,,0.99993896484375
ID13,v6_flipLR_rot180,11,63,44,252,,,,,,0.998443603515625
ID13,v6_flipLR_rot180,14,17,56,68,,,,,,0.99993896484375
ID13,v6_flipLR_rot180,14,57,56,228,,,,,,0.9985198974609375
ID13,v6_flipLR_rot180,16,45,64,180,,,,,,0.9985198974609375
ID13,v6_flipLR_rot180,18,7,72,28,,,,,,0.99993896484375
ID13,v6_flipLR_rot180,19,15,76,60,,,,,,0.99993896484375
ID13,v6_flipLR_rot180,19,17,76,68,,,,,,0.99993896484375
ID13,v6_flipLR_rot180,19,28,76,112,,,,,,0.99993896484375
ID13,v6_flipLR_rot180,20,51,80,204,,,,,,0.9985198974609375
ID13,v6_flipLR_rot180,22,39,88,156,,,,,,0.99993896484375
ID13,v6_flipLR_rot180,23,35,92,140,,,,,,0.99993896484375
ID13,v6_flipLR_rot180,23,43,92,172,,,,,,0.99993896484375
ID13,v6_flipLR_rot180,23,49,92,196,,,,,,0.9985198974609375
ID13,v6_flipLR_rot180,24,63,96,252,,,,,,0.9985198974609375
ID13,v6_flipLR_rot180,25,39,100,156,,,,,,0.99993896484375
ID13,v6_flipLR_rot180,25,54,100,216,,,,,,0.9985198974609375
ID13,v6_flipLR_rot180,27,30,108,120,,,,,,0.99993896484375
ID13,v6_flipLR_rot180,28,27,112,108,,,,,,0.99993896484375
ID13,v6_flipLR_rot180,29,2,116,8,,,,,,0.99993896484375
ID13,v6_flipLR_rot180,29,17,116,68,,,,,,0.99993896484375
ID13,v6_flipLR_rot180,31,3,124,12,,,,,,0.99993896484375
ID13,v6_flipLR_rot180,31,27,124,108,,,,,,0.99993896484375
ID13,v6_flipLR_rot180,33,3,132,12,,,,,,0.99993896484375
ID13,v6_flipLR_rot180,33,35,132,140,,,,,,0.99993896484375
ID13,v6_flipLR_rot180,33,36,132,144,,,,,,0.99993896484375
ID13,v6_flipLR_rot180,34,24,136,96,,,,,,0.99993896484375
ID13,v6_flipLR_rot180,34,30,136,120,,,,,,0.99993896484375
ID13,v6_flipLR_rot180,34,39,136,156,,,,,,0.99993896484375
ID13,v6_flipLR_rot180,35,16,140,64,,,,,,0.99993896484375
ID13,v6_flipLR_rot180,35,34,140,136,,,,,,0.99993896484375
ID13,v6_flipLR_rot180,36,25,144,100,,,,,,0.99993896484375
ID13,v6_flipLR_rot180,37,64,148,256,,,,,,0.9985198974609375
ID13,v6_flipLR_rot180,39,26,156,104,,,,,,0.99993896484375
ID13,v6_flipLR_rot180,39,57,156,228,,,,,,0.9985198974609375
ID13,v6_flipLR_rot180,40,60,160,240,,,,,,0.9985198974609375
ID13,v6_flipLR_rot180,41,1,164,4,,,,,,0.9998931884765625
ID13,v6_flipLR_rot180,41,10,164,40,,,,,,0.9998931884765625
ID13,v6_flipLR_rot180,41,13,164,52,,,,,,0.9998931884765625
ID13,v6_flipLR_rot180,42,35,168,140,,,,,,0.99993896484375
ID13,v6_flipLR_rot180,43,55,172,220,,,,,,0.9985198974609375
ID13,v6_flipLR_rot180,43,63,172,252,,,,,,0.9985198974609375
ID13,v6_flipLR_rot180,44,31,176,124,,,,,,0.99951171875
ID13,v6_flipLR_rot180,44,48,176,192,,,,,,0.9985198974609375
ID13,v6_flipLR_rot180,45,40,180,160,,,,,,0.99993896484375
ID13,v6_flipLR_rot180,45,53,180,212,,,,,,0.9985198974609375
ID13,v6_flipLR_rot180,46,47,184,188,,,,,,0.9985198974609375
ID14,v0_rot0,0,37,0,148,10.704744696916627,1.5848328257253428,1.7297466426368626,0.9977108323413607,0.001702019644147936,0.99755859375
ID14,v0_rot0,0,63,0,252,,,,,,0.99896240234375
ID14,v0_rot0,1,44,4,176,10.704744696916627,1.5848328257253428,1.729747031732336,0.9977107624687137,0.0017500172739153203,0.997528076171875
ID14,v0_rot0,2,6,8,24,,,,,,0.9984283447265625
ID14,v0_rot0,2,58,8,232,10.704744696916627,1.5848328257253428,1.7297462535651404,0.9977109022097423,0.0017259390722932572,0.997589111328125
ID14,v0_rot0,3,29,12,116,,,,,,0.997467041015625
ID14,v0_rot0,4,5,16,20,,,,,,0.9984283447265625
ID14,v0_rot0,4,22,16,88,,,,,,0.997467041015625
ID14,v0_rot0,5,14,20,56,,,,,,0.9984283447265625
ID14,v0_rot0,5,57,20,228,10.704744696916627,1.5848328257253428,1.7297456700020866,0.9977110070043186,0.0016299789446529577,0.9976348876953125
ID14,v0_rot0,6,53,24,212,10.704744696916627,1.5848328257253428,1.7302645655417197,0.9975889273778822,0.0017498303376421455,0.9976348876953125
ID14,v0_rot0,7,19,28,76,8.740387444736633,0.15048815507982108,1.7321916050177526,0.9970697312394121,0.0023134143054455306,0.9975128173828125
ID14,v0_rot0,7,63,28,252,,,,,,0.998931884765625
ID14,v0_rot0,9,62,36,248,8.740387444736633,1.6393310234473109,1.7221203196610944,0.9983823215212282,0.0014742846213394094,0.998931884765625
ID14,v0_rot0,10,15,40,60,7.735777827895049,0.15415440984866266,1.73251918653169,0.9973441602051407,0.002457516079987742,0.997161865234375
ID14,v0_rot0,11,37,44,148,8.740387444736633,1.5766579694854315,1.7345531902922304,0.996473497801661,0.0031294107328824804,0.9961090087890625
ID14,v0_rot0,12,19,48,76,8.238082636315841,0.14775952570112033,1.7345566747895844,0.9964727977890092,0.0034058584905540504,0.99578857421875
ID14,v0_rot0,12,59,48,236,9.72256607082663,1.5837377754040398,1.7336279355986668,0.9967477936910252,0.003165864279734424,0.9963531494140625
ID14,v0_rot0,13,43,52,172,8.740387444736633,1.5766579694854315,1.7345558705520336,0.9964729593550554,0.0033337510218415523,0.9958343505859375
ID14,v0_rot0,13,57,52,228,8.740387444736633,1.5766579694854315,1.7345558705520336,0.9964729593550554,0.0034057024827446073,0.9958343505859375
ID14,v0_rot0,16,0,64,0,10.155412503859614,0.14561364772562388,1.7309418776437309,0.9968712798754616,0.002205568542857826,0.9966583251953125
ID14,v0_rot0,17,8,68,32,8.945595165877332,0.16379854259548665,1.7339941796151717,0.9961532003236196,0.003057236893653533,0.9958648681640625
ID14,v0_rot0,17,51,68,204,8.740387444736633,1.5766579694854315,1.7345545303198304,0.9964732285989099,0.003261550564804134,0.99591064453125
ID14,v0_rot0,18,15,72,60,7.735777827895049,0.15415440984866266,1.7325260593859064,0.9973429841037152,0.0030102911877587847,0.9966888427734375
ID14,v0_rot0,19,63,76,252,8.740387444736633,1.6393310234473109,1.7221877204471903,0.9983662625584023,0.002062608545887579,0.9977264404296875
ID14,v0_rot0,20,26,80,104,8.238082636315841,0.14775952570112033,1.734561233527815,0.996471881968415,0.003886565735112766,0.9955291748046875
ID14,v0_rot0,21,13,84,52,7.735777827895049,0.15415440984866266,1.732421483477492,0.9973883959252867,0.0032146663376531625,0.996490478515625
ID14,v0_rot0,21,29,84,116,8.238082636315841,0.14775952570112033,1.734561233527815,0.996471881968415,0.003886565735112766,0.9955291748046875
ID14,v0_rot0,21,33,84,132,8.740387444736633,1.5766579694854315,1.734561233527815,0.996471881968415,0.003886565735112766,0.9955291748046875
ID14,v0_rot0,24,46,96,184,8.740387444736633,1.5766579694854315,1.7345545303198304,0.9964732285989099,0.003261550564804134,0.99591064453125
ID14,v0_rot0,25,35,100,140,8.740387444736633,1.5766579694854315,1.734560428872587,0.9964720436183698,0.003790427472755222,0.995574951171875
ID14,v0_rot0,26,1,104,4,10.155412503859614,0.14561364772562388,1.730945496104542,0.9968704679032135,0.0026617569998356387,0.99639892578125
ID14,v0_rot0,27,13,108,52,7.735777827895049,0.15415440984866266,1.732421483477492,0.9973883959252867,0.0032146663376531625,0.996490478515625
ID14,v0_rot0,27,57,108,228,8.740387444736633,1.5766579694854315,1.7345558705520336,0.9964729593550554,0.0034057024827446073,0.9958343505859375
ID14,v0_rot0,28,54,112,216,8.740387444736633,1.5766579694854315,1.7345545303198304,0.9964732285989099,0.003261550564804134,0.99591064453125
ID14,v0_rot0,29,46,116,184,8.740387444736633,1.5766579694854315,1.7345545303198304,0.9964732285989099,0.003261550564804134,0.99591064453125
ID14,v0_rot0,29,58,116,232,8.740387444736633,1.5766579694854315,1.7341950069590575,0.9965798393745992,0.0032977752913900247,0.9963531494140625
ID14,v0_rot0,31,14,124,56,7.735777827895049,0.15415440984866266,1.7311230636614294,0.9975565058032987,0.002986624048350101,0.9979095458984375
ID14,v0_rot0,31,21,124,84,8.238082636315841,0.14775952570112033,1.7332626561830082,0.9966400415413046,0.0036584822126276666,0.9969482421875
ID14,v0_rot0,31,23,124,92,8.238082636315841,0.14775952570112033,1.7332626561830082,0.9966400415413046,0.0036584822126276666,0.9969482421875
ID14,v0_rot0,31,26,124,104,8.238082636315841,0.14775952570112033,1.7332626561830082,0.9966400415413046,0.0036584822126276666,0.9969482421875
ID14,v0_rot0,32,13,128,52,7.735777827895049,0.15415440984866266,1.7295894025697123,0.9977550397067807,0.0028666793074525066,0.9979095458984375
ID14,v0_rot0,33,52,132,208,8.740387444736633,1.5766579694854315,1.7303087008259175,0.9970228553107681,0.00291381171782134,0.997283935546875
ID14,v0_rot0,34,40,136,160,8.238082636315841,1.64127323262191,1.728777822417823,0.9972207800140488,0.0030583106567258545,0.9971466064453125
ID14,v0_rot0,36,47,144,188,8.238082636315841,1.64127323262191,1.7259449316238402,0.997587749431289,0.0025780638655620905,0.997283935546875
ID14,v0_rot0,36,53,144,212,8.238082636315841,1.64127323262191,1.7259449316238402,0.997587749431289,0.0025780638655620905,0.997283935546875
ID14,v0_rot0,37,47,148,188,8.238082636315841,1.64127323262191,1.724529655125869,0.9977709583352418,0.002470144913050189,0.997283935546875
ID14,v0_rot0,38,6,152,24,7.735777827895049,0.13681712233016663,1.7216943210223783,0.9979239176894426,0.0019542636110671074,0.9978179931640625
ID14,v0_rot0,38,12,152,48,,,,,,0.9979095458984375
ID14,v0_rot0,38,48,152,192,8.238082636315841,1.64127323262191,1.723939956585048,0.9978472953785554,0.0023742169552618325,0.997283935546875
ID14,v0_rot0,40,0,160,0,,,,,,0.997894287109375
ID14,v0_rot0,40,16,160,64,,,,,,0.99798583984375
ID14,v0_rot0,43,2,172,8,,,,,,0.99786376953125
ID14,v0_rot0,43,7,172,28,7.735777827895049,0.13681712233016663,1.7229917408960855,0.9976187205202179,0.0021939500832185896,0.99786376953125
ID14,v0_rot0,44,49,176,196,7.735777827895049,1.6988732030030615,1.7218017296253292,0.9987633398983191,0.0017506852296375127,0.998199462890625
ID14,v0_rot0,45,41,180,164,7.735777827895049,1.6988732030030615,1.722362294855464,0.998763264371326,0.002014610145061017,0.998138427734375
ID14,v0_rot0,46,19,184,76,,,,,,0.997955322265625
ID14,v2_rot180,0,40,0,160,4.918490759365935,1.9082579338122811,1.7171813090386192,0.9996794235730533,0.0010071205478099387,0.9993896484375
ID14,v2_rot180,0,43,0,172,4.918490759365935,1.9082579338122811,1.7171813090386192,0.9996794235730533,0.0010071205478099387,0.9993896484375
ID14,v2_rot180,2,35,8,140,7.900092686407586,1.8468111350070135,1.7186028281018546,0.9983055246004244,0.0016545551856877564,0.9990997314453125
ID14,v2_rot180,2,38,8,152,4.918490759365935,1.9082579338122811,1.7172703044581354,0.9995420336757904,0.0011390053814517164,0.9990997314453125
ID14,v2_rot180,5,17,20,68,4.918490759365935,0.3473573084609146,1.718800600895076,0.9981219366955247,0.0021585767854815125,0.997467041015625
ID14,v2_rot180,5,20,20,80,4.918490759365935,0.3473573084609146,1.718800600895076,0.9981219366955247,0.0021585767854815125,0.997467041015625
ID14,v2_rot180,6,30,24,120,4.918490759365935,0.3473573084609146,1.7188002390120352,0.9981223380707406,0.0018463876709848878,0.9977264404296875
ID14,v2_rot180,6,59,24,236,8.546544936209603,1.7049304759142578,1.72159088820087,0.9983050847457627,0.002074727168541129,0.9990081787109375
ID14,v2_rot180,7,9,28,36,4.918490759365935,0.3473573084609146,1.7188005750411568,0.9981219653708737,0.002086592366188597,0.997528076171875
ID14,v2_rot180,7,48,28,192,6.937361370764352,1.846326826764194,1.7186918803344797,0.9989313303410583,0.0016426910382194501,0.9990234375
ID14,v2_rot180,8,21,32,84,4.918490759365935,0.3473573084609146,1.718800549188027,0.998121994045347,0.0020985522344385593,0.9975128173828125
ID14,v2_rot180,9,17,36,68,4.918490759365935,0.3473573084609146,1.7188004457834014,0.9981221087344845,0.0019665231346613155,0.99755859375
ID14,v2_rot180,12,52,48,208,8.95623198216277,1.766704926942944,1.7195332543690671,0.9987486074442596,0.001126671865938623,0.9986114501953125
ID14,v2_rot180,13,60,52,240,8.546544936209603,1.7049304759142578,1.7225944618243774,0.9979540422933049,0.002302411594355448,0.9973297119140625
ID14,v2_rot180,14,5,56,20,4.918490759365935,0.3473573084609146,1.718800342391405,0.9981222234096149,0.0018465004223196958,0.99761962890625
ID14,v2_rot180,15,0,60,0,5.390860451100487,0.3231812354981962,1.720002136169738,0.9977098187703254,0.002170436318838086,0.9971160888671875
ID14,v2_rot180,15,16,60,64,4.918490759365935,0.3473573084609146,1.7188004457834014,0.9981221087344845,0.0019665231346613155,0.99755859375
ID14,v2_rot180,16,16,64,64,4.918490759365935,0.3473573084609146,1.7188004457834014,0.9981221087344845,0.0019665231346613155,0.99755859375
ID14,v2_rot180,16,42,64,168,4.918490759365935,1.9082579338122811,1.7172702969945348,0.9995420546481453,0.0010909972961252908,0.9991455078125
ID14,v2_rot180,16,53,64,212,8.95623198216277,1.766704926942944,1.7195332543690671,0.9987486074442596,0.001126671865938623,0.9986114501953125
ID14,v2_rot180,17,44,68,176,4.918490759365935,1.9082579338122811,1.7172702969945348,0.9995420546481453,0.0010909972961252908,0.9991455078125
ID14,v2_rot180,17,62,68,248,8.95623198216277,1.6218335716779262,1.7224065481821509,0.998244140774105,0.0020385935991688864,0.99761962890625
ID14,v2_rot180,18,40,72,160,4.918490759365935,1.9082579338122811,1.7172702969945348,0.9995420546481453,0.0010909972961252908,0.9991455078125
ID14,v2_rot180,20,0,80,0,4.918490759365935,0.3235059520314543,1.7199328729228323,0.9975116783195432,0.002134168978181324,0.9971160888671875
ID14,v2_rot180,21,25,84,100,4.918490759365935,0.3473573084609146,1.7188001614857924,0.9981224240573958,0.0017863582101392123,0.9977264404296875
ID14,v2_rot180,22,10,88,40,4.918490759365935,0.3473573084609146,1.7188001098055756,0.9981224813774575,0.001714371983237195,0.9977569580078125
ID14,v2_rot180,23,27,92,108,4.918490759365935,0.3473573084609146,1.7188001614857924,0.9981224240573958,0.0017863582101392123,0.9977264404296875
ID14,v2_rot180,24,14,96,56,4.918490759365935,0.3473573084609146,1.7188001098055756,0.9981224813774575,0.001714371983237195,0.9977569580078125
ID14,v2_rot180,24,30,96,120,4.918490759365935,0.3473573084609146,1.7188001614857924,0.9981224240573958,0.0017863582101392123,0.9977264404296875
ID14,v2_rot180,25,10,100,40,4.918490759365935,0.3473573084609146,1.7188001098055756,0.9981224813774575,0.001714371983237195,0.9977569580078125
ID14,v2_rot180,25,23,100,92,4.918490759365935,0.3473573084609146,1.7188001614857924,0.9981224240573958,0.0017863582101392123,0.9977264404296875
ID14,v2_rot180,25,64,100,256,8.95623198216277,1.6218335716779262,1.7224065481821509,0.998244140774105,0.0020385935991688864,0.99761962890625
ID14,v2_rot180,26,12,104,48,4.918490759365935,0.3473573084609146,1.7188001098055756,0.9981224813774575,0.001714371983237195,0.9977569580078125
ID14,v2_rot180,28,62,112,248,8.95623198216277,1.6218335716779262,1.7224065481821509,0.998244140774105,0.0020385935991688864,0.99761962890625
ID14,v2_rot180,29,12,116,48,4.918490759365935,0.3473573084609146,1.7188001098055756,0.9981224813774575,0.001714371983237195,0.9977569580078125
ID14,v2_rot180,29,19,116,76,4.918490759365935,0.3473573084609146,1.7188001098055756,0.9981224813774575,0.001714371983237195,0.9977569580078125
ID14,v2_rot180,29,59,116,236,8.546544936209603,1.7049304759142578,1.7221236891816667,0.9980761890220627,0.0021585108697082327,0.9981231689453125
ID14,v2_rot180,30,15,120,60,4.918490759365935,0.3473573084609146,1.7188001098055756,0.9981224813774575,0.001714371983237195,0.9977569580078125
ID14,v2_rot180,30,51,120,204,8.95623198216277,1.766704926942944,1.7195333654396705,0.9987485501495635,0.001198641968435151,0.9986114501953125
ID14,v2_rot180,31,36,124,144,4.918490759365935,1.9082579338122811,1.7178789527598741,0.9989772553808579,0.0014386777531322514,0.9991455078125
ID14,v2_rot180,33,60,132,240,8.546544936209603,1.7049304759142578,1.7225944618243774,0.9979540422933049,0.002302411594355448,0.9973297119140625
ID14,v2_rot180,35,26,140,104,,,,,,0.9991455078125
ID14,v2_rot180,36,47,144,188,4.918490759365935,1.9082579338122811,1.7180876410433419,0.999190926160563,0.0013907855184042011,0.9990997314453125
ID14,v2_rot180,36,48,144,192,6.937361370764352,1.846326826764194,1.718691759388929,0.9989314119101775,0.0015226703520459788,0.9990997314453125
ID14,v2_rot180,37,7,148,28,,,,,,0.999237060546875
ID14,v2_rot180,37,18,148,72,,,,,,0.999176025390625
ID14,v2_rot180,37,38,148,152,4.918490759365935,1.9082579338122811,1.7172702969945348,0.9995420546481453,0.0010909972961252908,0.9991455078125
ID14,v2_rot180,39,28,156,112,,,,,,0.9991455078125
ID14,v2_rot180,41,9,164,36,,,,,,0.999237060546875
ID14,v2_rot180,42,53,168,212,8.95623198216277,1.766704926942944,1.7195331062907486,0.9987486838290275,0.0010067517011091798,0.9986724853515625
ID14,v2_rot180,42,55,168,220,8.95623198216277,1.766704926942944,1.7195331062907486,0.9987486838290275,0.0010067517011091798,0.9986724853515625
ID14,v2_rot180,44,23,176,92,,,,,,0.99920654296875
ID14,v2_rot180,44,39,176,156,4.918490759365935,1.9082579338122811,1.71727029450682,0.9995420616385035,0.0010310366511300476,0.99920654296875
ID14,v2_rot180,44,40,176,160,4.918490759365935,1.9082579338122811,1.71727029450682,0.9995420616385035,0.0010310366511300476,0.99920654296875
ID14,v2_rot180,44,50,176,200,8.95623198216277,1.766704926942944,1.7195245718231005,0.9986873635850237,0.0013785855394890876,0.998504638671875
ID14,v2_rot180,44,59,176,236,8.95623198216277,1.766704926942944,1.7195332173477926,0.9987486265413258,0.0010787119201832857,0.9986724853515625
ID14,v2_rot180,45,23,180,92,,,,,,0.9992218017578125
ID14,v2_rot180,46,49,184,196,6.937361370764352,1.846326826764194,1.7192622759468588,0.9987026267991513,0.0013785855394890876,0.9994354248046875
ID14,v2_rot180,47,26,188,104,,,,,,0.999481201171875
ID14,v2_rot180,48,19,192,76,,,,,,0.9996490478515625
ID14,v4_flipLR,0,54,0,216,8.884866446580956,1.7676931221735102,1.7192085837275226,0.998763830599008,0.0011626649652735975,0.99859619140625
ID14,v4_flipLR,1,59,4,236,8.884866446580956,1.7676931221735102,1.7192085837275226,0.998763830599008,0.0011626649652735975,0.99859619140625
ID14,v4_flipLR,2,25,8,100,,,,,,0.9994659423828125
ID14,v4_flipLR,4,7,16,28,,,,,,0.99920654296875
ID14,v4_flipLR,4,15,16,60,,,,,,0.99920654296875
ID14,v4_flipLR,4,36,16,144,4.918490759365935,1.9082829350744153,1.71699666404169,0.9995420406667888,0.0010430732157229346,0.9991607666015625
ID14,v4_flipLR,4,59,16,236,8.884866446580956,1.7676931221735102,1.719208547482021,0.9987638494643347,0.0011147030063785777,0.9986572265625
ID14,v4_flipLR,4,61,16,244,8.884866446580956,1.7676931221735102,1.719178878410121,0.9988096328175076,0.0010308006295543838,0.9989471435546875
ID14,v4_flipLR,5,23,20,92,,,,,,0.9991607666015625
ID14,v4_flipLR,5,25,20,100,,,,,,0.9991607666015625
ID14,v4_flipLR,8,22,32,88,,,,,,0.99908447265625
ID14,v4_flipLR,8,62,32,248,8.884866446580956,1.6315965578281741,1.7210910951990017,0.998489103229351,0.001342479004647369,0.998870849609375
ID14,v4_flipLR,10,61,40,244,8.391760308124772,1.7097048249102513,1.7219217431664957,0.9980614238612773,0.0018822125969806963,0.998046875
ID14,v4_flipLR,11,6,44,24,,,,,,0.99920654296875
ID14,v4_flipLR,12,25,48,100,,,,,,0.99908447265625
ID14,v4_flipLR,13,33,52,132,4.918490759365935,1.9082829350744153,1.7169966690214795,0.9995420266845785,0.0011150433425329387,0.99908447265625
ID14,v4_flipLR,14,4,56,16,,,,,,0.99920654296875
ID14,v4_flipLR,14,7,56,28,,,,,,0.99920654296875
ID14,v4_flipLR,14,42,56,168,4.918490759365935,1.9082829350744153,1.7169966690214795,0.9995420266845785,0.0011150433425329387,0.99908447265625
ID14,v4_flipLR,16,47,64,188,4.918490759365935,1.9082829350744153,1.717843601709673,0.9991755976916735,0.0014388534641338246,0.9990234375
ID14,v4_flipLR,16,61,64,244,8.391760308124772,1.7097048249102513,1.7219232969996878,0.9980608318573261,0.002230563403040453,0.9976348876953125
ID14,v4_flipLR,17,28,68,112,4.918490759365935,0.3473573084609146,1.7183007873264502,0.9981223094067719,0.0017864672907248159,0.9976654052734375
ID14,v4_flipLR,18,19,72,76,4.918490759365935,0.3473573084609146,1.7183007201344767,0.9981223953960524,0.0016904721647260713,0.997711181640625
ID14,v4_flipLR,18,51,72,204,8.884866446580956,1.7676931221735102,1.7192087649716261,0.9987637362637363,0.0012466637514245212,0.9985809326171875
ID14,v4_flipLR,18,60,72,240,8.391760308124772,1.7097048249102513,1.7219529814742087,0.9980150247358456,0.0023145093375634813,0.997344970703125
ID14,v4_flipLR,20,64,80,256,8.884866446580956,1.6315965578281741,1.7217649798022436,0.998305136505222,0.0020506792576339655,0.9976348876953125
ID14,v4_flipLR,21,37,84,148,4.918490759365935,1.9082829350744153,1.717122874018735,0.9994046346899521,0.0012589199028597696,0.99908447265625
ID14,v4_flipLR,22,0,88,0,4.918490759365935,0.3154335946585719,1.719278874354774,0.9975117163051277,0.0020621992169441604,0.9970703125
ID14,v4_flipLR,22,4,88,16,4.918490759365935,0.3473573084609146,1.7183006081615289,0.9981225386940196,0.0015704606558150278,0.9977874755859375
ID14,v4_flipLR,22,10,88,40,4.918490759365935,0.3473573084609146,1.7183007201344767,0.9981223953960524,0.0016904721647260713,0.997711181640625
ID14,v4_flipLR,22,25,88,100,4.918490759365935,0.3473573084609146,1.7183007873264502,0.9981223094067719,0.0017864672907248159,0.9976654052734375
ID14,v4_flipLR,22,27,88,108,4.918490759365935,0.3473573084609146,1.7183007873264502,0.9981223094067719,0.0017864672907248159,0.9976654052734375
ID14,v4_flipLR,23,18,92,72,4.918490759365935,0.3473573084609146,1.7183007201344767,0.9981223953960524,0.0016904721647260713,0.997711181640625
ID14,v4_flipLR,23,21,92,84,4.918490759365935,0.3473573084609146,1.7183007649284419,0.9981223380707406,0.0017384818980052514,0.997711181640625
ID14,v4_flipLR,25,10,100,40,4.918490759365935,0.3473573084609146,1.7183007201344767,0.9981223953960524,0.0016904721647260713,0.997711181640625
ID14,v4_flipLR,25,21,100,84,4.918490759365935,0.3473573084609146,1.7183007649284419,0.9981223380707406,0.0017384818980052514,0.997711181640625
ID14,v4_flipLR,25,31,100,124,4.918490759365935,0.3473573084609146,1.7183007873264502,0.9981223094067719,0.0017864672907248159,0.9976654052734375
ID14,v4_flipLR,25,51,100,204,8.884866446580956,1.7676931221735102,1.7192087649716261,0.9987637362637363,0.0012466637514245212,0.9985809326171875
ID14,v4_flipLR,26,1,104,4,4.918490759365935,0.3473573084609146,1.7183006081615289,0.9981225386940196,0.0015704606558150278,0.9977874755859375
ID14,v4_flipLR,27,28,108,112,4.918490759365935,0.3473573084609146,1.7183007873264502,0.9981223094067719,0.0017864672907248159,0.9976654052734375
ID14,v4_flipLR,28,59,112,236,8.391760308124772,1.7097048249102513,1.7216170793079821,0.9981066389788066,0.0021825942975987234,0.9980926513671875
ID14,v4_flipLR,29,6,116,24,4.918490759365935,0.3473573084609146,1.7183008545245781,0.9981222234096149,0.0017745588474241234,0.9976959228515625
ID14,v4_flipLR,29,17,116,68,4.918490759365935,0.3473573084609146,1.718300966535138,0.9981220800635134,0.0018946060920455104,0.99761962890625
ID14,v4_flipLR,30,15,120,60,4.918490759365935,0.3473573084609146,1.7183010113441504,0.9981220227189447,0.0019426301219980856,0.9975128173828125
ID14,v4_flipLR,30,34,120,136,7.900092686407586,1.8468360072057803,1.7183007873264502,0.9981223094067719,0.0017864672907248159,0.9976654052734375
ID14,v4_flipLR,30,55,120,220,8.884866446580956,1.7676931221735102,1.7192086199741303,0.9987638117331055,0.0011626827093820964,0.9985809326171875
ID14,v4_flipLR,31,51,124,204,8.884866446580956,1.7676931221735102,1.7192087649716261,0.9987637362637363,0.0012466637514245212,0.9985809326171875
ID14,v4_flipLR,32,35,128,140,7.900092686407586,1.8468360072057803,1.7181605595517222,0.9982749671785791,0.0016186113036768465,0.99908447265625
ID14,v4_flipLR,33,30,132,120,4.918490759365935,0.3473573084609146,1.7183007873264502,0.9981223094067719,0.0017864672907248159,0.9976654052734375
ID14,v4_flipLR,33,50,132,200,8.884866446580956,1.7676931221735102,1.7192000543462986,0.9987025079757598,0.0014746221870813472,0.998382568359375
ID14,v4_flipLR,33,64,132,256,8.884866446580956,1.6315965578281741,1.7217649798022436,0.998305136505222,0.0020506792576339655,0.9976348876953125
ID14,v4_flipLR,34,47,136,188,4.918490759365935,1.9082829350744153,1.717843601709673,0.9991755976916735,0.0014388534641338246,0.9990234375
ID14,v4_flipLR,35,29,140,116,4.918490759365935,0.3473573084609146,1.7183007873264502,0.9981223094067719,0.0017864672907248159,0.9976654052734375
ID14,v4_flipLR,35,44,140,176,4.918490759365935,1.9082829350744153,1.7169966690214795,0.9995420266845785,0.0011150433425329387,0.99908447265625
ID14,v4_flipLR,35,55,140,220,8.884866446580956,1.7676931221735102,1.7192086199741303,0.9987638117331055,0.0011626827093820964,0.9985809326171875
ID14,v4_flipLR,36,10,144,40,4.918490759365935,0.3473573084609146,1.7183010113441504,0.9981220227189447,0.0019426301219980856,0.9975128173828125
ID14,v4_flipLR,36,50,144,200,8.884866446580956,1.7676931221735102,1.7192000543462986,0.9987025079757598,0.0014746221870813472,0.998382568359375
ID14,v4_flipLR,37,11,148,44,4.918490759365935,0.3473573084609146,1.7183010113441504,0.9981220227189447,0.0019426301219980856,0.9975128173828125
ID14,v4_flipLR,37,28,148,112,4.918490759365935,0.3473573084609146,1.7183007873264502,0.9981223094067719,0.0017864672907248159,0.9976654052734375
ID14,v4_flipLR,37,30,148,120,4.918490759365935,0.3473573084609146,1.7183007873264502,0.9981223094067719,0.0017864672907248159,0.9976654052734375
ID14,v4_flipLR,37,36,148,144,4.918490759365935,1.9082829350744153,1.7175575801203917,0.9989313955973499,0.0014507553166288774,0.99908447265625
ID14,v4_flipLR,37,41,148,164,4.918490759365935,1.9082829350744153,1.7169966690214795,0.9995420266845785,0.0011150433425329387,0.99908447265625
ID14,v4_flipLR,39,9,156,36,4.918490759365935,0.3473573084609146,1.7183009889393024,0.9981220513916668,0.0018946350186542411,0.997589111328125
ID14,v4_flipLR,41,2,164,8,4.918490759365935,0.3473573084609146,1.7183010113441504,0.9981220227189447,0.0019666132099239878,0.9975128173828125
ID14,v4_flipLR,43,39,172,156,4.918490759365935,1.9082829350744153,1.7169966839626727,0.9995419847328244,0.0012590352237669019,0.998992919921875
ID14,v4_flipLR,44,35,176,140,7.900092686407586,1.8468360072057803,1.7181606203274984,0.9982748881730608,0.0016666464850807643,0.9990386962890625
ID14,v4_flipLR,44,43,176,172,4.918490759365935,1.9082829350744153,1.7169966764917342,0.9995420057096621,0.0011630554608117565,0.9990386962890625
ID14,v4_flipLR,46,50,184,200,,,,,,0.9993438720703125
ID14,v4_flipLR,47,27,188,108,4.918490759365935,0.3473573084609146,1.7183007649284419,0.9981223380707406,0.001750471428336322,0.9976806640625
ID14,v4_flipLR,47,53,188,212,22.48279562821002,1.6177524779615984,1.7255276140122058,0.999710034338039,0.00109074754474121,0.999542236328125
ID14,v6_flipLR_rot180,1,32,4,128,15.797308339337176,1.6460836713457618,1.7335242652317826,0.9987478622037625,0.002938287167608949,0.998016357421875
ID14,v6_flipLR_rot180,1,52,4,208,15.797308339337176,1.6460836713457618,1.7335215363389298,0.9987480724896564,0.002626027844456269,0.9981842041015625
ID14,v6_flipLR_rot180,2,47,8,188,7.898654169668588,1.701478159846712,1.726136435608533,0.9987480724896564,0.0021823610396851188,0.9981842041015625
ID14,v6_flipLR_rot180,2,64,8,256,,,,,,0.9986114501953125
ID14,v6_flipLR_rot180,5,13,20,52,,,,,,0.997955322265625
ID14,v6_flipLR_rot180,5,17,20,68,,,,,,0.997955322265625
ID14,v6_flipLR_rot180,5,64,20,256,,,,,,0.9985504150390625
ID14,v6_flipLR_rot180,6,7,24,28,7.898654169668588,0.1427438869357217,1.7235240957685127,0.9975883017370333,0.0021818613691475955,0.9979095458984375
ID14,v6_flipLR_rot180,6,15,24,60,,,,,,0.997955322265625
ID14,v6_flipLR_rot180,6,59,24,236,8.884866446580956,1.6315749983225076,1.7232667127716863,0.9982745457321729,0.0022186388796538083,0.9985504150390625
ID14,v6_flipLR_rot180,7,64,28,256,8.884866446580956,1.6315749983225076,1.7230150485587399,0.9983050847457627,0.002182660951875639,0.9976043701171875
ID14,v6_flipLR_rot180,9,2,36,8,,,,,,0.997833251953125
ID14,v6_flipLR_rot180,10,24,40,96,7.898654169668588,0.09757052775192057,1.7246104689830335,0.9978007544633993,0.0029267857701021334,0.9969024658203125
ID14,v6_flipLR_rot180,11,19,44,76,7.898654169668588,0.09757052775192057,1.7250834454029595,0.9977396643096049,0.002986760888341931,0.9969024658203125
ID14,v6_flipLR_rot180,11,51,44,204,8.391760308124772,1.6423735069350307,1.725080703575199,0.9977404580152672,0.002470107200914112,0.99725341796875
ID14,v6_flipLR_rot180,12,8,48,32,7.898654169668588,0.1427438869357217,1.72583161933534,0.9972517825243904,0.0026860648365731013,0.99700927734375
ID14,v6_flipLR_rot180,12,34,48,136,8.391760308124772,1.6423735069350307,1.7265023746627375,0.9975563938482215,0.0031067111248215267,0.9969024658203125
ID14,v6_flipLR_rot180,12,59,48,236,8.884866446580956,1.6315749983225076,1.7257270665571287,0.9978013588823574,0.0024702957731105326,0.9976806640625
ID14,v6_flipLR_rot180,16,37,64,148,8.884866446580956,1.576260289174057,1.732296335806831,0.9968080394642393,0.003538531976148071,0.9969024658203125
ID14,v6_flipLR_rot180,16,47,64,188,8.884866446580956,1.576260289174057,1.7322910612083944,0.9968091603053435,0.0030096937253856417,0.99725341796875
ID14,v6_flipLR_rot180,19,9,76,36,9.058281054784585,0.16558471227429836,1.7345842966698197,0.9961207752340516,0.003754442401811343,0.995330810546875
ID14,v6_flipLR_rot180,19,59,76,236,9.794805571748793,1.5761440807255485,1.7344747255445119,0.9966715016413467,0.003177807669292676,0.996307373046875
ID14,v6_flipLR_rot180,20,3,80,12,10.217907939900583,0.1495918780702985,1.7311912015665454,0.9968705634512343,0.002625707142504483,0.996429443359375
ID14,v6_flipLR_rot180,20,54,80,216,8.884866446580956,1.576260289174057,1.7352461258121628,0.9964274809160305,0.003285482393448868,0.995880126953125
ID14,v6_flipLR_rot180,20,61,80,244,8.884866446580956,1.6315749983225076,1.7288069791576086,0.9975570654248416,0.0024463123190026637,0.9976806640625
ID14,v6_flipLR_rot180,21,18,84,72,8.391760308124772,0.15052049759533306,1.7349866334983663,0.9965331337721642,0.0036944672835715455,0.9964752197265625
ID14,v6_flipLR_rot180,22,1,88,4,10.217907939900583,0.1495918780702985,1.7311912015665454,0.9968705634512343,0.002625707142504483,0.996429443359375
ID14,v6_flipLR_rot180,22,30,88,120,8.391760308124772,0.15052049759533306,1.7352529875643703,0.9964261168384879,0.0038865063755750017,0.9954986572265625
ID14,v6_flipLR_rot180,23,10,92,40,9.058281054784585,0.16558471227429836,1.7345848253937568,0.9961206567392135,0.003694580134805866,0.9951934814453125
ID14,v6_flipLR_rot180,23,60,92,240,9.794805571748793,1.5761440807255485,1.7339434446576838,0.9968394533933889,0.0030578903987533296,0.996307373046875
ID14,v6_flipLR_rot180,25,21,100,84,8.391760308124772,0.15052049759533306,1.7352529875643703,0.9964261168384879,0.0038865063755750017,0.9954986572265625
ID14,v6_flipLR_rot180,25,25,100,100,8.391760308124772,0.15052049759533306,1.7352529875643703,0.9964261168384879,0.0038865063755750017,0.9954986572265625
ID14,v6_flipLR_rot180,25,33,100,132,8.884866446580956,1.576260289174057,1.7352529875643703,0.9964261168384879,0.0038865063755750017,0.9954986572265625
ID14,v6_flipLR_rot180,25,35,100,140,8.884866446580956,1.576260289174057,1.7352524384313683,0.996426226003024,0.003814417520051141,0.9955291748046875
ID14,v6_flipLR_rot180,25,55,100,220,8.884866446580956,1.576260289174057,1.7352461258121628,0.9964274809160305,0.003285482393448868,0.995880126953125
ID14,v6_flipLR_rot180,26,2,104,8,10.217907939900583,0.1495918780702985,1.7311912015665454,0.9968705634512343,0.002625707142504483,0.996429443359375
ID14,v6_flipLR_rot180,26,14,104,56,7.898654169668588,0.15801929862561145,1.732898166167635,0.9973731233868381,0.0032146663376531625,0.9964752197265625
ID14,v6_flipLR_rot180,26,15,104,60,7.898654169668588,0.15801929862561145,1.7330880268340652,0.997296760694595,0.0032986315031888797,0.9964752197265625
ID14,v6_flipLR_rot180,26,27,104,108,8.391760308124772,0.15052049759533306,1.7352529875643703,0.9964261168384879,0.0038865063755750017,0.9954986572265625
ID14,v6_flipLR_rot180,27,46,108,184,8.884866446580956,1.576260289174057,1.7352461258121628,0.9964274809160305,0.003285482393448868,0.995880126953125
ID14,v6_flipLR_rot180,28,32,112,128,8.884866446580956,1.576260289174057,1.7352529875643703,0.9964261168384879,0.0038865063755750017,0.9954986572265625
ID14,v6_flipLR_rot180,28,56,112,224,8.884866446580956,1.576260289174057,1.735247497743534,0.9964272081838308,0.003405650483317434,0.9958038330078125
ID14,v6_flipLR_rot180,28,64,112,256,8.884866446580956,1.6315749983225076,1.7230146103686659,0.9983052141384838,0.0020625770532767553,0.9976806640625
ID14,v6_flipLR_rot180,30,41,120,164,8.884866446580956,1.576260289174057,1.7352480465747362,0.996427099079291,0.003381770297254369,0.9957733154296875
ID14,v6_flipLR_rot180,31,35,124,140,8.884866446580956,1.576260289174057,1.7352483210029075,0.9964270445245221,0.0034177987627232757,0.9957733154296875
ID14,v6_flipLR_rot180,31,41,124,164,8.884866446580956,1.576260289174057,1.7352480465747362,0.996427099079291,0.003381770297254369,0.9957733154296875
ID14,v6_flipLR_rot180,31,62,124,248,8.884866446580956,1.6315749983225076,1.7230146103686659,0.9983052141384838,0.0020625770532767553,0.9976806640625
ID14,v6_flipLR_rot180,32,4,128,16,10.217907939900583,0.1495918780702985,1.7311878034303707,0.996871327625414,0.002193548279256643,0.996673583984375
ID14,v6_flipLR_rot180,33,46,132,184,8.884866446580956,1.576260289174057,1.7352461258121628,0.9964274809160305,0.003285482393448868,0.995880126953125
ID14,v6_flipLR_rot180,33,56,132,224,8.884866446580956,1.576260289174057,1.735247497743534,0.9964272081838308,0.003405650483317434,0.9958038330078125
ID14,v6_flipLR_rot180,34,46,136,184,8.884866446580956,1.576260289174057,1.7352461258121628,0.9964274809160305,0.003285482393448868,0.995880126953125
ID14,v6_flipLR_rot180,34,60,136,240,9.794805571748793,1.5761440807255485,1.7339434446576838,0.9968394533933889,0.0030578903987533296,0.996307373046875
ID14,v6_flipLR_rot180,35,54,140,216,8.884866446580956,1.576260289174057,1.7352461258121628,0.9964274809160305,0.003285482393448868,0.995880126953125
ID14,v6_flipLR_rot180,36,50,144,200,8.884866446580956,1.576260289174057,1.7352461258121628,0.9964274809160305,0.003273491581793945,0.995880126953125
ID14,v6_flipLR_rot180,39,39,156,156,8.884866446580956,1.576260289174057,1.7351702032102592,0.9964441053033194,0.002792793164007714,0.99700927734375
ID14,v6_flipLR_rot180,39,47,156,188,8.884866446580956,1.576260289174057,1.7351682917006912,0.9964444851370323,0.0026966151920348206,0.9971160888671875
ID14,v6_flipLR_rot180,39,62,156,248,8.884866446580956,1.6315749983225076,1.722942743558057,0.9983213026691288,0.0014742621224516023,0.9989166259765625
ID14,v6_flipLR_rot180,40,51,160,204,8.884866446580956,1.576260289174057,1.7342705284944508,0.9966428615027773,0.002552795715126297,0.9971160888671875
ID14,v6_flipLR_rot180,41,15,164,60,,,,,,0.9984588623046875
ID14,v6_flipLR_rot180,41,36,164,144,9.794805571748793,1.6264670726960802,1.7331538941711233,0.9969172071728348,0.002337316167302593,0.9975128173828125
ID14,v6_flipLR_rot180,42,2,168,8,,,,,,0.9984130859375
ID14,v6_flipLR_rot180,42,8,168,32,,,,,,0.9984130859375
ID14,v6_flipLR_rot180,42,59,168,236,10.704744696916627,1.5798974343004288,1.730951118028616,0.9975279252884087,0.0017737735485384599,0.99761962890625
ID14,v6_flipLR_rot180,43,32,172,128,10.704744696916627,1.5798974343004288,1.7302629092132233,0.9976800976800977,0.0018939699300487918,0.9974365234375
ID14,v6_flipLR_rot180,44,51,176,204,10.704744696916627,1.5798974343004288,1.7302605309468924,0.9976805224928279,0.001629954071629936,0.99761962890625
ID14,v6_flipLR_rot180,45,46,180,184,10.704744696916627,1.5798974343004288,1.7302605309468924,0.9976805224928279,0.001629954071629936,0.99761962890625
ID14,v6_flipLR_rot180,46,23,184,92,,,,,,0.9974365234375
ID14,v6_flipLR_rot180,48,10,192,40,,,,,,0.9984130859375
ID14,v6_flipLR_rot180,48,15,192,60,,,,,,0.9984130859375
ID15,v0_rot0,0,18,0,72,4.918490759365935,0.44440122723151376,1.718392170123223,0.9769619204027443,0.019058439309492515,0.9713134765625
ID15,v0_rot0,0,64,0,256,4.222008245644752,0.280569147984468,1.7130899665119124,0.9858557935959457,0.019057499779896618,0.9798736572265625
ID15,v0_rot0,1,8,4,32,4.787307364817192,0.4545322903317906,1.7207574397095895,0.9657024157562702,0.027263552186869416,0.9577789306640625
ID15,v0_rot0,1,37,4,148,4.918490759365935,0.43367952823585015,1.7208782335172164,0.9750149817913613,0.02330404360116893,0.969451904296875
ID15,v0_rot0,1,47,4,188,4.787307364817192,0.4132170733597078,1.7224872024502929,0.9765029505778214,0.023173784019595228,0.971588134765625
ID15,v0_rot0,3,3,12,12,4.787307364817192,0.4545322903317906,1.720714443226677,0.9653984030032156,0.02716394712552062,0.9580078125
ID15,v0_rot0,3,20,12,80,5.170882945826411,0.435488430465235,1.7187256209908874,0.9756449631449632,0.020563634345710218,0.9705657958984375
ID15,v0_rot0,3,61,12,244,4.51351666838205,0.3294137429861704,1.7148932466799773,0.9825660875842895,0.020774090861717675,0.979736328125
ID15,v0_rot0,4,42,16,168,4.787307364817192,0.43252804105241477,1.7215183538502454,0.9749973107125843,0.023788972078379215,0.96893310546875
ID15,v0_rot0,5,2,20,8,4.719866928249235,0.4522612783682406,1.7202703726875896,0.9651341703594288,0.027238544133090972,0.95843505859375
ID15,v0_rot0,6,32,24,128,4.787307364817192,0.4273221200974768,1.7185385575293604,0.972153808263038,0.026222655877240708,0.965545654296875
ID15,v0_rot0,7,1,28,4,4.652426491681278,0.45679015958364505,1.7211459095367483,0.9633301517903876,0.028872976603237576,0.9567413330078125
ID15,v0_rot0,7,19,28,76,4.787307364817192,0.44440122723151376,1.7173802740454294,0.973740012292563,0.022241684313790675,0.968841552734375
ID15,v0_rot0,7,30,28,120,4.918490759365935,0.43252804105241477,1.7182512060497854,0.9723115260963866,0.024682250885584872,0.9658203125
ID15,v0_rot0,8,61,32,244,4.51351666838205,0.33568817205786017,1.7202083045378191,0.9788682608962931,0.02393564514073185,0.9767303466796875
ID15,v0_rot0,9,0,36,0,4.787307364817192,0.44063854933870417,1.7208273114412334,0.9601885804085909,0.03146142459608303,0.9524383544921875
ID15,v0_rot0,9,7,36,28,4.787307364817192,0.4545322903317906,1.7192116882273254,0.9613832409118915,0.02997869144945898,0.9537506103515625
ID15,v0_rot0,9,54,36,216,4.51351666838205,0.299825323415265,1.7207966847912086,0.9739728345306035,0.026276992499337785,0.9676666259765625
ID15,v0_rot0,10,15,40,60,5.046265044040321,0.42204579450972307,1.7166563440366194,0.9704244847739157,0.025076693128469742,0.9644012451171875
ID15,v0_rot0,10,49,40,196,4.650412016599621,0.419632096666135,1.7241781142427854,0.9722666830829845,0.027728751952009148,0.9655609130859375
ID15,v0_rot0,11,6,44,24,4.787307364817192,0.44591487492645826,1.7185398292673855,0.9591701475053561,0.03243085867140005,0.950469970703125
ID15,v0_rot0,11,24,44,96,5.108573994933366,0.3945376166923028,1.7171872455218893,0.9681877002711363,0.028893437487569423,0.9600372314453125
ID15,v0_rot0,12,15,48,60,5.108573994933366,0.382967285754729,1.7159772594901916,0.9676838557776649,0.027604902900755148,0.961456298828125
ID15,v0_rot0,12,48,48,192,4.787307364817192,0.3943399994768279,1.7252841290224392,0.9705633304081412,0.029153310423710187,0.9632720947265625
ID15,v0_rot0,13,8,52,32,4.852899062091563,0.4131303715212839,1.7181111971339262,0.9557053813873118,0.035625009262967446,0.9482574462890625
ID15,v0_rot0,13,19,52,76,5.170882945826411,0.37549215909173167,1.715639933416798,0.9656191781243745,0.0292518461755905,0.9599761962890625
ID15,v0_rot0,15,61,60,244,4.370193722368317,0.3197301794706451,1.7223483681132876,0.9770698676515851,0.02784791271880149,0.9720001220703125
ID15,v0_rot0,16,52,64,208,4.51351666838205,0.30264870801279803,1.7221273289839059,0.9703151703644398,0.03002576852169955,0.9627685546875
ID15,v0_rot0,18,37,72,148,4.787307364817192,0.37235597058598374,1.7209680252280362,0.964242760662411,0.03473219743768899,0.95648193359375
ID15,v0_rot0,18,51,72,204,4.582971580031664,0.2937739990881331,1.722537023862808,0.9679004359009904,0.03174352357030489,0.9616241455078125
ID15,v0_rot0,18,52,72,208,4.582971580031664,0.31046709650361143,1.7223292810853943,0.9678865169577673,0.031669475892162145,0.9616241455078125
ID15,v0_rot0,19,53,76,212,4.582971580031664,0.31046709650361143,1.722343488157225,0.9675684836532832,0.03251417226525966,0.958343505859375
ID15,v0_rot0,20,0,80,0,4.982377901703128,0.3678938767355229,1.7230646089751271,0.948232928621143,0.04404692197786942,0.935516357421875
ID15,v0_rot0,20,27,80,108,5.170882945826411,0.3718070805650052,1.721607307977702,0.96236401512229,0.03445547378348809,0.95166015625
ID15,v0_rot0,23,63,92,252,4.370193722368317,0.3254132015151856,1.7216590602073618,0.9768308265467925,0.029018513665253567,0.9683380126953125
ID15,v0_rot0,24,27,96,108,5.170882945826411,0.36919436782607407,1.721734591853823,0.9620952557335556,0.03512800378932934,0.95123291015625
ID15,v0_rot0,24,28,96,112,5.170882945826411,0.36919436782607407,1.7217342860703657,0.9620964257052904,0.035078435163778864,0.95123291015625
ID15,v0_rot0,25,30,100,120,5.108573994933366,0.3590107910280932,1.7215677582752404,0.9614767255216693,0.03563820533998793,0.9505615234375
ID15,v0_rot0,25,39,100,156,4.719866928249235,0.37314238429845414,1.7242008910446989,0.9648083892358702,0.0349429208327803,0.954742431640625
ID15,v0_rot0,26,26,104,104,5.170882945826411,0.36919436782607407,1.7216054869320883,0.9617540338145604,0.03578645842948923,0.951171875
ID15,v0_rot0,27,41,108,164,4.719866928249235,0.37314238429845414,1.72401314997627,0.9649653045489591,0.03475856174172208,0.9562225341796875
ID15,v0_rot0,28,7,112,28,5.170882945826411,0.37938533469488234,1.721770153924248,0.9486910023799957,0.042300754171794075,0.9373626708984375
ID15,v0_rot0,29,2,116,8,5.170882945826411,0.38220608178189924,1.7215698306690927,0.949284323121155,0.042150777866818256,0.94024658203125
ID15,v0_rot0,29,47,116,188,4.652426491681278,0.4131303715212839,1.725214811570158,0.9630315373696229,0.03636641190451988,0.9547882080078125
ID15,v0_rot0,29,64,116,256,4.370193722368317,0.3310146308565085,1.7208292929570383,0.9774021735783996,0.028556855730192617,0.9690093994140625
ID15,v0_rot0,30,32,120,128,4.852899062091563,0.38857992846801076,1.722010728066637,0.9602155185722666,0.036957631179723685,0.9525604248046875
ID15,v0_rot0,31,19,124,76,5.170882945826411,0.36496733684801036,1.7199050640312212,0.9599845797995374,0.034940226698560346,0.95574951171875
ID15,v0_rot0,31,42,124,168,4.719866928249235,0.3762722829536392,1.7228853464521956,0.9659346760016038,0.03392499546118886,0.960601806640625
ID15,v0_rot0,32,36,128,144,4.719866928249235,0.39016072336010876,1.7228649047905003,0.9634473611153953,0.03493458008017275,0.95770263671875
ID15,v0_rot0,34,58,136,232,4.51351666838205,0.35787545351554534,1.7223137697613575,0.9684468262034556,0.03173619114778564,0.9672698974609375
ID15,v0_rot0,34,61,136,244,4.370193722368317,0.3681225174656431,1.7217958463298804,0.9751461088895724,0.027637511501897288,0.9705047607421875
ID15,v0_rot0,34,62,136,248,4.370193722368317,0.33653677726921183,1.7212133981468976,0.9768593262296846,0.026833259822395407,0.97088623046875
ID15,v0_rot0,35,50,140,200,4.51351666838205,0.29832752341606084,1.720515102145994,0.9714826556680722,0.0288761767422282,0.96588134765625
ID15,v0_rot0,36,64,144,256,4.370193722368317,0.35787545351554584,1.7206667709126138,0.978877674854448,0.024081827643997522,0.9725799560546875
ID15,v0_rot0,37,44,148,176,4.582971580031664,0.43367952823585015,1.7211076654614164,0.9714004096656451,0.029151092294710544,0.971405029296875
ID15,v0_rot0,40,6,160,24,5.4115163798060095,0.30962321585861624,1.7190457457580388,0.9692975702891633,0.029446686907165745,0.9640960693359375
ID15,v0_rot0,41,10,164,40,5.046265044040321,0.3030214283061638,1.7205643143043161,0.9673660391299663,0.03101067206124186,0.965057373046875
ID15,v0_rot0,42,22,168,88,4.787307364817192,0.30074183193921744,1.7179756632058254,0.9733181510432696,0.027590693774794953,0.9698638916015625
ID15,v0_rot0,42,50,168,200,4.51351666838205,0.397834640796926,1.719218014992878,0.9790613718411553,0.022465801985498867,0.9759368896484375
ID15,v0_rot0,43,23,172,92,4.918490759365935,0.31179921867148475,1.7193191463815494,0.9722897498230606,0.027878166645504403,0.96966552734375
ID15,v0_rot0,43,38,172,152,4.51351666838205,0.2999789970000114,1.7181714665007914,0.9795118502351603,0.023744707930939423,0.9757232666015625
ID15,v0_rot0,43,41,172,164,4.582971580031664,0.30074183193921744,1.7181307116937066,0.9797781124189434,0.023207853164099894,0.9769744873046875
ID15,v0_rot0,44,40,176,160,4.51351666838205,0.30074183193921744,1.7181087250524667,0.9796987859228523,0.02369350844858139,0.9739227294921875
ID15,v0_rot0,44,64,176,256,4.370193722368317,0.3511486621752467,1.720483030136606,0.9825290670920637,0.019781326261597846,0.978240966796875
ID15,v0_rot0,46,47,184,188,4.51351666838205,0.3100562061043673,1.71906621000794,0.9754041623725216,0.027158097419166968,0.9688720703125
ID15,v2_rot180,0,26,0,104,4.787307364817192,0.4842052744364507,1.7261911778852737,0.9810750245579568,0.018118452842374212,0.9753570556640625
ID15,v2_rot180,0,33,0,132,4.652426491681278,0.5017399115213139,1.7266506637350503,0.9801063045348408,0.02035404174836388,0.973785400390625
ID15,v2_rot180,1,12,4,48,4.582971580031664,0.3957836415146203,1.7201096594387368,0.9814701190330102,0.01881813613981492,0.978485107421875
ID15,v2_rot180,1,15,4,60,4.652426491681278,0.4373439761867075,1.720134991968228,0.9842854076595223,0.01625559624362302,0.980560302734375
ID15,v2_rot180,3,12,12,48,4.582971580031664,0.41056372388011325,1.7173414951910357,0.9825761526427191,0.01785269606667411,0.981201171875
ID15,v2_rot180,3,30,12,120,4.582971580031664,0.4929875516071218,1.7209884803331772,0.98334407908876,0.01759073900704426,0.97943115234375
ID15,v2_rot180,3,58,12,232,4.51351666838205,0.4138855928132247,1.72010138072768,0.9792802617230099,0.0220756391634898,0.9775848388671875
ID15,v2_rot180,4,49,16,196,4.652426491681278,0.4656829555375454,1.720933591736825,0.9822853985017806,0.018759663856171397,0.980194091796875
ID15,v2_rot180,4,59,16,236,4.370193722368317,0.3785795167039023,1.7200841764537587,0.9813640759559737,0.020399639139561925,0.97821044921875
ID15,v2_rot180,6,6,24,24,4.652426491681278,0.3820458641371274,1.7142518707444732,0.9842423127625004,0.015879398165505293,0.9825592041015625
ID15,v2_rot180,6,47,24,188,4.582971580031664,0.46301205542781365,1.7220186311598282,0.9828545091411891,0.020030126766627195,0.978729248046875
ID15,v2_rot180,7,37,28,148,4.441855195375183,0.46833569549191206,1.7221174640751167,0.9838553587612713,0.019436188593270086,0.97802734375
ID15,v2_rot180,8,22,32,88,4.652426491681278,0.46518365312773685,1.7211916778669645,0.9830968632563847,0.01715479691200194,0.9829254150390625
ID15,v2_rot180,8,43,32,172,4.582971580031664,0.46301205542781365,1.7225147571057222,0.9833645663727689,0.019917857635236815,0.977813720703125
ID15,v2_rot180,8,44,32,176,4.582971580031664,0.46301205542781365,1.7225175760041076,0.9833602212491357,0.0203333472432158,0.9775390625
ID15,v2_rot180,9,52,36,208,4.370193722368317,0.4437855646801794,1.7206796415354133,0.9869816853190869,0.017700064536874286,0.981475830078125
ID15,v2_rot180,9,54,36,216,4.370193722368317,0.4437855646801794,1.7206799165594335,0.9869812855980472,0.017736780913423192,0.981475830078125
ID15,v2_rot180,9,64,36,256,4.370193722368317,0.29946869007203547,1.7208409270381857,0.9837384641370944,0.020417964323386207,0.9779510498046875
ID15,v2_rot180,10,29,40,116,4.582971580031664,0.4576271551492596,1.7245320221732967,0.9831304588085407,0.01792695087988711,0.9793548583984375
ID15,v2_rot180,10,52,40,208,4.370193722368317,0.44268234389524835,1.7204759362401751,0.9853329647376827,0.01884125708359157,0.98089599609375
ID15,v2_rot180,11,15,44,60,4.51351666838205,0.3634465858705786,1.7209655986016552,0.9850187840220808,0.016125862773735847,0.984039306640625
ID15,v2_rot180,11,30,44,120,4.652426491681278,0.4437855646801794,1.7256442033708943,0.9814328495738309,0.01933491908049005,0.9785003662109375
ID15,v2_rot180,11,41,44,164,4.652426491681278,0.44937620450352656,1.7260245048617717,0.9787770281692305,0.02200336327816613,0.9764251708984375
ID15,v2_rot180,12,18,48,72,4.51351666838205,0.41461429931669014,1.721721519871494,0.9835089818522098,0.017144853828440776,0.982513427734375
ID15,v2_rot180,12,42,48,168,4.719866928249235,0.47401119676382514,1.7269011419961784,0.9775823364802115,0.023270430530872455,0.97320556640625
ID15,v2_rot180,13,29,52,116,5.105529093883581,0.4521417672220891,1.7273718225938544,0.977254914014354,0.021919547937262997,0.975311279296875
ID15,v2_rot180,14,54,56,216,4.51351666838205,0.4387963179595792,1.7204258419260703,0.981965901397181,0.023638807281427476,0.9744720458984375
ID15,v2_rot180,15,46,60,184,4.852899062091563,0.4432343442299609,1.7317983626565054,0.9721395642856041,0.029595169696470244,0.9671173095703125
ID15,v2_rot180,17,2,68,8,5.231725187113819,0.35675840530732256,1.724283931400082,0.9712485593545909,0.0247296325286419,0.9698638916015625
ID15,v2_rot180,17,15,68,60,5.3520419041036185,0.39942525591944406,1.7286704208659807,0.973644983326418,0.023692416128796752,0.971954345703125
ID15,v2_rot180,17,64,68,256,4.370193722368317,0.34777201318022943,1.7205213576647995,0.9782742586148493,0.02747551238319531,0.9696044921875
ID15,v2_rot180,18,58,72,232,4.51351666838205,0.3370563189130794,1.7211368715979962,0.9770488771059082,0.029296415608333074,0.9687652587890625
ID15,v2_rot180,20,18,80,72,5.231725187113819,0.399319475951439,1.730076698798258,0.9707311821341782,0.02673238388751658,0.96356201171875
ID15,v2_rot180,20,33,80,132,5.231725187113819,0.4399105662760678,1.7349962137979076,0.9647949196171216,0.032407646522110596,0.957427978515625
ID15,v2_rot180,20,45,80,180,5.046265044040321,0.44046649937126653,1.7351953309919914,0.9683391964451028,0.03299758067844306,0.9600830078125
ID15,v2_rot180,21,19,84,76,5.292567428401227,0.39657475830926286,1.730007818523737,0.9699906172611632,0.027531761561269047,0.962982177734375
ID15,v2_rot180,22,32,88,128,5.52309741007641,0.4399105662760678,1.7353705527313152,0.9650012328936013,0.03225690582933978,0.95635986328125
ID15,v2_rot180,22,54,88,216,4.650412016599621,0.3839816909418062,1.722330938291322,0.9789637529281223,0.02789950016383797,0.9693603515625
ID15,v2_rot180,23,32,92,128,5.52309741007641,0.4399105662760678,1.7353749268661576,0.9649947592329984,0.03249288905849237,0.956268310546875
ID15,v2_rot180,24,2,96,8,5.231725187113819,0.36065999106013924,1.7264745227109768,0.9669295696692957,0.02848506783903849,0.9607391357421875
ID15,v2_rot180,26,30,104,120,5.292567428401227,0.4108900346265746,1.7347978052083426,0.9668710900181824,0.030860200879279688,0.9575653076171875
ID15,v2_rot180,27,7,108,28,5.231725187113819,0.37509568288009937,1.729046715098832,0.9653152529864859,0.029499372925295055,0.9598846435546875
ID15,v2_rot180,27,47,108,188,5.046265044040321,0.44046649937126653,1.7345498784030737,0.9692079849433834,0.03289556035950869,0.962554931640625
ID15,v2_rot180,27,55,108,220,4.51351666838205,0.34952962537462184,1.722629958432773,0.9779278029532353,0.028920685168416164,0.9687652587890625
ID15,v2_rot180,27,61,108,244,4.370193722368317,0.3370563189130794,1.721194338644795,0.9773329635108481,0.029287838317027626,0.9680633544921875
ID15,v2_rot180,31,33,124,132,5.52309741007641,0.4399105662760678,1.735560265781784,0.9653392103073082,0.03194318887288269,0.95880126953125
ID15,v2_rot180,32,29,128,116,5.753627391751592,0.4069664042858779,1.7347122710716216,0.9690675617417011,0.028575104084932107,0.9611053466796875
ID15,v2_rot180,34,4,136,16,5.292567428401227,0.35357269292967825,1.727126650248621,0.9676319225746985,0.026652500851754565,0.9613189697265625
ID15,v2_rot180,34,19,136,76,5.4115163798060095,0.4002301076378587,1.7294427946290074,0.9708243617348508,0.026175912335931566,0.963653564453125
ID15,v2_rot180,35,45,140,180,5.52309741007641,0.4387963179595792,1.7349458377139457,0.9716368905399781,0.029661423093178183,0.9637451171875
ID15,v2_rot180,36,28,144,112,6.076507779746499,0.4074356724652303,1.7343509634504983,0.9710971989355648,0.025442594824184,0.963531494140625
ID15,v2_rot180,36,57,144,228,4.51351666838205,0.2862266994288986,1.7220848809820604,0.980259916235526,0.025892114249721862,0.9725494384765625
ID15,v2_rot180,37,55,148,220,4.916786204428757,0.3315858295667108,1.721980797361204,0.981790194720234,0.024324191560927667,0.9738616943359375
ID15,v2_rot180,38,5,152,20,5.4115163798060095,0.3557526665239411,1.727698649834506,0.9689184416222608,0.02531597145182272,0.966461181640625
ID15,v2_rot180,38,31,152,124,5.969868961290769,0.40506868895188236,1.7344832997850124,0.9707511462596548,0.026113878682676644,0.9659881591796875
ID15,v2_rot180,40,0,160,0,5.4115163798060095,0.3231900027400312,1.727375102579022,0.9701384726512672,0.025794886427533883,0.964630126953125
ID15,v2_rot180,40,36,160,144,5.753627391751592,0.4175399457628044,1.7330940417151808,0.9713692307692308,0.026401461338821916,0.968536376953125
ID15,v2_rot180,41,13,164,52,5.753627391751592,0.4002301076378587,1.7281282162187805,0.9714382288321785,0.02427859794975442,0.9692230224609375
ID15,v2_rot180,41,37,164,148,5.170882945826411,0.42802621289413934,1.730949535369753,0.9738485678245085,0.02533581436551163,0.971893310546875
ID15,v2_rot180,41,40,164,160,5.292567428401227,0.42802621289413934,1.7308068506877181,0.9749796238485552,0.024470092100869336,0.9720306396484375
ID15,v2_rot180,41,53,164,212,5.170882945826411,0.37557607706215473,1.7192516967203,0.9827572946949071,0.022167960713000746,0.9791412353515625
ID15,v2_rot180,42,12,168,48,5.582571885778801,0.3974918113140114,1.7265779839140496,0.9707532236002889,0.02490166153486308,0.9683990478515625
ID15,v2_rot180,42,28,168,112,6.076507779746499,0.4056497096640466,1.7294128347962576,0.9741874980782831,0.02335209002875911,0.97064208984375
ID15,v2_rot180,43,10,172,40,5.3520419041036185,0.37034288632347173,1.7269746554558083,0.9687163720215219,0.02671923344502003,0.963409423828125
ID15,v2_rot180,44,56,176,224,4.51351666838205,0.24944252280877818,1.7152331808224,0.9833871712044301,0.022108577742152444,0.9768829345703125
ID15,v2_rot180,45,38,180,152,5.170882945826411,0.4121891915489992,1.7258032923340345,0.9777176336711313,0.02291132134839778,0.9710235595703125
ID15,v2_rot180,45,39,180,156,5.170882945826411,0.4121891915489992,1.72570698254687,0.9780108254397835,0.022644568156756913,0.9710540771484375
ID15,v2_rot180,46,2,184,8,5.4115163798060095,0.3576719332918056,1.7263515755085408,0.9740975602266272,0.022743492701678015,0.9683074951171875
ID15,v2_rot180,46,28,184,112,5.349394668683889,0.39290285616358767,1.7263084366251042,0.9750972284137549,0.02309603994557236,0.96826171875
ID15,v2_rot180,46,31,184,124,5.349394668683889,0.39290285616358767,1.7264597061852753,0.9746317763906399,0.02381238550812964,0.968292236328125
ID15,v2_rot180,48,3,192,12,5.469711385673689,0.36176365854951836,1.726451224267873,0.9745813443030591,0.021952908802080666,0.9688568115234375
ID15,v4_flipLR,0,9,0,36,5.292567428401227,0.3752586104030869,1.7249253656451196,0.9711327218816733,0.02507347227020475,0.9672088623046875
ID15,v4_flipLR,1,57,4,228,4.582971580031664,0.2679051416085156,1.7143341745446403,0.9843495372505612,0.02126320090002316,0.9773712158203125
ID15,v4_flipLR,2,25,8,100,5.231725187113819,0.3990557585580587,1.72558551453537,0.9748908967975906,0.023027532358508993,0.96868896484375
ID15,v4_flipLR,3,55,12,220,4.652426491681278,0.27043313977603106,1.7142915838542292,0.9843985366903378,0.02082467693228501,0.977752685546875
ID15,v4_flipLR,5,21,20,84,5.231725187113819,0.38185164270798866,1.7267052531141134,0.9739842645522159,0.023449945163827556,0.9686279296875
ID15,v4_flipLR,5,33,20,132,5.462255168789001,0.405463670095579,1.727868440525003,0.9718383471938266,0.025063972256669217,0.9671478271484375
ID15,v4_flipLR,5,57,20,228,4.441855195375183,0.26022155019260634,1.7161795351428122,0.9816266912669127,0.022919522049943984,0.975433349609375
ID15,v4_flipLR,6,46,24,184,4.982377901703128,0.3588029103678672,1.7288803054042032,0.9748265091015402,0.026007121938040417,0.97161865234375
ID15,v4_flipLR,7,45,28,180,4.982377901703128,0.41478528029356704,1.7310504089691783,0.9735356115273952,0.026682244930708934,0.9718475341796875
ID15,v4_flipLR,8,50,32,200,4.652426491681278,0.3299684041680997,1.71999388614226,0.9818067175196851,0.023492855373524187,0.9763946533203125
ID15,v4_flipLR,9,52,36,208,4.652426491681278,0.33339266558824726,1.720830292166716,0.9823487807128141,0.02276323899880362,0.97637939453125
ID15,v4_flipLR,11,61,44,244,4.222008245644752,0.279104624027686,1.7202429306012679,0.9809759623517832,0.024652779039635083,0.973663330078125
ID15,v4_flipLR,12,2,48,8,5.292567428401227,0.36033333423093417,1.7267241025736912,0.9677939550313306,0.026464608221126697,0.9630126953125
ID15,v4_flipLR,13,6,52,24,5.231725187113819,0.37389793749444605,1.728026911233569,0.9666600089111497,0.027403924425393782,0.96197509765625
ID15,v4_flipLR,13,12,52,48,5.3520419041036185,0.3779647807129854,1.7285182161505797,0.9660443514901732,0.029084347452727453,0.9601287841796875
ID15,v4_flipLR,13,15,52,60,5.4115163798060095,0.3988426271348408,1.7290939311573377,0.971109813443157,0.025031745257496203,0.9651947021484375
ID15,v4_flipLR,13,29,52,116,5.753627391751592,0.41164468237254515,1.73326212942962,0.9706538289985696,0.026334158700131307,0.9632720947265625
ID15,v4_flipLR,15,1,60,4,5.292567428401227,0.3680477546151384,1.7269052001914211,0.9654101586520724,0.028857176400810192,0.9598541259765625
ID15,v4_flipLR,15,7,60,28,5.231725187113819,0.3699527593916111,1.7288405575190942,0.9661097705301016,0.028512525735744938,0.9610137939453125
ID15,v4_flipLR,16,12,64,48,5.292567428401227,0.37593665803707604,1.728952544686519,0.9656901963197735,0.030209480714099648,0.959136962890625
ID15,v4_flipLR,17,40,68,160,4.787307364817192,0.4598028297637227,1.7345064908773296,0.969516888875204,0.029987182394089228,0.962677001953125
ID15,v4_flipLR,20,26,80,104,5.641895835477563,0.4056497096640466,1.734320637625855,0.9675650700754659,0.029744248941850075,0.958740234375
ID15,v4_flipLR,20,29,80,116,5.170882945826411,0.40520483421407244,1.7342082010135722,0.9671307990881646,0.03035185743275519,0.958251953125
ID15,v4_flipLR,20,58,80,232,4.370193722368317,0.2902142312911984,1.722640207568824,0.9751929862405818,0.030810368469051375,0.96722412109375
ID15,v4_flipLR,21,40,84,160,4.787307364817192,0.4598028297637227,1.7344511003888177,0.9685252767897015,0.03098489543777063,0.9597625732421875
ID15,v4_flipLR,22,6,88,24,5.231725187113819,0.37389793749444605,1.7280397522606412,0.9665667051134179,0.028915697088404323,0.960723876953125
ID15,v4_flipLR,23,12,92,48,5.292567428401227,0.37593665803707604,1.7293148387163964,0.9656244708200558,0.031218123091368576,0.95855712890625
ID15,v4_flipLR,23,14,92,56,5.4115163798060095,0.39421066510282504,1.7299623666614599,0.9691519478121731,0.02808273327182703,0.963470458984375
ID15,v4_flipLR,23,30,92,120,5.170882945826411,0.41790351389943353,1.7342072393047168,0.9670327977446737,0.0307441765623668,0.9580230712890625
ID15,v4_flipLR,23,58,92,232,4.370193722368317,0.291429328803452,1.7225627139298434,0.9753609565927547,0.030763858596796673,0.9673614501953125
ID15,v4_flipLR,25,30,100,120,5.170882945826411,0.41790351389943353,1.7342054818767787,0.9670353368865338,0.03057243228234622,0.958160400390625
ID15,v4_flipLR,25,53,100,212,4.582971580031664,0.35474342023834676,1.7220687989898502,0.9783586457595268,0.02816313305796586,0.96929931640625
ID15,v4_flipLR,26,7,104,28,5.170882945826411,0.37184850774565936,1.7280135810607737,0.9667748035854308,0.02866707522801836,0.96136474609375
ID15,v4_flipLR,26,21,104,84,5.292567428401227,0.40431355859449186,1.7319263751886804,0.966528162511542,0.029975183829265492,0.9614410400390625
ID15,v4_flipLR,26,24,104,96,5.526706107641786,0.4049822061166912,1.733603101507881,0.9658767188678955,0.030380194121654887,0.95849609375
ID15,v4_flipLR,27,17,108,68,5.231725187113819,0.4008592091841433,1.7297878273837977,0.970890358296171,0.026691218531575592,0.963470458984375
ID15,v4_flipLR,29,18,116,72,5.4115163798060095,0.38547893715309606,1.729578125698218,0.9715472162411566,0.026236308995682217,0.96429443359375
ID15,v4_flipLR,30,5,120,20,5.3520419041036185,0.34444868317358357,1.725629381426529,0.9701850371918608,0.025299602730697913,0.9662933349609375
ID15,v4_flipLR,31,6,124,24,5.231725187113819,0.32499648401106646,1.725819532195396,0.9710443402751096,0.024830001108254073,0.970306396484375
ID15,v4_flipLR,32,54,128,216,4.441855195375183,0.3956376869065439,1.7199377454618663,0.9798023338156963,0.026104169382910356,0.971771240234375
ID15,v4_flipLR,33,64,132,256,4.370193722368317,0.3144208176066899,1.7203014099162917,0.9776331779654499,0.027111441516511667,0.9699249267578125
ID15,v4_flipLR,34,12,136,48,5.170882945826411,0.3192878366007837,1.7236753513510399,0.9750779773519966,0.023387084809616255,0.9728851318359375
ID15,v4_flipLR,34,52,136,208,4.441855195375183,0.43290906000391965,1.71993597457442,0.9813009380286022,0.02381677961279053,0.974395751953125
ID15,v4_flipLR,34,61,136,244,4.370193722368317,0.3254276683263251,1.7203591688727051,0.9779947716438567,0.026280584400320585,0.9710845947265625
ID15,v4_flipLR,35,10,140,40,4.918490759365935,0.3367456025777554,1.7215833951032478,0.9756884681583476,0.023487595678193914,0.9739227294921875
ID15,v4_flipLR,35,22,140,88,4.918490759365935,0.4456002407876885,1.7261409312375442,0.9756172507566795,0.022154823974030374,0.977935791015625
ID15,v4_flipLR,35,31,140,124,4.918490759365935,0.46419299561667,1.7268318426757276,0.9766008148205089,0.023207552771925523,0.9748382568359375
ID15,v4_flipLR,36,43,144,172,4.582971580031664,0.4809883747045818,1.726430589417994,0.9768982477712881,0.023890300727998005,0.97308349609375
ID15,v4_flipLR,37,9,148,36,4.918490759365935,0.34290490710610344,1.719631636472567,0.980261845195156,0.019841993107795493,0.97967529296875
ID15,v4_flipLR,37,10,148,40,4.787307364817192,0.34168178246723635,1.7198928188779812,0.9795918367346939,0.021045742466002475,0.9771575927734375
ID15,v4_flipLR,37,14,148,56,4.918490759365935,0.32688073867250955,1.7209592496929917,0.9836309523809523,0.01716974077751233,0.983917236328125
ID15,v4_flipLR,37,46,148,184,4.582971580031664,0.46145493643071345,1.7258090696624384,0.9771455797368744,0.023659479900697753,0.9757537841796875
ID15,v4_flipLR,38,25,152,100,4.918490759365935,0.46004009413774677,1.7240827382798023,0.9830979428922321,0.017989162723196082,0.9797210693359375
ID15,v4_flipLR,38,55,152,220,4.370193722368317,0.45925056923782287,1.7203584495336417,0.9836951515337612,0.020016595806180554,0.98028564453125
ID15,v4_flipLR,39,46,156,184,4.370193722368317,0.46906590312344976,1.7234743663478584,0.9818603508125211,0.020966147635928564,0.9771881103515625
ID15,v4_flipLR,40,3,160,12,4.787307364817192,0.31167502302785244,1.7124385134337667,0.9860917301764985,0.01534352445322787,0.9824676513671875
ID15,v4_flipLR,40,21,160,84,4.7854586255236065,0.4583723553715198,1.7196468955127533,0.9849727823353523,0.016186078840852113,0.98394775390625
ID15,v4_flipLR,41,36,164,144,4.296100984006534,0.4762630154384097,1.721500537119083,0.9833389637910384,0.019718773949737846,0.9777069091796875
ID15,v4_flipLR,42,9,168,36,4.852899062091563,0.35262732269366154,1.7163835977910187,0.9834325335951402,0.017710856295549013,0.9818267822265625
ID15,v4_flipLR,42,26,168,104,4.918490759365935,0.4795396542093877,1.721633326080883,0.9856702312094386,0.015737123941715392,0.9817047119140625
ID15,v4_flipLR,45,31,180,124,4.582971580031664,0.49797189342676884,1.7209252858810176,0.9836012713621078,0.017848039704396385,0.979400634765625
ID15,v4_flipLR,45,43,180,172,4.51351666838205,0.4920020573864916,1.7211258147752266,0.979931826556934,0.020500811905411837,0.9765777587890625
ID15,v4_flipLR,45,54,180,216,4.51351666838205,0.46906590312344976,1.7195875386552983,0.9821261449239785,0.01894238808298361,0.9794921875
ID15,v4_flipLR,47,7,188,28,4.719866928249235,0.4713988840387798,1.7154811026478367,0.9820700021473051,0.01712991484939985,0.9788360595703125
ID15,v4_flipLR,47,18,188,72,4.719866928249235,0.4357564756217085,1.7198139484058654,0.9849574484397762,0.015740479944191747,0.980987548828125
ID15,v4_flipLR,48,22,192,88,4.852899062091563,0.46368035181849393,1.725671056162827,0.9793061099171017,0.01937572687411267,0.97711181640625
ID15,v6_flipLR_rot180,0,24,0,96,5.046265044040321,0.3366800940842349,1.7272590442144944,0.9572690416364785,0.03563112631034962,0.9521484375
ID15,v6_flipLR_rot180,1,22,4,88,4.852899062091563,0.3249600374769576,1.7260601966058542,0.9611972026248498,0.03512139727568305,0.96075439453125
ID15,v6_flipLR_rot180,1,31,4,124,4.582971580031664,0.3234765323427195,1.7232640610524308,0.9660166530712757,0.0316465669089394,0.9631805419921875
ID15,v6_flipLR_rot180,2,45,8,180,4.51351666838205,0.3767940017172981,1.718701698336051,0.9745471892648847,0.027786196045900213,0.969818115234375
ID15,v6_flipLR_rot180,3,42,12,168,4.51351666838205,0.31470033448786183,1.717315001791694,0.9789183952762444,0.025035449582871933,0.9735260009765625
ID15,v6_flipLR_rot180,3,44,12,176,4.51351666838205,0.37872047466993225,1.718713680502311,0.976105486660307,0.02657307691957702,0.9732818603515625
ID15,v6_flipLR_rot180,5,52,20,208,4.51351666838205,0.39766546101929795,1.718724577706063,0.9791132339164222,0.021832363364449207,0.9761199951171875
ID15,v6_flipLR_rot180,6,10,24,40,5.046265044040321,0.3139631525172838,1.722210628525831,0.9675055799276534,0.03132404589183081,0.9650421142578125
ID15,v6_flipLR_rot180,6,16,24,64,4.787307364817192,0.31553304310506314,1.7182599314547335,0.9733280009844336,0.02727848786303203,0.96917724609375
ID15,v6_flipLR_rot180,6,59,24,236,4.441855195375183,0.41253034702726415,1.7222795205995933,0.9796379048233289,0.02264980192043132,0.9792022705078125
ID15,v6_flipLR_rot180,8,34,32,136,4.370193722368317,0.3111969158563773,1.717725639418724,0.9770993540449092,0.02543907308697364,0.970458984375
ID15,v6_flipLR_rot180,9,18,36,72,5.1694162362207745,0.2994408015536073,1.716329226942314,0.9733950883239982,0.027240220660704258,0.9667510986328125
ID15,v6_flipLR_rot180,10,43,40,172,4.370193722368317,0.3020872499859058,1.7182996606391465,0.9759573944095554,0.02700682639191447,0.97259521484375
ID15,v6_flipLR_rot180,13,32,52,128,4.787307364817192,0.32382721434762046,1.7217983984094014,0.9695382197500809,0.030568338865995196,0.965545654296875
ID15,v6_flipLR_rot180,14,12,56,48,4.982377901703128,0.3208708333323427,1.7225865837206389,0.9597352709769982,0.036082685095842414,0.95648193359375
ID15,v6_flipLR_rot180,14,50,56,200,4.652426491681278,0.3917165267702052,1.721276475519693,0.9703174554299966,0.029733258672203795,0.9656219482421875
ID15,v6_flipLR_rot180,17,27,68,108,5.170882945826411,0.3789875651522428,1.7222832800636112,0.96423888057514,0.033515039108245145,0.9588623046875
ID15,v6_flipLR_rot180,17,36,68,144,4.719866928249235,0.38764053133872894,1.7225155299431654,0.9632977984850121,0.03533255749806321,0.9578704833984375
ID15,v6_flipLR_rot180,17,44,68,176,4.652426491681278,0.44760216293985006,1.724375046534433,0.9628286631280089,0.03578695186570585,0.9599609375
ID15,v6_flipLR_rot180,20,33,80,132,4.787307364817192,0.39400659838729163,1.7216224307145807,0.9591080363209586,0.038217147644470935,0.9494171142578125
ID15,v6_flipLR_rot180,20,47,80,188,4.652426491681278,0.4129121717355698,1.7250098296522824,0.9629412490743027,0.03627934616779746,0.95489501953125
ID15,v6_flipLR_rot180,21,28,84,112,5.170882945826411,0.37505524499770637,1.7214013109310409,0.9622050403568067,0.03516274012710461,0.95135498046875
ID15,v6_flipLR_rot180,21,62,84,248,4.370193722368317,0.3408537382269189,1.7219271965088179,0.9762450927565237,0.029079864259423646,0.968902587890625
ID15,v6_flipLR_rot180,22,42,88,168,4.719866928249235,0.3862246495670128,1.7230223298349598,0.9652124278794236,0.035306689829689986,0.955902099609375
ID15,v6_flipLR_rot180,25,4,100,16,5.046265044040321,0.3695185944485942,1.7210514370055887,0.949446540102653,0.04240013583859825,0.937103271484375
ID15,v6_flipLR_rot180,25,16,100,64,5.292567428401227,0.35134939734772874,1.7191111938610988,0.9591471504828906,0.03610858907902737,0.948638916015625
ID15,v6_flipLR_rot180,25,27,100,108,5.170882945826411,0.3767940017172981,1.7214232338202133,0.9623553017440963,0.0351422947320451,0.9514312744140625
ID15,v6_flipLR_rot180,26,47,104,188,4.787307364817192,0.4176974862867858,1.725447454403854,0.9629275366790602,0.036192849535910426,0.9547882080078125
ID15,v6_flipLR_rot180,26,64,104,256,4.370193722368317,0.3470617117880452,1.721654041150727,0.9771635355712965,0.02883260273390078,0.96832275390625
ID15,v6_flipLR_rot180,28,12,112,48,5.046265044040321,0.33416148245775434,1.7212084743803935,0.9522735349103101,0.04106403264584406,0.94403076171875
ID15,v6_flipLR_rot180,29,1,116,4,4.918490759365935,0.36224823640874537,1.7198952221486168,0.9495707324619074,0.043215426826587106,0.9368896484375
ID15,v6_flipLR_rot180,29,26,116,104,5.170882945826411,0.38116886458630556,1.7187913039403002,0.9630533125414936,0.03480203073925299,0.952484130859375
ID15,v6_flipLR_rot180,30,5,120,20,5.046265044040321,0.3767940017172981,1.7185296730585777,0.9507223982075254,0.04065647604699763,0.93963623046875
ID15,v6_flipLR_rot180,31,0,124,0,4.918490759365935,0.3582012468883166,1.719684021558218,0.9507238307349666,0.04222414031133275,0.9384765625
ID15,v6_flipLR_rot180,32,34,128,136,4.982377901703128,0.4129121717355698,1.7193822167776018,0.9606121850749032,0.03552752233335881,0.954376220703125
ID15,v6_flipLR_rot180,33,31,132,124,4.918490759365935,0.3854952146761336,1.7182119509928355,0.9642438633279882,0.032587678205602155,0.955841064453125
ID15,v6_flipLR_rot180,34,30,136,120,4.982377901703128,0.39420608753997205,1.7175957441002863,0.9663198458574181,0.030967992323247363,0.957366943359375
ID15,v6_flipLR_rot180,35,45,140,180,4.787307364817192,0.43147778593538366,1.723932391350345,0.9659642686479737,0.032809165952046075,0.9577484130859375
ID15,v6_flipLR_rot180,36,23,144,92,5.046265044040321,0.3796009030188664,1.7164068182961645,0.9666605012484972,0.030506541073423498,0.9589996337890625
ID15,v6_flipLR_rot180,36,30,144,120,4.982377901703128,0.40316178042139955,1.7172428502585784,0.9681285333579802,0.02912108352662104,0.9600372314453125
ID15,v6_flipLR_rot180,36,47,144,188,4.787307364817192,0.42709555597373683,1.7246652550373793,0.9691234446223974,0.029874545145862037,0.962738037109375
ID15,v6_flipLR_rot180,36,59,144,236,4.582971580031664,0.376701048127578,1.723286105027857,0.9735140129350169,0.02863909533300212,0.96923828125
ID15,v6_flipLR_rot180,38,47,152,188,4.787307364817192,0.4362725578363852,1.7246377432674704,0.9698863811312621,0.028838479842702748,0.9631805419921875
ID15,v6_flipLR_rot180,40,30,160,120,4.982377901703128,0.4407813613421081,1.7177022491567124,0.971323076923077,0.025205239520724263,0.966094970703125
ID15,v6_flipLR_rot180,40,43,160,172,4.787307364817192,0.44642219796862453,1.7212081353595805,0.9717442826802918,0.027026844368196842,0.9668426513671875
ID15,v6_flipLR_rot180,41,5,164,20,4.787307364817192,0.4684497639969382,1.71924666729799,0.9649238914626076,0.027198157198286346,0.9590301513671875
ID15,v6_flipLR_rot180,44,18,176,72,4.852899062091563,0.43847369011967646,1.7177671432353128,0.9766088158500998,0.019891285078212136,0.970733642578125
ID15,v6_flipLR_rot180,44,22,176,88,4.918490759365935,0.4373387269849426,1.7184528969469512,0.9748908296943232,0.022558640894680383,0.968353271484375
ID15,v6_flipLR_rot180,44,32,176,128,4.787307364817192,0.44642219796862453,1.7188947965600327,0.973019120429479,0.024537274375243695,0.9664306640625
ID15,v6_flipLR_rot180,45,62,180,248,4.370193722368317,0.29455047705671156,1.7139759259441656,0.984610422522232,0.019819213664194004,0.9794464111328125
ID15,v6_flipLR_rot180,46,15,184,60,5.170882945826411,0.4502782486198246,1.718284489618451,0.9771324139202014,0.0195764538992238,0.9710235595703125
ID15,v6_flipLR_rot180,47,0,188,0,4.787307364817192,0.42664589869146763,1.7218151349209092,0.9648817588372952,0.028766815967522626,0.9562835693359375
ID15,v6_flipLR_rot180,48,5,192,20,4.787307364817192,0.446345639147739,1.7202985900328738,0.9661866962033105,0.026170272935801996,0.95849609375
ID15,v6_flipLR_rot180,48,38,192,152,5.170882945826411,0.4412348144906473,1.7211122556161929,0.9761601204282576,0.022029416542967705,0.9704132080078125
ID16,v0_rot0,0,8,0,32,6.753850654078892,0.23026048335566315,1.7233264297461737,0.9970531201807826,0.0031419284322008684,0.996795654296875
ID16,v0_rot0,0,36,0,144,7.225151993843567,1.686444666943184,1.7238503801398164,0.9978172604328845,0.0022897556126768724,0.9975128173828125
ID16,v0_rot0,0,61,0,244,,,,,,0.999176025390625
ID16,v0_rot0,1,24,4,96,6.753850654078892,0.17111252531692886,1.7238521987975437,0.9978166605594235,0.002734072023552861,0.9972076416015625
ID16,v0_rot0,1,44,4,176,8.291859587312052,1.706442690323095,1.7211214212871844,0.9987030029296875,0.0010785802414820915,0.9987030029296875
ID16,v0_rot0,2,0,8,0,6.282549314314218,0.2134797987687969,1.7215375832560924,0.9974498755478186,0.002986304803792579,0.9967041015625
ID16,v0_rot0,2,4,8,16,6.282549314314218,0.2134797987687969,1.7215371888909818,0.9974501091719726,0.002842126100883991,0.996795654296875
ID16,v0_rot0,2,13,8,52,6.753850654078892,0.17111252531692886,1.7238521987975437,0.9978166605594235,0.002734072023552861,0.9972076416015625
ID16,v0_rot0,3,35,12,140,7.225151993843567,1.686444666943184,1.7238517945649996,0.9978167938931297,0.0026259877524281096,0.997283935546875
ID16,v0_rot0,4,9,16,36,6.753850654078892,0.23026048335566315,1.724701628478398,0.9967482405386013,0.003141448770440002,0.9969482421875
ID16,v0_rot0,4,36,16,144,7.225151993843567,1.686444666943184,1.7238493702061661,0.9978175935535071,0.002097623444761514,0.9976654052734375
ID16,v0_rot0,4,58,16,232,8.291859587312052,1.706442690323095,1.7210650170864874,0.9988555908203125,0.0009347695426178126,0.999176025390625
ID16,v0_rot0,4,61,16,244,,,,,,0.999176025390625
ID16,v0_rot0,7,7,28,28,6.282549314314218,0.2134797987687969,1.7218786490689204,0.9973752479780253,0.002109416706210146,0.9973602294921875
ID16,v0_rot0,9,36,36,144,7.225151993843567,1.8067466449567586,1.7201717186540406,0.9990539117696428,0.0009467971084552579,0.9990692138671875
ID16,v0_rot0,9,42,36,168,,,,,,1.0
ID16,v0_rot0,10,30,40,120,,,,,,0.9990692138671875
ID16,v0_rot0,10,48,40,192,,,,,,1.0
ID16,v0_rot0,10,64,40,256,,,,,,1.0
ID16,v0_rot0,11,24,44,96,,,,,,0.9990692138671875
ID16,v0_rot0,11,27,44,108,,,,,,0.9990692138671875
ID16,v0_rot0,14,25,56,100,,,,,,0.99932861328125
ID16,v0_rot0,14,44,56,176,,,,,,1.0
ID16,v0_rot0,15,10,60,40,7.225151993843567,0.18325929850803496,1.7206612489286464,0.9982297373601722,0.0011866012205098263,0.9983673095703125
ID16,v0_rot0,17,15,68,60,,,,,,0.9992218017578125
ID16,v0_rot0,17,28,68,112,,,,,,0.9992218017578125
ID16,v0_rot0,18,1,72,4,7.225151993843567,0.18325929850803496,1.7206855866403468,0.998183871558513,0.0015102888802282903,0.9980010986328125
ID16,v0_rot0,18,27,72,108,,,,,,0.9992218017578125
ID16,v0_rot0,19,37,76,148,,,,,,0.999847412109375
ID16,v0_rot0,21,32,84,128,,,,,,0.9992218017578125
ID16,v0_rot0,22,0,88,0,7.225151993843567,0.18325929850803496,1.7206855866403468,0.998183871558513,0.0015222752999126416,0.9980010986328125
ID16,v0_rot0,22,7,88,28,7.225151993843567,0.18325929850803496,1.7206852705076672,0.9981840378452617,0.0013783120523532207,0.9980926513671875
ID16,v0_rot0,22,47,88,188,,,,,,0.9998931884765625
ID16,v0_rot0,23,47,92,188,,,,,,0.9998931884765625
ID16,v0_rot0,24,21,96,84,,,,,,0.9992218017578125
ID16,v0_rot0,25,25,100,100,,,,,,0.9992218017578125
ID16,v0_rot0,25,52,100,208,,,,,,0.9998931884765625
ID16,v0_rot0,25,53,100,212,,,,,,0.9998931884765625
ID16,v0_rot0,27,39,108,156,,,,,,0.9998931884765625
ID16,v0_rot0,28,1,112,4,6.00622967933038,0.22996925105129123,1.7209405996411153,0.9979395604395604,0.0018580084756807766,0.9976959228515625
ID16,v0_rot0,28,21,112,84,,,,,,0.9989166259765625
ID16,v0_rot0,28,60,112,240,,,,,,0.9998931884765625
ID16,v0_rot0,28,64,112,256,,,,,,0.9998931884765625
ID16,v0_rot0,30,11,120,44,,,,,,0.9989166259765625
ID16,v0_rot0,31,15,124,60,,,,,,0.9989166259765625
ID16,v0_rot0,32,44,128,176,,,,,,0.9998931884765625
ID16,v0_rot0,32,59,128,236,,,,,,0.9998931884765625
ID16,v0_rot0,33,54,132,216,,,,,,0.9998931884765625
ID16,v0_rot0,34,33,136,132,7.225151993843567,1.8152293425191854,1.7187893459180934,0.9993589939257044,0.0008630485602487145,0.999542236328125
ID16,v0_rot0,34,55,136,220,,,,,,0.9998931884765625
ID16,v0_rot0,36,12,144,48,,,,,,0.999542236328125
ID16,v0_rot0,36,15,144,60,,,,,,0.999542236328125
ID16,v0_rot0,37,12,148,48,,,,,,0.9995880126953125
ID16,v0_rot0,37,47,148,188,,,,,,0.9998931884765625
ID16,v0_rot0,37,61,148,244,,,,,,0.9998931884765625
ID16,v0_rot0,38,17,152,68,,,,,,0.9995880126953125
ID16,v0_rot0,38,41,152,164,,,,,,0.9998931884765625
ID16,v0_rot0,39,59,156,236,,,,,,0.9998931884765625
ID16,v0_rot0,40,55,160,220,,,,,,0.9998931884765625
ID16,v0_rot0,42,5,168,20,,,,,,0.99969482421875
ID16,v0_rot0,42,6,168,24,,,,,,0.99969482421875
ID16,v0_rot0,42,39,168,156,,,,,,0.9998931884765625
ID16,v0_rot0,42,54,168,216,,,,,,0.9998931884765625
ID16,v0_rot0,44,1,176,4,,,,,,0.99969482421875
ID16,v0_rot0,44,57,176,228,,,,,,0.9998931884765625
ID16,v0_rot0,47,23,188,92,5.170882945826411,0.392410426312591,1.7193421363803312,0.9982143947255967,0.0012585740668569086,0.999267578125
ID16,v0_rot0,48,20,192,80,7.967467080686264,0.40893241456712137,1.7314726883436342,0.9954974892779194,0.0021217581910796617,0.9952392578125
ID16,v2_rot180,0,2,0,8,4.787307364817192,0.49814658051279925,1.7218795642374352,0.9945506998610962,0.00200206818932691,0.99420166015625
ID16,v2_rot180,0,14,0,56,4.787307364817192,0.49814658051279925,1.7218795642374352,0.9945506998610962,0.00200206818932691,0.99420166015625
ID16,v2_rot180,0,34,0,136,,,,,,0.999725341796875
ID16,v2_rot180,2,44,8,176,,,,,,1.0
ID16,v2_rot180,3,36,12,144,,,,,,0.9997711181640625
ID16,v2_rot180,3,64,12,256,,,,,,0.9998931884765625
ID16,v2_rot180,4,11,16,44,,,,,,0.99957275390625
ID16,v2_rot180,4,34,16,136,,,,,,0.999725341796875
ID16,v2_rot180,6,5,24,20,,,,,,0.99957275390625
ID16,v2_rot180,6,12,24,48,,,,,,0.99957275390625
ID16,v2_rot180,6,19,24,76,,,,,,0.99957275390625
ID16,v2_rot180,6,44,24,176,,,,,,1.0
ID16,v2_rot180,7,13,28,52,,,,,,0.9994659423828125
ID16,v2_rot180,7,17,28,68,,,,,,0.9994659423828125
ID16,v2_rot180,8,25,32,100,,,,,,0.9994659423828125
ID16,v2_rot180,9,24,36,96,,,,,,0.9994659423828125
ID16,v2_rot180,9,53,36,212,,,,,,1.0
ID16,v2_rot180,10,6,40,24,,,,,,0.9994659423828125
ID16,v2_rot180,10,26,40,104,,,,,,0.9994659423828125
ID16,v2_rot180,10,49,40,196,,,,,,1.0
ID16,v2_rot180,12,41,48,164,,,,,,0.9998931884765625
ID16,v2_rot180,15,56,60,224,,,,,,1.0
ID16,v2_rot180,16,62,64,248,,,,,,0.9998931884765625
ID16,v2_rot180,17,5,68,20,,,,,,0.9994659423828125
ID16,v2_rot180,17,25,68,100,,,,,,0.9994659423828125
ID16,v2_rot180,17,39,68,156,,,,,,0.9998931884765625
ID16,v2_rot180,18,18,72,72,,,,,,0.9994659423828125
ID16,v2_rot180,18,50,72,200,,,,,,1.0
ID16,v2_rot180,18,51,72,204,,,,,,1.0
ID16,v2_rot180,18,57,72,228,,,,,,0.9998931884765625
ID16,v2_rot180,19,5,76,20,,,,,,0.9994659423828125
ID16,v2_rot180,19,53,76,212,,,,,,1.0
ID16,v2_rot180,19,59,76,236,,,,,,0.9998931884765625
ID16,v2_rot180,20,19,80,76,,,,,,0.9994659423828125
ID16,v2_rot180,21,16,84,64,,,,,,0.9994659423828125
ID16,v2_rot180,21,35,84,140,,,,,,0.9996185302734375
ID16,v2_rot180,22,53,88,212,,,,,,1.0
ID16,v2_rot180,23,44,92,176,,,,,,0.9998931884765625
ID16,v2_rot180,23,51,92,204,,,,,,1.0
ID16,v2_rot180,23,61,92,244,,,,,,0.9998931884765625
ID16,v2_rot180,25,48,100,192,,,,,,0.9998931884765625
ID16,v2_rot180,25,53,100,212,,,,,,1.0
ID16,v2_rot180,26,47,104,188,,,,,,0.9998931884765625
ID16,v2_rot180,27,51,108,204,,,,,,1.0
ID16,v2_rot180,29,2,116,8,,,,,,0.9994659423828125
ID16,v2_rot180,30,8,120,32,,,,,,0.9994659423828125
ID16,v2_rot180,33,25,132,100,,,,,,0.9995574951171875
ID16,v2_rot180,34,33,136,132,,,,,,0.9995574951171875
ID16,v2_rot180,35,26,140,104,,,,,,0.9995574951171875
ID16,v2_rot180,35,40,140,160,,,,,,0.9998931884765625
ID16,v2_rot180,35,62,140,248,,,,,,1.0
ID16,v2_rot180,36,6,144,24,,,,,,0.9997100830078125
ID16,v2_rot180,36,11,144,44,,,,,,0.9997100830078125
ID16,v2_rot180,36,38,144,152,,,,,,0.9998931884765625
ID16,v2_rot180,37,40,148,160,,,,,,0.9998931884765625
ID16,v2_rot180,40,47,160,188,,,,,,0.9997406005859375
ID16,v2_rot180,42,3,168,12,,,,,,0.9994049072265625
ID16,v2_rot180,43,36,172,144,,,,,,0.999359130859375
ID16,v2_rot180,44,3,176,12,,,,,,0.999267578125
ID16,v2_rot180,45,24,180,96,,,,,,0.999176025390625
ID16,v2_rot180,48,30,192,120,,,,,,0.9987945556640625
ID16,v2_rot180,48,35,192,140,,,,,,0.9987945556640625
ID16,v2_rot180,48,42,192,168,,,,,,0.9987945556640625
ID16,v2_rot180,48,59,192,236,,,,,,0.99859619140625
ID16,v4_flipLR,2,16,8,64,,,,,,0.999053955078125
ID16,v4_flipLR,2,23,8,92,,,,,,0.999053955078125
ID16,v4_flipLR,3,10,12,40,,,,,,0.9991607666015625
ID16,v4_flipLR,3,41,12,164,,,,,,0.9991607666015625
ID16,v4_flipLR,4,2,16,8,,,,,,0.9992523193359375
ID16,v4_flipLR,5,28,20,112,,,,,,0.9993438720703125
ID16,v4_flipLR,5,39,20,156,,,,,,0.9993438720703125
ID16,v4_flipLR,6,33,24,132,,,,,,0.9993896484375
ID16,v4_flipLR,6,52,24,208,,,,,,0.9995574951171875
ID16,v4_flipLR,7,34,28,136,,,,,,0.999542236328125
ID16,v4_flipLR,7,53,28,212,,,,,,0.9997100830078125
ID16,v4_flipLR,8,33,32,132,,,,,,0.9995880126953125
ID16,v4_flipLR,12,42,48,168,,,,,,0.9998779296875
ID16,v4_flipLR,13,54,52,216,,,,,,1.0
ID16,v4_flipLR,14,26,56,104,,,,,,0.99957275390625
ID16,v4_flipLR,15,36,60,144,,,,,,0.9997406005859375
ID16,v4_flipLR,16,53,64,212,,,,,,1.0
ID16,v4_flipLR,17,49,68,196,,,,,,1.0
ID16,v4_flipLR,19,3,76,12,,,,,,0.999481201171875
ID16,v4_flipLR,21,5,84,20,,,,,,0.999481201171875
ID16,v4_flipLR,21,10,84,40,,,,,,0.999481201171875
ID16,v4_flipLR,21,62,84,248,,,,,,0.9999237060546875
ID16,v4_flipLR,23,25,92,100,,,,,,0.999481201171875
ID16,v4_flipLR,25,44,100,176,,,,,,0.9998779296875
ID16,v4_flipLR,27,35,108,140,,,,,,0.999603271484375
ID16,v4_flipLR,28,43,112,172,,,,,,0.9998779296875
ID16,v4_flipLR,29,28,116,112,,,,,,0.999481201171875
ID16,v4_flipLR,30,36,120,144,,,,,,0.9996490478515625
ID16,v4_flipLR,32,25,128,100,,,,,,0.999481201171875
ID16,v4_flipLR,33,42,132,168,,,,,,0.9998779296875
ID16,v4_flipLR,34,28,136,112,,,,,,0.999481201171875
ID16,v4_flipLR,34,53,136,212,,,,,,1.0
ID16,v4_flipLR,35,9,140,36,,,,,,0.999481201171875
ID16,v4_flipLR,36,51,144,204,,,,,,1.0
ID16,v4_flipLR,37,1,148,4,,,,,,0.999481201171875
ID16,v4_flipLR,38,37,152,148,,,,,,0.9998321533203125
ID16,v4_flipLR,38,39,152,156,,,,,,0.9998779296875
ID16,v4_flipLR,40,17,160,68,,,,,,0.999481201171875
ID16,v4_flipLR,40,26,160,104,,,,,,0.999481201171875
ID16,v4_flipLR,40,51,160,204,,,,,,1.0
ID16,v4_flipLR,41,24,164,96,,,,,,0.999481201171875
ID16,v4_flipLR,41,25,164,100,,,,,,0.999481201171875
ID16,v4_flipLR,42,27,168,108,,,,,,0.999603271484375
ID16,v4_flipLR,42,40,168,160,,,,,,1.0
ID16,v4_flipLR,44,2,176,8,,,,,,0.999603271484375
ID16,v4_flipLR,44,9,176,36,,,,,,0.999603271484375
ID16,v4_flipLR,44,58,176,232,,,,,,0.9999237060546875
ID16,v4_flipLR,44,60,176,240,,,,,,0.9999237060546875
ID16,v4_flipLR,46,14,184,56,,,,,,0.999603271484375
ID16,v4_flipLR,46,62,184,248,,,,,,0.9999237060546875
ID16,v4_flipLR,48,15,192,60,6.093292192574555,0.4722553763143785,1.7219378113941062,0.9950232806655981,0.001918383423304965,0.9945526123046875
ID16,v4_flipLR,48,33,192,132,,,,,,0.999603271484375
ID16,v6_flipLR_rot180,0,32,0,128,10.133783650298815,1.785446911272986,1.7205782120629594,0.9966879836383339,0.001594315476912966,0.996429443359375
ID16,v6_flipLR_rot180,1,17,4,68,5.170882945826411,0.39563801652982494,1.7198462523003828,0.9980159941395519,0.0013544654243317204,0.9992523193359375
ID16,v6_flipLR_rot180,3,23,12,92,,,,,,0.99957275390625
ID16,v6_flipLR_rot180,3,29,12,116,,,,,,0.99957275390625
ID16,v6_flipLR_rot180,4,14,16,56,,,,,,0.99957275390625
ID16,v6_flipLR_rot180,4,23,16,92,,,,,,0.99957275390625
ID16,v6_flipLR_rot180,4,50,16,200,,,,,,0.9998931884765625
ID16,v6_flipLR_rot180,5,41,20,164,,,,,,0.9998931884765625
ID16,v6_flipLR_rot180,6,32,24,128,,,,,,0.99957275390625
ID16,v6_flipLR_rot180,6,39,24,156,,,,,,0.9998931884765625
ID16,v6_flipLR_rot180,7,31,28,124,,,,,,0.99957275390625
ID16,v6_flipLR_rot180,7,35,28,140,,,,,,0.99957275390625
ID16,v6_flipLR_rot180,8,41,32,164,,,,,,0.9998931884765625
ID16,v6_flipLR_rot180,9,47,36,188,,,,,,0.9998931884765625
ID16,v6_flipLR_rot180,9,62,36,248,,,,,,0.9998931884765625
ID16,v6_flipLR_rot180,10,35,40,140,,,,,,0.99957275390625
ID16,v6_flipLR_rot180,11,44,44,176,,,,,,0.9998931884765625
ID16,v6_flipLR_rot180,13,52,52,208,,,,,,0.9998931884765625
ID16,v6_flipLR_rot180,14,17,56,68,,,,,,0.9995269775390625
ID16,v6_flipLR_rot180,14,31,56,124,,,,,,0.9995269775390625
ID16,v6_flipLR_rot180,14,34,56,136,7.225151993843567,1.806712046910295,1.71894880535408,0.9993437318763163,0.0008630485602487145,0.9995269775390625
ID16,v6_flipLR_rot180,14,61,56,244,,,,,,0.9998931884765625
ID16,v6_flipLR_rot180,16,20,64,80,,,,,,0.9989013671875
ID16,v6_flipLR_rot180,16,21,64,84,,,,,,0.9989013671875
ID16,v6_flipLR_rot180,17,9,68,36,6.071821376604751,0.21854213722214047,1.720854159268639,0.9981684702147469,0.001702201486628881,0.998565673828125
ID16,v6_flipLR_rot180,18,57,72,228,,,,,,0.9998931884765625
ID16,v6_flipLR_rot180,19,9,76,36,6.071821376604751,0.21854213722214047,1.721236307106178,0.9979090034951693,0.0018939988372349522,0.997650146484375
ID16,v6_flipLR_rot180,19,21,76,84,,,,,,0.9989013671875
ID16,v6_flipLR_rot180,19,35,76,140,7.225151993843567,1.806712046910295,1.7196997087807153,0.9991148011354964,0.0010068899869568337,0.9989013671875
ID16,v6_flipLR_rot180,20,17,80,68,,,,,,0.9989013671875
ID16,v6_flipLR_rot180,21,13,84,52,,,,,,0.9991607666015625
ID16,v6_flipLR_rot180,22,9,88,36,7.225151993843567,0.1755731964848266,1.721101853213293,0.998107419221905,0.001702201486628881,0.9979095458984375
ID16,v6_flipLR_rot180,22,48,88,192,,,,,,0.9998931884765625
ID16,v6_flipLR_rot180,22,62,88,248,,,,,,0.9998931884765625
ID16,v6_flipLR_rot180,23,63,92,252,,,,,,0.9998931884765625
ID16,v6_flipLR_rot180,24,3,96,12,7.225151993843567,0.1755731964848266,1.7210598803178114,0.9981687776590874,0.0014022826967419724,0.998077392578125
ID16,v6_flipLR_rot180,26,7,104,28,7.225151993843567,0.1755731964848266,1.7210598803178114,0.9981687776590874,0.0014022826967419724,0.998077392578125
ID16,v6_flipLR_rot180,27,62,108,248,,,,,,0.9998931884765625
ID16,v6_flipLR_rot180,28,12,112,48,,,,,,0.9992218017578125
ID16,v6_flipLR_rot180,29,52,116,208,,,,,,0.9998931884765625
ID16,v6_flipLR_rot180,30,46,120,184,,,,,,0.9998931884765625
ID16,v6_flipLR_rot180,31,25,124,100,,,,,,0.9992218017578125
ID16,v6_flipLR_rot180,31,39,124,156,,,,,,0.9998931884765625
ID16,v6_flipLR_rot180,32,8,128,32,7.225151993843567,0.1755731964848266,1.7210598803178114,0.9981687776590874,0.0014022826967419724,0.998077392578125
ID16,v6_flipLR_rot180,32,22,128,88,,,,,,0.9992218017578125
ID16,v6_flipLR_rot180,33,7,132,28,7.225151993843567,0.1755731964848266,1.7210598803178114,0.9981687776590874,0.0014022826967419724,0.998077392578125
ID16,v6_flipLR_rot180,33,8,132,32,7.225151993843567,0.1755731964848266,1.7210598803178114,0.9981687776590874,0.0014022826967419724,0.998077392578125
ID16,v6_flipLR_rot180,33,32,132,128,,,,,,0.99932861328125
ID16,v6_flipLR_rot180,34,25,136,100,,,,,,0.99932861328125
ID16,v6_flipLR_rot180,35,15,140,60,,,,,,0.99932861328125
ID16,v6_flipLR_rot180,35,28,140,112,,,,,,0.99932861328125
ID16,v6_flipLR_rot180,35,32,140,128,7.225151993843567,1.806712046910295,1.7199203281513042,0.9992217661330932,0.000719086411485006,0.99932861328125
ID16,v6_flipLR_rot180,35,43,140,172,,,,,,1.0
ID16,v6_flipLR_rot180,35,52,140,208,,,,,,1.0
ID16,v6_flipLR_rot180,36,34,144,136,7.225151993843567,1.806712046910295,1.7201980742616763,0.9991149497199884,0.0008269493732077569,0.9990692138671875
ID16,v6_flipLR_rot180,37,50,148,200,,,,,,1.0
ID16,v6_flipLR_rot180,38,1,152,4,6.071821376604751,0.21854213722214047,1.7217348278281424,0.9979091630547585,0.0018219357920214293,0.9977264404296875
ID16,v6_flipLR_rot180,38,18,152,72,,,,,,0.9990692138671875
ID16,v6_flipLR_rot180,39,14,156,56,,,,,,0.9990692138671875
ID16,v6_flipLR_rot180,39,62,156,248,,,,,,1.0
ID16,v6_flipLR_rot180,40,33,160,132,6.902338318161554,1.7506014773588665,1.7213963148028024,0.998535089191705,0.00122244689952451,0.9990692138671875
ID16,v6_flipLR_rot180,41,3,164,12,6.579524642479541,0.20915389821906966,1.7219412448338787,0.9973905081641996,0.0020255194508495156,0.9972991943359375
ID16,v6_flipLR_rot180,42,7,168,28,6.579524642479541,0.20915389821906966,1.7222077259344708,0.9973292636398321,0.002217453799748614,0.99725341796875
ID16,v6_flipLR_rot180,42,11,168,44,6.902338318161554,0.16175820941363014,1.7233783512444887,0.9978635087290929,0.0019177100803258412,0.998504638671875
ID16,v6_flipLR_rot180,42,51,168,204,8.214724333230155,1.6936410333574923,1.720538736614629,0.9988250732421875,0.0008748484180910297,0.999481201171875
ID16,v6_flipLR_rot180,43,2,172,8,6.579524642479541,0.20915389821906966,1.7219424729568245,0.9973897911832946,0.002445677514548166,0.997039794921875
ID16,v6_flipLR_rot180,44,6,176,24,6.579524642479541,0.20915389821906966,1.721943019005898,0.9973894723986322,0.00258985715824757,0.9969024658203125
ID16,v6_flipLR_rot180,44,8,176,32,6.902338318161554,0.22310495915304293,1.7236069274130035,0.9970078163165608,0.002865628985283191,0.9969024658203125
ID16,v6_flipLR_rot180,46,47,184,188,8.214724333230155,1.6936410333574923,1.7212039749953605,0.9986724853515625,0.0010306433418606651,0.9986724853515625
ID16,v6_flipLR_rot180,46,61,184,244,,,,,,0.9991912841796875
ID16,v6_flipLR_rot180,47,19,188,76,6.902338318161554,0.16175820941363014,1.7239343473369044,0.9977861581446479,0.0026740734756955428,0.9971923828125
ID16,v6_flipLR_rot180,48,33,192,132,7.225151993843567,1.6777393459500491,1.7239343473369044,0.9977861581446479,0.0026740734756955428,0.9971923828125
ID16,v6_flipLR_rot180,48,42,192,168,8.214724333230155,1.6936410333574923,1.7212039749953605,0.9986724853515625,0.0010306433418606651,0.9986724853515625
ID17,v0_rot0,1,45,4,180,8.214724333230155,1.665876015038296,1.7165494560934071,0.9986565090609304,0.0014508660596188035,0.99884033203125
ID17,v0_rot0,2,41,8,164,,,,,,0.9989013671875
ID17,v0_rot0,3,60,12,240,8.214724333230155,1.665876015038296,1.716537696829923,0.9985649950385467,0.0014627673602700358,0.9980926513671875
ID17,v0_rot0,4,43,16,172,,,,,,0.9989013671875
ID17,v0_rot0,4,60,16,240,8.214724333230155,1.665876015038296,1.716537696829923,0.9985649950385467,0.0014627673602700358,0.9980926513671875
ID17,v0_rot0,4,61,16,244,8.214724333230155,1.665876015038296,1.716537696829923,0.9985649950385467,0.0014627673602700358,0.9980926513671875
ID17,v0_rot0,4,64,16,256,8.214724333230155,1.665876015038296,1.716537696829923,0.9985649950385467,0.0014627673602700358,0.9980926513671875
ID17,v0_rot0,5,11,20,44,,,,,,0.999542236328125
ID17,v0_rot0,7,34,28,136,,,,,,0.9989013671875
ID17,v0_rot0,8,6,32,24,,,,,,0.9999237060546875
ID17,v0_rot0,8,9,32,36,,,,,,0.9999237060546875
ID17,v0_rot0,13,14,52,56,,,,,,0.99957275390625
ID17,v0_rot0,14,43,56,172,,,,,,0.9989013671875
ID17,v0_rot0,14,53,56,212,8.214724333230155,1.665876015038296,1.716537696829923,0.9985649950385467,0.0014627673602700358,0.9980926513671875
ID17,v0_rot0,15,57,60,228,8.214724333230155,1.665876015038296,1.716537696829923,0.9985649950385467,0.0014627673602700358,0.9980926513671875
ID17,v0_rot0,17,2,68,8,,,,,,0.9993438720703125
ID17,v0_rot0,18,44,72,176,,,,,,0.9989013671875
ID17,v0_rot0,19,8,76,32,,,,,,0.9992218017578125
ID17,v0_rot0,19,45,76,180,8.214724333230155,1.665876015038296,1.7165493729489023,0.998656591099916,0.0013428683963134754,0.9989013671875
ID17,v0_rot0,21,0,84,0,,,,,,0.9992218017578125
ID17,v0_rot0,21,52,84,208,8.214724333230155,1.665876015038296,1.716537696829923,0.9985649950385467,0.0014627673602700358,0.9980926513671875
ID17,v0_rot0,21,53,84,212,8.214724333230155,1.665876015038296,1.716537696829923,0.9985649950385467,0.0014627673602700358,0.9980926513671875
ID17,v0_rot0,21,57,84,228,8.214724333230155,1.665876015038296,1.716537696829923,0.9985649950385467,0.0014627673602700358,0.9980926513671875
ID17,v0_rot0,22,12,88,48,,,,,,0.999267578125
ID17,v0_rot0,28,17,112,68,,,,,,0.99957275390625
ID17,v0_rot0,28,20,112,80,,,,,,0.99957275390625
ID17,v0_rot0,28,50,112,200,8.214724333230155,1.665876015038296,1.716537696829923,0.9985649950385467,0.0014627673602700358,0.9980926513671875
ID17,v0_rot0,29,35,116,140,,,,,,0.9989013671875
ID17,v0_rot0,30,16,120,64,,,,,,0.99957275390625
ID17,v0_rot0,30,58,120,232,8.214724333230155,1.665876015038296,1.716537696829923,0.9985649950385467,0.0014627673602700358,0.9980926513671875
ID17,v0_rot0,31,58,124,232,8.214724333230155,1.665876015038296,1.716537696829923,0.9985649950385467,0.0014627673602700358,0.9980926513671875
ID17,v0_rot0,31,63,124,252,8.214724333230155,1.665876015038296,1.716537696829923,0.9985649950385467,0.0014627673602700358,0.9980926513671875
ID17,v0_rot0,32,32,128,128,,,,,,0.9993743896484375
ID17,v0_rot0,33,30,132,120,,,,,,0.9993743896484375
ID17,v0_rot0,34,14,136,56,,,,,,0.99945068359375
ID17,v0_rot0,34,28,136,112,,,,,,0.9993743896484375
ID17,v0_rot0,36,40,144,160,,,,,,0.9989013671875
ID17,v0_rot0,37,10,148,40,,,,,,0.999267578125
ID17,v0_rot0,37,42,148,168,7.225151993843567,1.7400475566067615,1.717271845907346,0.9991145714067629,0.0012109795359612591,0.9989013671875
ID17,v0_rot0,38,45,152,180,7.225151993843567,1.7400475566067615,1.717568791802141,0.998992443324937,0.0013188886035221635,0.9989013671875
ID17,v0_rot0,41,2,164,8,,,,,,0.9988555908203125
ID17,v0_rot0,41,7,164,28,,,,,,0.9988555908203125
ID17,v0_rot0,43,12,172,48,,,,,,0.9988555908203125
ID17,v0_rot0,43,23,172,92,,,,,,0.9992828369140625
ID17,v0_rot0,43,58,172,232,,,,,,0.9995269775390625
ID17,v0_rot0,44,15,176,60,,,,,,0.9991607666015625
ID17,v0_rot0,45,18,180,72,,,,,,0.9991607666015625
ID17,v0_rot0,45,40,180,160,,,,,,0.999114990234375
ID17,v0_rot0,46,20,184,80,,,,,,0.9991607666015625
ID17,v0_rot0,46,27,184,108,,,,,,0.9995880126953125
ID17,v0_rot0,47,1,188,4,,,,,,0.9988555908203125
ID17,v0_rot0,47,26,188,104,,,,,,0.9995880126953125
ID17,v0_rot0,48,34,192,136,5.863230142835039,1.8280140104991416,1.7163924366130323,0.9993282955499581,0.0010671007792133868,0.9988555908203125
ID17,v0_rot0,48,49,192,196,,,,,,0.999267578125
ID17,v2_rot180,3,32,12,128,,,,,,0.9993743896484375
ID17,v2_rot180,3,34,12,136,,,,,,0.9993743896484375
ID17,v2_rot180,3,39,12,156,,,,,,0.9993743896484375
ID17,v2_rot180,4,20,16,80,,,,,,0.999847412109375
ID17,v2_rot180,5,13,20,52,,,,,,0.999755859375
ID17,v2_rot180,5,22,20,88,,,,,,0.999847412109375
ID17,v2_rot180,6,62,24,248,,,,,,0.9995269775390625
ID17,v2_rot180,7,3,28,12,,,,,,0.999725341796875
ID17,v2_rot180,7,15,28,60,,,,,,0.999847412109375
ID17,v2_rot180,7,51,28,204,,,,,,0.9995269775390625
ID17,v2_rot180,8,35,32,140,,,,,,0.9993743896484375
ID17,v2_rot180,9,3,36,12,,,,,,0.999725341796875
ID17,v2_rot180,9,29,36,116,,,,,,0.999847412109375
ID17,v2_rot180,11,46,44,184,,,,,,0.9987945556640625
ID17,v2_rot180,12,43,48,172,,,,,,0.9993743896484375
ID17,v2_rot180,12,48,48,192,,,,,,0.9988555908203125
ID17,v2_rot180,14,15,56,60,,,,,,0.999847412109375
ID17,v2_rot180,14,24,56,96,,,,,,0.9990234375
ID17,v2_rot180,15,4,60,16,,,,,,0.999725341796875
ID17,v2_rot180,17,17,68,68,,,,,,0.999847412109375
ID17,v2_rot180,17,21,68,84,,,,,,0.9990234375
ID17,v2_rot180,19,52,76,208,8.291859587312052,1.6765318483921088,1.716712322619799,0.9985955270590031,0.0014627673602700358,0.9981231689453125
ID17,v2_rot180,19,53,76,212,8.291859587312052,1.6765318483921088,1.716712322619799,0.9985955270590031,0.0014627673602700358,0.9981231689453125
ID17,v2_rot180,21,36,84,144,,,,,,0.9985504150390625
ID17,v2_rot180,22,35,88,140,,,,,,0.9985504150390625
ID17,v2_rot180,24,41,96,164,,,,,,0.9985504150390625
ID17,v2_rot180,24,43,96,172,8.291859587312052,1.6765318483921088,1.716169136764971,0.998824337735705,0.001570916244065436,0.9985504150390625
ID17,v2_rot180,24,64,96,256,8.291859587312052,1.6765318483921088,1.716712322619799,0.9985955270590031,0.0014627673602700358,0.9981231689453125
ID17,v2_rot180,25,2,100,8,,,,,,0.999664306640625
ID17,v2_rot180,26,33,104,132,,,,,,0.9985504150390625
ID17,v2_rot180,26,42,104,168,,,,,,0.9985504150390625
ID17,v2_rot180,26,52,104,208,8.291859587312052,1.6765318483921088,1.716712322619799,0.9985955270590031,0.0014627673602700358,0.9981231689453125
ID17,v2_rot180,26,62,104,248,8.291859587312052,1.6765318483921088,1.716712322619799,0.9985955270590031,0.0014627673602700358,0.9981231689453125
ID17,v2_rot180,27,50,108,200,8.291859587312052,1.6765318483921088,1.716712322619799,0.9985955270590031,0.0014627673602700358,0.9981231689453125
ID17,v2_rot180,28,14,112,56,,,,,,0.999786376953125
ID17,v2_rot180,28,62,112,248,8.291859587312052,1.6765318483921088,1.716712322619799,0.9985955270590031,0.0014627673602700358,0.9981231689453125
ID17,v2_rot180,30,57,120,228,8.291859587312052,1.6765318483921088,1.716712322619799,0.9985955270590031,0.0014627673602700358,0.9981231689453125
ID17,v2_rot180,30,63,120,252,8.291859587312052,1.6765318483921088,1.716712322619799,0.9985955270590031,0.0014627673602700358,0.9981231689453125
ID17,v2_rot180,32,38,128,152,,,,,,0.9987030029296875
ID17,v2_rot180,33,43,132,172,7.62382796280705,1.8026625324315315,1.7162887964647244,0.9986718571101443,0.0014267976710830676,0.9985504150390625
ID17,v2_rot180,34,17,136,68,,,,,,0.999786376953125
ID17,v2_rot180,34,54,136,216,8.291859587312052,1.6765318483921088,1.716712322619799,0.9985955270590031,0.0014627673602700358,0.9981231689453125
ID17,v2_rot180,35,43,140,172,7.62382796280705,1.8026625324315315,1.7162887964647244,0.9986718571101443,0.0014267976710830676,0.9985504150390625
ID17,v2_rot180,36,27,144,108,,,,,,0.9990234375
ID17,v2_rot180,36,60,144,240,8.291859587312052,1.6765318483921088,1.716712322619799,0.9985955270590031,0.0014627673602700358,0.9981231689453125
ID17,v2_rot180,38,9,152,36,,,,,,0.999786376953125
ID17,v2_rot180,38,11,152,44,,,,,,0.999786376953125
ID17,v2_rot180,38,48,152,192,7.62382796280705,1.8026625324315315,1.716832109804984,0.9984428669567209,0.0016306259098092203,0.9979705810546875
ID17,v2_rot180,38,56,152,224,8.291859587312052,1.6765318483921088,1.716712322619799,0.9985955270590031,0.0014627673602700358,0.9981231689453125
ID17,v2_rot180,39,15,156,60,,,,,,0.999786376953125
ID17,v2_rot180,40,42,160,168,8.291859587312052,1.8600268499746593,1.715817924903166,0.9988703152431112,0.0013188886035221635,0.9985504150390625
ID17,v2_rot180,42,2,168,8,,,,,,0.999786376953125
ID17,v2_rot180,42,5,168,20,,,,,,0.999786376953125
ID17,v2_rot180,42,42,168,168,8.291859587312052,1.8600268499746593,1.715817924903166,0.9988703152431112,0.0013188886035221635,0.9985504150390625
ID17,v2_rot180,43,36,172,144,8.291859587312052,1.8600268499746593,1.71545571600966,0.9990229753453935,0.001175009846774291,0.9985504150390625
ID17,v2_rot180,44,48,176,192,7.62382796280705,1.8026625324315315,1.716832109804984,0.9984428669567209,0.0016306259098092203,0.9979705810546875
ID17,v2_rot180,45,44,180,176,7.62382796280705,1.8026625324315315,1.7166510053582307,0.998519197007862,0.001534706738643972,0.9985504150390625
ID17,v2_rot180,45,49,180,196,8.291859587312052,1.6765318483921088,1.716712322619799,0.9985955270590031,0.0014627673602700358,0.9981231689453125
ID17,v2_rot180,46,6,184,24,,,,,,0.999786376953125
ID17,v2_rot180,46,29,184,116,,,,,,0.9990234375
ID17,v2_rot180,47,22,188,88,,,,,,0.9988861083984375
ID17,v2_rot180,47,27,188,108,,,,,,0.9989471435546875
ID17,v2_rot180,47,30,188,120,,,,,,0.9989471435546875
ID17,v2_rot180,47,58,188,232,8.291859587312052,1.6765318483921088,1.7167124278319497,0.9985954198473282,0.0015947779501047424,0.998046875
ID17,v2_rot180,48,38,192,152,8.291859587312052,1.8600268499746593,1.715455725297642,0.9990229007633588,0.0013309800936964391,0.99847412109375
ID17,v4_flipLR,0,47,0,188,7.8455683038219854,1.7915047321492066,1.7166207679009784,0.9983664122137405,0.0018585758065130455,0.9978179931640625
ID17,v4_flipLR,1,21,4,84,,,,,,0.99896240234375
ID17,v4_flipLR,1,49,4,196,8.291859587312052,1.6578272564237215,1.716500955487857,0.9985190839694656,0.0016667228200342795,0.9979705810546875
ID17,v4_flipLR,1,57,4,228,8.291859587312052,1.6578272564237215,1.716500955487857,0.9985190839694656,0.0016667228200342795,0.9979705810546875
ID17,v4_flipLR,2,36,8,144,8.291859587312052,1.8600302457169957,1.7153578410688832,0.9990229753453935,0.001222969432356915,0.9985504150390625
ID17,v4_flipLR,5,7,20,28,,,,,,0.999786376953125
ID17,v4_flipLR,5,16,20,64,,,,,,0.999786376953125
ID17,v4_flipLR,6,1,24,4,,,,,,0.999786376953125
ID17,v4_flipLR,6,61,24,244,8.291859587312052,1.6578272564237215,1.7165008583760764,0.998519197007862,0.001534706738643972,0.998046875
ID17,v4_flipLR,8,16,32,64,,,,,,0.999786376953125
ID17,v4_flipLR,8,22,32,88,,,,,,0.99896240234375
ID17,v4_flipLR,8,46,32,184,7.8455683038219854,1.7915047321492066,1.7166206616439106,0.9983665369055797,0.0017025652881831564,0.997894287109375
ID17,v4_flipLR,11,60,44,240,8.291859587312052,1.6578272564237215,1.7165008583760764,0.998519197007862,0.001534706738643972,0.998046875
ID17,v4_flipLR,11,62,44,248,8.291859587312052,1.6578272564237215,1.7165008583760764,0.998519197007862,0.001534706738643972,0.998046875
ID17,v4_flipLR,12,62,48,248,8.291859587312052,1.6578272564237215,1.7165008583760764,0.998519197007862,0.001534706738643972,0.998046875
ID17,v4_flipLR,13,26,52,104,,,,,,0.9990234375
ID17,v4_flipLR,13,30,52,120,,,,,,0.9990234375
ID17,v4_flipLR,14,57,56,228,8.291859587312052,1.6578272564237215,1.7165008583760764,0.998519197007862,0.001534706738643972,0.998046875
ID17,v4_flipLR,15,20,60,80,,,,,,0.999786376953125
ID17,v4_flipLR,15,60,60,240,8.291859587312052,1.6578272564237215,1.7165008583760764,0.998519197007862,0.001534706738643972,0.998046875
ID17,v4_flipLR,16,35,64,140,,,,,,0.9987030029296875
ID17,v4_flipLR,16,42,64,168,,,,,,0.9987030029296875
ID17,v4_flipLR,18,50,72,200,8.291859587312052,1.6578272564237215,1.7165008583760764,0.998519197007862,0.001534706738643972,0.998046875
ID17,v4_flipLR,19,5,76,20,,,,,,0.999603271484375
ID17,v4_flipLR,19,6,76,24,,,,,,0.999603271484375
ID17,v4_flipLR,19,16,76,64,,,,,,0.9997711181640625
ID17,v4_flipLR,19,61,76,244,8.291859587312052,1.6578272564237215,1.7165008583760764,0.998519197007862,0.001534706738643972,0.998046875
ID17,v4_flipLR,20,29,80,116,,,,,,0.9990081787109375
ID17,v4_flipLR,21,18,84,72,,,,,,0.9997711181640625
ID17,v4_flipLR,21,59,84,236,8.291859587312052,1.6578272564237215,1.7165008583760764,0.998519197007862,0.001534706738643972,0.998046875
ID17,v4_flipLR,22,17,88,68,,,,,,0.9997711181640625
ID17,v4_flipLR,22,22,88,88,,,,,,0.9989471435546875
ID17,v4_flipLR,22,32,88,128,,,,,,0.99853515625
ID17,v4_flipLR,24,51,96,204,8.291859587312052,1.6578272564237215,1.7165008583760764,0.998519197007862,0.001534706738643972,0.998046875
ID17,v4_flipLR,25,49,100,196,8.291859587312052,1.6578272564237215,1.7165008583760764,0.998519197007862,0.001534706738643972,0.998046875
ID17,v4_flipLR,26,35,104,140,,,,,,0.99853515625
ID17,v4_flipLR,27,14,108,56,,,,,,0.9997711181640625
ID17,v4_flipLR,27,44,108,176,8.291859587312052,1.6578272564237215,1.7163542077774734,0.9985952911717104,0.0017748027022753588,0.99853515625
ID17,v4_flipLR,27,64,108,256,8.291859587312052,1.6578272564237215,1.7165008583760764,0.998519197007862,0.001534706738643972,0.998046875
ID17,v4_flipLR,28,18,112,72,,,,,,0.9997711181640625
ID17,v4_flipLR,29,2,116,8,,,,,,0.999664306640625
ID17,v4_flipLR,30,5,120,20,,,,,,0.999664306640625
ID17,v4_flipLR,31,22,124,88,,,,,,0.9990081787109375
ID17,v4_flipLR,31,46,124,184,8.291859587312052,1.6578272564237215,1.7165010720415657,0.9985189483006077,0.0018707379834794321,0.9978790283203125
ID17,v4_flipLR,31,63,124,252,8.291859587312052,1.6578272564237215,1.7165008583760764,0.998519197007862,0.001534706738643972,0.998046875
ID17,v4_flipLR,32,38,128,152,,,,,,0.99853515625
ID17,v4_flipLR,32,55,128,220,8.291859587312052,1.6578272564237215,1.7165008583760764,0.998519197007862,0.001534706738643972,0.998046875
ID17,v4_flipLR,32,64,128,256,8.291859587312052,1.6578272564237215,1.7165008583760764,0.998519197007862,0.001534706738643972,0.998046875
ID17,v4_flipLR,34,7,136,28,,,,,,0.999664306640625
ID17,v4_flipLR,34,23,136,92,,,,,,0.9990081787109375
ID17,v4_flipLR,34,34,136,136,,,,,,0.99853515625
ID17,v4_flipLR,34,35,136,140,,,,,,0.99853515625
ID17,v4_flipLR,34,40,136,160,,,,,,0.99853515625
ID17,v4_flipLR,34,59,136,236,8.291859587312052,1.6578272564237215,1.7165008583760764,0.998519197007862,0.001534706738643972,0.998046875
ID17,v4_flipLR,35,59,140,236,8.291859587312052,1.6578272564237215,1.7164994741172104,0.9986413250896878,0.0013908279818960997,0.998870849609375
ID17,v4_flipLR,36,28,144,112,,,,,,0.9998321533203125
ID17,v4_flipLR,37,5,148,20,,,,,,0.999664306640625
ID17,v4_flipLR,38,9,152,36,,,,,,0.999664306640625
ID17,v4_flipLR,40,11,160,44,,,,,,0.999664306640625
ID17,v4_flipLR,41,60,164,240,,,,,,0.9995269775390625
ID17,v4_flipLR,42,34,168,136,,,,,,0.999359130859375
ID17,v4_flipLR,42,58,168,232,,,,,,0.9995269775390625
ID17,v4_flipLR,43,35,172,140,,,,,,0.999359130859375
ID17,v4_flipLR,45,42,180,168,,,,,,0.999359130859375
ID17,v6_flipLR_rot180,1,3,4,12,,,,,,0.99884033203125
ID17,v6_flipLR_rot180,1,15,4,60,,,,,,0.9991455078125
ID17,v6_flipLR_rot180,1,50,4,200,,,,,,0.9995269775390625
ID17,v6_flipLR_rot180,2,46,8,184,,,,,,0.9990997314453125
ID17,v6_flipLR_rot180,3,30,12,120,,,,,,0.99957275390625
ID17,v6_flipLR_rot180,4,47,16,188,,,,,,0.9990997314453125
ID17,v6_flipLR_rot180,7,5,28,20,,,,,,0.99884033203125
ID17,v6_flipLR_rot180,7,41,28,164,,,,,,0.9990997314453125
ID17,v6_flipLR_rot180,7,59,28,236,,,,,,0.9995269775390625
ID17,v6_flipLR_rot180,8,20,32,80,,,,,,0.9991455078125
ID17,v6_flipLR_rot180,8,46,32,184,,,,,,0.9990997314453125
ID17,v6_flipLR_rot180,9,17,36,68,,,,,,0.9991455078125
ID17,v6_flipLR_rot180,9,21,36,84,,,,,,0.9991455078125
ID17,v6_flipLR_rot180,10,13,40,52,,,,,,0.99932861328125
ID17,v6_flipLR_rot180,10,14,40,56,,,,,,0.99945068359375
ID17,v6_flipLR_rot180,10,47,40,188,6.863662517577698,1.7391120835295968,1.7175749350624354,0.9990382413556217,0.0012469492251482273,0.99896240234375
ID17,v6_flipLR_rot180,10,54,40,216,,,,,,0.99896240234375
ID17,v6_flipLR_rot180,11,12,44,48,,,,,,0.999267578125
ID17,v6_flipLR_rot180,11,43,44,172,6.863662517577698,1.7391120835295968,1.7172760053408074,0.9991603694374476,0.001234959328752571,0.99896240234375
ID17,v6_flipLR_rot180,12,35,48,140,,,,,,0.99896240234375
ID17,v6_flipLR_rot180,12,45,48,180,,,,,,0.99896240234375
ID17,v6_flipLR_rot180,13,34,52,136,,,,,,0.99896240234375
ID17,v6_flipLR_rot180,14,23,56,92,,,,,,0.9991302490234375
ID17,v6_flipLR_rot180,16,41,64,164,,,,,,0.99896240234375
ID17,v6_flipLR_rot180,20,11,80,44,,,,,,0.999267578125
ID17,v6_flipLR_rot180,21,10,84,40,,,,,,0.999267578125
ID17,v6_flipLR_rot180,21,17,84,68,,,,,,0.99957275390625
ID17,v6_flipLR_rot180,22,24,88,96,,,,,,0.9992523193359375
ID17,v6_flipLR_rot180,23,52,92,208,8.291859587312052,1.6805409627937131,1.7165541042996215,0.9986107930692314,0.0014867471530613477,0.998138427734375
ID17,v6_flipLR_rot180,23,61,92,244,8.291859587312052,1.6805409627937131,1.7165541042996215,0.9986107930692314,0.0014867471530613477,0.998138427734375
ID17,v6_flipLR_rot180,24,33,96,132,,,,,,0.9993438720703125
ID17,v6_flipLR_rot180,24,40,96,160,,,,,,0.99896240234375
ID17,v6_flipLR_rot180,25,13,100,52,,,,,,0.99932861328125
ID17,v6_flipLR_rot180,25,49,100,196,8.291859587312052,1.6805409627937131,1.7165541042996215,0.9986107930692314,0.0014867471530613477,0.998138427734375
ID17,v6_flipLR_rot180,25,53,100,212,8.291859587312052,1.6805409627937131,1.7165541042996215,0.9986107930692314,0.0014867471530613477,0.998138427734375
ID17,v6_flipLR_rot180,25,63,100,252,8.291859587312052,1.6805409627937131,1.7165541042996215,0.9986107930692314,0.0014867471530613477,0.998138427734375
ID17,v6_flipLR_rot180,26,14,104,56,,,,,,0.99945068359375
ID17,v6_flipLR_rot180,28,26,112,104,,,,,,0.9994354248046875
ID17,v6_flipLR_rot180,30,16,120,64,,,,,,0.99957275390625
ID17,v6_flipLR_rot180,30,44,120,176,,,,,,0.99896240234375
ID17,v6_flipLR_rot180,31,28,124,112,,,,,,0.9994354248046875
ID17,v6_flipLR_rot180,31,57,124,228,8.291859587312052,1.6805409627937131,1.7165541042996215,0.9986107930692314,0.0014867471530613477,0.998138427734375
ID17,v6_flipLR_rot180,32,7,128,28,,,,,,0.999481201171875
ID17,v6_flipLR_rot180,32,8,128,32,,,,,,0.999481201171875
ID17,v6_flipLR_rot180,32,20,128,80,,,,,,0.99957275390625
ID17,v6_flipLR_rot180,32,57,128,228,8.291859587312052,1.6805409627937131,1.7165541042996215,0.9986107930692314,0.0014867471530613477,0.998138427734375
ID17,v6_flipLR_rot180,32,60,128,240,8.291859587312052,1.6805409627937131,1.7165541042996215,0.9986107930692314,0.0014867471530613477,0.998138427734375
ID17,v6_flipLR_rot180,32,62,128,248,8.291859587312052,1.6805409627937131,1.7165541042996215,0.9986107930692314,0.0014867471530613477,0.998138427734375
ID17,v6_flipLR_rot180,34,25,136,100,,,,,,0.9993743896484375
ID17,v6_flipLR_rot180,34,60,136,240,8.291859587312052,1.6805409627937131,1.7165541042996215,0.9986107930692314,0.0014867471530613477,0.998138427734375
ID17,v6_flipLR_rot180,35,11,140,44,,,,,,0.99957275390625
ID17,v6_flipLR_rot180,35,32,140,128,,,,,,0.9994354248046875
ID17,v6_flipLR_rot180,35,52,140,208,8.291859587312052,1.6805409627937131,1.7165541042996215,0.9986107930692314,0.0014867471530613477,0.998138427734375
ID17,v6_flipLR_rot180,35,62,140,248,8.291859587312052,1.6805409627937131,1.7165541042996215,0.9986107930692314,0.0014867471530613477,0.998138427734375
ID17,v6_flipLR_rot180,38,42,152,168,,,,,,0.99896240234375
ID17,v6_flipLR_rot180,38,59,152,236,8.291859587312052,1.6805409627937131,1.7165541042996215,0.9986107930692314,0.0014867471530613477,0.998138427734375
ID17,v6_flipLR_rot180,39,4,156,16,,,,,,0.99981689453125
ID17,v6_flipLR_rot180,39,28,156,112,,,,,,0.9994354248046875
ID17,v6_flipLR_rot180,39,46,156,184,8.291859587312052,1.6805409627937131,1.7165541042996215,0.9986107930692314,0.0014867471530613477,0.998138427734375
ID17,v6_flipLR_rot180,40,40,160,160,,,,,,0.99896240234375
ID17,v6_flipLR_rot180,41,9,164,36,,,,,,0.999725341796875
ID17,v6_flipLR_rot180,41,55,164,220,8.291859587312052,1.6805409627937131,1.7165541042996215,0.9986107930692314,0.0014867471530613477,0.998138427734375
ID17,v6_flipLR_rot180,41,58,164,232,8.291859587312052,1.6805409627937131,1.7165541042996215,0.9986107930692314,0.0014867471530613477,0.998138427734375
ID17,v6_flipLR_rot180,41,60,164,240,8.291859587312052,1.6805409627937131,1.7165541042996215,0.9986107930692314,0.0014867471530613477,0.998138427734375
ID17,v6_flipLR_rot180,42,55,168,220,8.291859587312052,1.6805409627937131,1.7165541042996215,0.9986107930692314,0.0014867471530613477,0.998138427734375
ID17,v6_flipLR_rot180,43,39,172,156,,,,,,0.99896240234375
ID17,v6_flipLR_rot180,43,47,172,188,8.291859587312052,1.6805409627937131,1.7165541042996215,0.9986107930692314,0.0014867471530613477,0.998138427734375
ID17,v6_flipLR_rot180,46,19,184,76,,,,,,0.999542236328125
ID17,v6_flipLR_rot180,46,39,184,156,,,,,,0.99896240234375
ID17,v6_flipLR_rot180,47,16,188,64,,,,,,0.999542236328125
ID17,v6_flipLR_rot180,47,54,188,216,8.291859587312052,1.6805409627937131,1.7165541816174688,0.9986107082334621,0.0015947536027214946,0.99810791015625
ID17,v6_flipLR_rot180,48,20,192,80,,,,,,0.999542236328125
ID17,v6_flipLR_rot180,48,22,192,88,,,,,,0.9997100830078125
ID18,v0_rot0,0,28,0,112,7.136496464611085,0.3964350176925398,1.746419961670404,0.9938265002062927,0.005916799782322122,0.9923858642578125
ID18,v0_rot0,2,30,8,120,7.136496464611085,0.3964350176925398,1.7462841042708461,0.9938570620864595,0.005820786804109999,0.9936981201171875
ID18,v0_rot0,2,45,8,180,7.136496464611085,1.8132411533608535,1.7197307791507173,0.9979685662354325,0.002987034605947131,0.9972991943359375
ID18,v0_rot0,3,27,12,108,7.978845608028654,0.3432611503712218,1.7463682869983133,0.9942543665286289,0.00560475760313272,0.993072509765625
ID18,v0_rot0,4,23,16,92,7.978845608028654,0.3432611503712218,1.746397203345731,0.9944841706392862,0.0054241530658789665,0.9932403564453125
ID18,v0_rot0,4,28,16,112,7.978845608028654,0.3432611503712218,1.746395781024933,0.9944844234618264,0.005327906136628425,0.9932861328125
ID18,v0_rot0,4,33,16,132,7.978845608028654,1.682671820052536,1.742931946642669,0.9952636323356404,0.004811915226999996,0.994598388671875
ID18,v0_rot0,4,40,16,160,7.978845608028654,1.682671820052536,1.7309236866657483,0.9968530400244424,0.0036834286001071895,0.99725341796875
ID18,v0_rot0,6,29,24,116,7.557671036319869,0.31296212036388127,1.7453135255316556,0.9941949282004278,0.005219190361715399,0.995941162109375
ID18,v0_rot0,7,34,28,136,7.557671036319869,1.5969158950378342,1.732584355408696,0.9960582402640062,0.0043317913156994915,0.99658203125
ID18,v0_rot0,8,56,32,224,7.136496464611085,1.834903143134947,1.7160433667000705,0.9991753710830127,0.0017151050236063024,0.998382568359375
ID18,v0_rot0,9,11,36,44,7.557671036319869,0.2839114858075188,1.7256710227127576,0.9952481359247036,0.004836136472454035,0.9951629638671875
ID18,v0_rot0,9,23,36,92,7.136496464611085,0.22265290046846192,1.723524419562327,0.9965008786003514,0.004476331498926552,0.9951171875
ID18,v0_rot0,9,30,36,120,7.136496464611085,0.22265290046846192,1.72338820274819,0.9965315976042048,0.004332122249518378,0.9964752197265625
ID18,v0_rot0,9,49,36,196,7.136496464611085,1.834903143134947,1.716274284548936,0.9989768493067008,0.0018830174035397865,0.998382568359375
ID18,v0_rot0,12,57,48,228,7.136496464611085,1.834903143134947,1.7160434080523126,0.9991753207086134,0.0018351545357331947,0.998321533203125
ID18,v0_rot0,13,62,52,248,7.136496464611085,1.834903143134947,1.7160434080523126,0.9991753207086134,0.0018351545357331947,0.998321533203125
ID18,v0_rot0,15,6,60,24,9.221501760968819,0.1972013060700736,1.7262443315894276,0.9953424448346949,0.0038019579720087212,0.99468994140625
ID18,v0_rot0,16,37,64,148,7.136496464611085,1.6826763565878207,1.7176829438328107,0.9978149257380355,0.003636324850397696,0.9964141845703125
ID18,v0_rot0,17,11,68,44,7.978845608028654,0.25671061896739106,1.7264319227171943,0.993627166304979,0.005989450186987296,0.9929656982421875
ID18,v0_rot0,17,30,68,120,7.136496464611085,0.22265290046846192,1.7233886930465976,0.9965313856121264,0.004452397754117311,0.9964141845703125
ID18,v0_rot0,19,41,76,164,7.136496464611085,1.6826763565878207,1.717683014628732,0.9978148589590783,0.003708444614923314,0.9963836669921875
ID18,v0_rot0,21,12,84,48,7.978845608028654,0.25671061896739106,1.7263369068546879,0.9934593578556474,0.0060611897323488454,0.991973876953125
ID18,v0_rot0,21,34,84,136,7.136496464611085,1.6826763565878207,1.7187698572172168,0.9975703676538004,0.0039004676370552652,0.9963836669921875
ID18,v0_rot0,22,7,88,28,8.67593346192193,0.2839114858075188,1.725855459394113,0.9939516129032258,0.005050290609578533,0.993316650390625
ID18,v0_rot0,22,30,88,120,7.136496464611085,0.22265290046846192,1.7233889382182777,0.996531279606369,0.004524542458984108,0.9963836669921875
ID18,v0_rot0,24,6,96,24,9.373021315815206,0.18447734854738596,1.7256538248617257,0.9942877216562552,0.004714332292932922,0.9934539794921875
ID18,v0_rot0,25,13,100,52,7.978845608028654,0.25671061896739106,1.7256196574315927,0.9939794016075303,0.005400647497461137,0.9950714111328125
ID18,v0_rot0,26,5,104,20,9.373021315815206,0.18447734854738596,1.725652568021499,0.9942884195415465,0.00460580771131504,0.9934539794921875
ID18,v0_rot0,27,54,108,216,7.136496464611085,1.834903143134947,1.7160434080523126,0.9991753207086134,0.0018351545357331947,0.998321533203125
ID18,v0_rot0,28,9,112,36,7.978845608028654,0.25671061896739106,1.7263367392078104,0.9934594578073902,0.006025090589955669,0.991973876953125
ID18,v0_rot0,28,38,112,152,7.136496464611085,1.6826763565878207,1.717683014628732,0.9978148589590783,0.003708444614923314,0.9963836669921875
ID18,v0_rot0,28,48,112,192,7.557671036319869,1.7607922972364551,1.7166652471078174,0.9986407025582283,0.0022671287190854177,0.998260498046875
ID18,v0_rot0,29,0,116,0,9.373021315815206,0.18447734854738596,1.7256539819883505,0.9942876344086021,0.004822367755464537,0.993316650390625
ID18,v0_rot0,30,53,120,212,7.136496464611085,1.834903143134947,1.7160434080523126,0.9991753207086134,0.0018111655875536756,0.998321533203125
ID18,v0_rot0,30,54,120,216,7.136496464611085,1.834903143134947,1.7160434080523126,0.9991753207086134,0.0018111655875536756,0.998321533203125
ID18,v0_rot0,30,64,120,256,7.136496464611085,1.834903143134947,1.7160434080523126,0.9991753207086134,0.0018111655875536756,0.998321533203125
ID18,v0_rot0,31,21,124,84,7.136496464611085,0.22265290046846192,1.723524419562327,0.9965008786003514,0.0044163270552412094,0.9951171875
ID18,v0_rot0,33,7,132,28,7.978845608028654,0.2973564242992881,1.7223248394925397,0.9947458455522972,0.00452246926320928,0.99462890625
ID18,v0_rot0,34,53,136,212,7.136496464611085,1.834903143134947,1.7159300278208975,0.9992824098813686,0.0012830756138987583,0.9992523193359375
ID18,v0_rot0,36,30,144,120,7.046725639945928,0.19010489167423114,1.7170830695036225,0.998381259258128,0.0024467606147103743,0.9976654052734375
ID18,v0_rot0,36,62,144,248,,,,,,0.9995269775390625
ID18,v0_rot0,38,58,152,232,,,,,,0.9998016357421875
ID18,v0_rot0,38,59,152,236,,,,,,0.9998016357421875
ID18,v0_rot0,39,11,156,44,8.67593346192193,0.18654140310968265,1.7198124351927664,0.9956035904011724,0.003093251605247323,0.99517822265625
ID18,v0_rot0,39,24,156,96,,,,,,0.9983673095703125
ID18,v0_rot0,39,50,156,200,,,,,,0.99993896484375
ID18,v0_rot0,40,4,160,16,8.67593346192193,0.18654140310968265,1.7198121637307628,0.9956038588350226,0.0029731765863134567,0.9952392578125
ID18,v0_rot0,41,53,164,212,,,,,,0.99993896484375
ID18,v0_rot0,41,64,164,256,,,,,,0.99993896484375
ID18,v0_rot0,42,54,168,216,,,,,,0.99993896484375
ID18,v0_rot0,42,62,168,248,,,,,,0.99993896484375
ID18,v0_rot0,43,4,172,16,9.373021315815206,0.18814253569601058,1.7189599083930154,0.9963365490291854,0.002493631975617738,0.996002197265625
ID18,v0_rot0,43,54,172,216,,,,,,0.99993896484375
ID18,v0_rot0,44,16,176,64,,,,,,0.9991302490234375
ID18,v0_rot0,44,43,176,172,,,,,,0.9991302490234375
ID18,v0_rot0,44,49,176,196,,,,,,0.99993896484375
ID18,v0_rot0,44,53,176,212,,,,,,0.99993896484375
ID18,v0_rot0,45,29,180,116,,,,,,0.9991302490234375
ID18,v0_rot0,46,4,184,16,9.373021315815206,0.18814253569601058,1.7189243977539423,0.9963670777872756,0.0024217002840133802,0.996002197265625
ID18,v0_rot0,47,1,188,4,9.373021315815206,0.18814253569601058,1.7188985165311386,0.9962900196949572,0.0028298747547565273,0.9958038330078125
ID18,v0_rot0,48,33,192,132,7.046725639945928,1.7113397515642361,1.7159406319150317,0.9989010653560854,0.0011268266332818484,0.998626708984375
ID18,v0_rot0,48,43,192,172,7.046725639945928,1.7113397515642361,1.7159406319150317,0.9989010653560854,0.0011268266332818484,0.998626708984375
ID18,v2_rot180,0,37,0,148,,,,,,0.999481201171875
ID18,v2_rot180,1,19,4,76,7.898654169668588,0.3386654623736659,1.716258999713202,0.9957721542171617,0.0019180027800542098,0.99920654296875
ID18,v2_rot180,2,13,8,52,,,,,,0.99920654296875
ID18,v2_rot180,2,42,8,168,,,,,,0.999725341796875
ID18,v2_rot180,2,61,8,244,,,,,,0.9998626708984375
ID18,v2_rot180,3,8,12,32,,,,,,0.99920654296875
ID18,v2_rot180,3,38,12,152,,,,,,0.999725341796875
ID18,v2_rot180,4,38,16,152,,,,,,0.999725341796875
ID18,v2_rot180,4,51,16,204,,,,,,0.9998626708984375
ID18,v2_rot180,4,59,16,236,,,,,,0.9998626708984375
ID18,v2_rot180,6,34,24,136,,,,,,0.999725341796875
ID18,v2_rot180,6,35,24,140,,,,,,0.999725341796875
ID18,v2_rot180,8,48,32,192,,,,,,0.999725341796875
ID18,v2_rot180,9,1,36,4,,,,,,0.99920654296875
ID18,v2_rot180,9,23,36,92,,,,,,0.99920654296875
ID18,v2_rot180,10,12,40,48,,,,,,0.99920654296875
ID18,v2_rot180,10,36,40,144,,,,,,0.999725341796875
ID18,v2_rot180,10,59,40,236,,,,,,0.999755859375
ID18,v2_rot180,13,19,52,76,,,,,,0.99920654296875
ID18,v2_rot180,13,57,52,228,,,,,,0.999725341796875
ID18,v2_rot180,14,7,56,28,,,,,,0.99920654296875
ID18,v2_rot180,14,62,56,248,7.48482063701911,1.8199203317323958,1.7158607974034898,0.999236571288973,0.001403053487609574,0.999176025390625
ID18,v2_rot180,15,25,60,100,,,,,,0.999725341796875
ID18,v2_rot180,17,3,68,12,,,,,,0.99920654296875
ID18,v2_rot180,17,7,68,28,,,,,,0.99920654296875
ID18,v2_rot180,17,56,68,224,,,,,,0.9996337890625
ID18,v2_rot180,18,22,72,88,,,,,,0.99920654296875
ID18,v2_rot180,20,7,80,28,,,,,,0.99920654296875
ID18,v2_rot180,20,59,80,236,7.48482063701911,1.8199203317323958,1.7159738293686024,0.999098865181067,0.0020032913305847275,0.998138427734375
ID18,v2_rot180,22,21,88,84,,,,,,0.99920654296875
ID18,v2_rot180,23,33,92,132,,,,,,0.999725341796875
ID18,v2_rot180,25,4,100,16,,,,,,0.99920654296875
ID18,v2_rot180,26,6,104,24,,,,,,0.99920654296875
ID18,v2_rot180,27,59,108,236,7.48482063701911,1.8199203317323958,1.7159738293686024,0.999098865181067,0.0020032913305847275,0.998138427734375
ID18,v2_rot180,28,41,112,164,,,,,,0.999725341796875
ID18,v2_rot180,29,4,116,16,,,,,,0.99920654296875
ID18,v2_rot180,29,20,116,80,,,,,,0.99920654296875
ID18,v2_rot180,29,24,116,96,,,,,,0.99920654296875
ID18,v2_rot180,30,56,120,224,,,,,,0.999542236328125
ID18,v2_rot180,31,46,124,184,,,,,,0.99969482421875
ID18,v2_rot180,32,0,128,0,,,,,,0.9990081787109375
ID18,v2_rot180,33,10,132,40,,,,,,0.99920654296875
ID18,v2_rot180,33,25,132,100,,,,,,0.999725341796875
ID18,v2_rot180,33,40,132,160,,,,,,0.999725341796875
ID18,v2_rot180,34,39,136,156,,,,,,0.999725341796875
ID18,v2_rot180,35,24,140,96,,,,,,0.99920654296875
ID18,v2_rot180,36,56,144,224,,,,,,0.999542236328125
ID18,v2_rot180,37,6,148,24,,,,,,0.99920654296875
ID18,v2_rot180,38,15,152,60,,,,,,0.9993438720703125
ID18,v2_rot180,39,19,156,76,,,,,,0.9998626708984375
ID18,v2_rot180,39,60,156,240,7.48482063701911,1.8199203317323958,1.7159738204920687,0.9990988789443138,0.0019672740140694246,0.998199462890625
ID18,v2_rot180,40,11,160,44,,,,,,0.9998626708984375
ID18,v2_rot180,41,54,164,216,,,,,,0.9998321533203125
ID18,v2_rot180,41,55,164,220,,,,,,0.9997406005859375
ID18,v2_rot180,42,20,168,80,,,,,,0.9998626708984375
ID18,v2_rot180,43,19,172,76,,,,,,0.9998626708984375
ID18,v2_rot180,43,35,172,140,,,,,,0.9998626708984375
ID18,v2_rot180,44,32,176,128,,,,,,0.99969482421875
ID18,v2_rot180,45,16,180,64,,,,,,0.9998626708984375
ID18,v2_rot180,45,52,180,208,,,,,,0.999664306640625
ID18,v2_rot180,46,40,184,160,,,,,,0.999755859375
ID18,v2_rot180,47,5,188,20,,,,,,0.9999237060546875
ID18,v2_rot180,47,41,188,164,,,,,,0.999755859375
ID18,v2_rot180,48,15,192,60,,,,,,0.9999237060546875
ID18,v4_flipLR,0,2,0,8,,,,,,0.99993896484375
ID18,v4_flipLR,0,34,0,136,,,,,,0.999786376953125
ID18,v4_flipLR,1,4,4,16,,,,,,0.99993896484375
ID18,v4_flipLR,1,27,4,108,,,,,,0.999786376953125
ID18,v4_flipLR,3,52,12,208,,,,,,0.9996795654296875
ID18,v4_flipLR,4,20,16,80,,,,,,0.9998626708984375
ID18,v4_flipLR,5,8,20,32,,,,,,0.9998626708984375
ID18,v4_flipLR,5,34,20,136,,,,,,0.9998626708984375
ID18,v4_flipLR,5,46,20,184,,,,,,0.9998321533203125
ID18,v4_flipLR,5,55,20,220,,,,,,0.999755859375
ID18,v4_flipLR,5,61,20,244,7.399277020331919,1.8212656067501487,1.715849618755345,0.9991142333536958,0.001823160061643435,0.998260498046875
ID18,v4_flipLR,6,13,24,52,,,,,,0.9998626708984375
ID18,v4_flipLR,6,20,24,80,,,,,,0.9998626708984375
ID18,v4_flipLR,7,57,28,228,,,,,,0.9992828369140625
ID18,v4_flipLR,8,21,32,84,,,,,,0.9998626708984375
ID18,v4_flipLR,8,29,32,116,,,,,,0.9998626708984375
ID18,v4_flipLR,8,30,32,120,,,,,,0.9998626708984375
ID18,v4_flipLR,8,55,32,220,,,,,,0.999755859375
ID18,v4_flipLR,10,56,40,224,,,,,,0.99957275390625
ID18,v4_flipLR,11,35,44,140,,,,,,0.999725341796875
ID18,v4_flipLR,12,52,48,208,,,,,,0.9998321533203125
ID18,v4_flipLR,13,53,52,212,,,,,,0.9998321533203125
ID18,v4_flipLR,13,58,52,232,7.399277020331919,1.8212656067501487,1.7158488079855563,0.999129545072767,0.0017511129889593855,0.99853515625
ID18,v4_flipLR,15,21,60,84,,,,,,0.999237060546875
ID18,v4_flipLR,17,20,68,80,,,,,,0.999237060546875
ID18,v4_flipLR,18,5,72,20,,,,,,0.999237060546875
ID18,v4_flipLR,19,6,76,24,,,,,,0.999237060546875
ID18,v4_flipLR,19,62,76,248,7.399277020331919,1.8212656067501487,1.7158496561279064,0.9991141657121039,0.0019432531877875009,0.9981842041015625
ID18,v4_flipLR,20,8,80,32,,,,,,0.999237060546875
ID18,v4_flipLR,20,36,80,144,,,,,,0.999725341796875
ID18,v4_flipLR,21,5,84,20,,,,,,0.999237060546875
ID18,v4_flipLR,21,8,84,32,,,,,,0.999237060546875
ID18,v4_flipLR,21,43,84,172,,,,,,0.999725341796875
ID18,v4_flipLR,23,29,92,116,,,,,,0.999725341796875
ID18,v4_flipLR,24,25,96,100,,,,,,0.999725341796875
ID18,v4_flipLR,24,49,96,196,,,,,,0.9997711181640625
ID18,v4_flipLR,25,18,100,72,,,,,,0.999237060546875
ID18,v4_flipLR,25,42,100,168,,,,,,0.999725341796875
ID18,v4_flipLR,25,47,100,188,,,,,,0.99969482421875
ID18,v4_flipLR,27,39,108,156,,,,,,0.999725341796875
ID18,v4_flipLR,28,63,112,252,7.399277020331919,1.8212656067501487,1.715849641178197,0.9991141927699803,0.001895213736377611,0.9982452392578125
ID18,v4_flipLR,31,23,124,92,,,,,,0.999237060546875
ID18,v4_flipLR,31,25,124,100,,,,,,0.999725341796875
ID18,v4_flipLR,31,62,124,248,7.399277020331919,1.8212656067501487,1.715849618755345,0.9991142333536958,0.0017871766393741568,0.998260498046875
ID18,v4_flipLR,32,47,128,188,,,,,,0.99969482421875
ID18,v4_flipLR,33,11,132,44,,,,,,0.999237060546875
ID18,v4_flipLR,33,27,132,108,,,,,,0.999725341796875
ID18,v4_flipLR,33,48,132,192,,,,,,0.99969482421875
ID18,v4_flipLR,34,32,136,128,,,,,,0.999725341796875
ID18,v4_flipLR,34,57,136,228,,,,,,0.999603271484375
ID18,v4_flipLR,35,29,140,116,,,,,,0.999725341796875
ID18,v4_flipLR,35,47,140,188,,,,,,0.99969482421875
ID18,v4_flipLR,36,52,144,208,,,,,,0.9998626708984375
ID18,v4_flipLR,38,46,152,184,,,,,,0.999725341796875
ID18,v4_flipLR,38,54,152,216,,,,,,0.9998626708984375
ID18,v4_flipLR,39,55,156,220,,,,,,0.9998626708984375
ID18,v4_flipLR,40,18,160,72,,,,,,0.999237060546875
ID18,v4_flipLR,40,34,160,136,,,,,,0.999725341796875
ID18,v4_flipLR,42,13,168,52,,,,,,0.999237060546875
ID18,v6_flipLR_rot180,1,55,4,220,,,,,,0.99993896484375
ID18,v6_flipLR_rot180,2,47,8,188,,,,,,0.999755859375
ID18,v6_flipLR_rot180,3,64,12,256,,,,,,0.99993896484375
ID18,v6_flipLR_rot180,4,16,16,64,,,,,,0.9991302490234375
ID18,v6_flipLR_rot180,4,50,16,200,,,,,,0.99993896484375
ID18,v6_flipLR_rot180,5,47,20,188,,,,,,0.999755859375
ID18,v6_flipLR_rot180,6,32,24,128,8.058239062071396,1.6745777002500672,1.716682963400632,0.9989468542995817,0.0011867642201585425,0.9991302490234375
ID18,v6_flipLR_rot180,6,64,24,256,,,,,,0.99993896484375
ID18,v6_flipLR_rot180,7,55,28,220,,,,,,0.99993896484375
ID18,v6_flipLR_rot180,8,1,32,4,8.915144650064896,0.19145626952305592,1.7199061068933528,0.9954655796271699,0.0032975235489747672,0.994903564453125
ID18,v6_flipLR_rot180,8,32,32,128,8.058239062071396,1.6745777002500672,1.7170430566205401,0.9986263316951067,0.001462477119791335,0.99835205078125
ID18,v6_flipLR_rot180,9,9,36,36,8.915144650064896,0.19145626952305592,1.719905485077113,0.995466202601209,0.003105240952554483,0.9950408935546875
ID18,v6_flipLR_rot180,10,41,40,164,7.552482351008662,1.771223617934927,1.7170860364589606,0.9985192422183888,0.001786440019329534,0.9981842041015625
ID18,v6_flipLR_rot180,11,7,44,28,8.058239062071396,0.31150462386663963,1.7199677455657927,0.9953122614139563,0.0036937339185587736,0.9947662353515625
ID18,v6_flipLR_rot180,11,31,44,124,7.046725639945928,0.20341660284255123,1.7171227699822946,0.9984275289304143,0.002038375740856252,0.9979095458984375
ID18,v6_flipLR_rot180,11,33,44,132,7.552482351008662,1.771223617934927,1.7171227699822946,0.9984275289304143,0.002038375740856252,0.9979095458984375
ID18,v6_flipLR_rot180,11,59,44,236,,,,,,0.9996490478515625
ID18,v6_flipLR_rot180,12,14,48,56,7.046725639945928,0.20341660284255123,1.7173351006947954,0.997709469054927,0.002842386499995346,0.9976959228515625
ID18,v6_flipLR_rot180,14,16,56,64,7.17972921568869,0.17820445364404858,1.7181455802517362,0.9978002841299666,0.003215353830263143,0.99737548828125
ID18,v6_flipLR_rot180,14,39,56,156,7.312732791431452,1.6894647848440398,1.717657783362717,0.9979072147625376,0.0031193731189120043,0.99737548828125
ID18,v6_flipLR_rot180,14,57,56,228,7.312732791431452,1.8420903527521009,1.7159930875227976,0.999282453702997,0.0012230441163728755,0.99932861328125
ID18,v6_flipLR_rot180,16,6,64,24,9.772050238058398,0.18553522185937701,1.7239485090721,0.9945782488507415,0.004366188607857281,0.9946441650390625
ID18,v6_flipLR_rot180,16,13,64,52,8.058239062071396,0.2633636783080503,1.723933596434732,0.9942857142857143,0.0049199884949267195,0.9964752197265625
ID18,v6_flipLR_rot180,16,17,64,68,7.312732791431452,0.2322267796093415,1.7218264503825802,0.9968983957219252,0.004091990431146369,0.9964752197265625
ID18,v6_flipLR_rot180,16,21,64,84,7.312732791431452,0.2322267796093415,1.7218266473736763,0.9968983009412052,0.004164117508539827,0.9964447021484375
ID18,v6_flipLR_rot180,17,42,68,168,7.312732791431452,1.6894647848440398,1.7177839019393601,0.9977845683728037,0.0035519916938983147,0.9964752197265625
ID18,v6_flipLR_rot180,17,59,68,236,7.312732791431452,1.8420903527521009,1.7161188024598146,0.9991601514781334,0.001655035220938918,0.9984283447265625
ID18,v6_flipLR_rot180,18,27,72,108,7.312732791431452,0.2322267796093415,1.7238485009269258,0.9964549844141556,0.004572408475252548,0.9951019287109375
ID18,v6_flipLR_rot180,18,64,72,256,7.312732791431452,1.8420903527521009,1.716118870144556,0.9991600745242968,0.0018111102695857592,0.998382568359375
ID18,v6_flipLR_rot180,19,3,76,12,9.772050238058398,0.18553522185937701,1.7259674945384063,0.9941361512384327,0.004473528921406838,0.993377685546875
ID18,v6_flipLR_rot180,19,55,76,220,7.312732791431452,1.8420903527521009,1.716118881426552,0.9991600616972862,0.001859115091806852,0.998321533203125
ID18,v6_flipLR_rot180,21,6,84,24,9.772050238058398,0.18553522185937701,1.7259689498040272,0.9941353452357317,0.0046900542463521894,0.993316650390625
ID18,v6_flipLR_rot180,21,46,84,184,7.312732791431452,1.6894647848440398,1.7177632642326768,0.9978002169230534,0.003251445933925673,0.99725341796875
ID18,v6_flipLR_rot180,22,4,88,16,9.772050238058398,0.18553522185937701,1.7259674945384063,0.9941361512384327,0.004473528921406838,0.993377685546875
ID18,v6_flipLR_rot180,23,8,92,32,8.058239062071396,0.2633636783080503,1.7266792926612005,0.9933241674304919,0.005519143830779502,0.9928436279296875
ID18,v6_flipLR_rot180,23,49,92,196,7.312732791431452,1.8420903527521009,1.7163419222348746,0.9989615308257357,0.0020390294555300958,0.998321533203125
ID18,v6_flipLR_rot180,25,41,100,164,7.312732791431452,1.6894647848440398,1.7177841590565046,0.9977843314029002,0.0037563929701175266,0.996368408203125
ID18,v6_flipLR_rot180,28,39,112,156,7.312732791431452,1.6894647848440398,1.7177841590565046,0.9977843314029002,0.0037563929701175266,0.996368408203125
ID18,v6_flipLR_rot180,30,37,120,148,7.312732791431452,1.6894647848440398,1.7177840855888509,0.9977843991137596,0.003684272842280031,0.99639892578125
ID18,v6_flipLR_rot180,31,36,124,144,7.312732791431452,1.6894647848440398,1.7177840855888509,0.9977843991137596,0.003684272842280031,0.99639892578125
ID18,v6_flipLR_rot180,32,2,128,8,9.291529634589942,0.1987265250665242,1.7263532758609423,0.9947468083806731,0.004161828274065643,0.9945068359375
ID18,v6_flipLR_rot180,32,14,128,56,7.312732791431452,0.2322267796093415,1.7241483013584329,0.9959966383986554,0.0048243572723015386,0.9950714111328125
ID18,v6_flipLR_rot180,33,35,132,140,7.312732791431452,1.6894647848440398,1.7177840855888509,0.9977843991137596,0.003684272842280031,0.99639892578125
ID18,v6_flipLR_rot180,33,46,132,184,7.312732791431452,1.6894647848440398,1.7177631914235945,0.9978002841299666,0.003179361063506466,0.997283935546875
ID18,v6_flipLR_rot180,33,61,132,244,7.312732791431452,1.8420903527521009,1.716118881426552,0.9991600616972862,0.001859115091806852,0.998321533203125
ID18,v6_flipLR_rot180,33,64,132,256,7.312732791431452,1.8420903527521009,1.716118881426552,0.9991600616972862,0.001859115091806852,0.998321533203125
ID18,v6_flipLR_rot180,34,41,136,164,7.312732791431452,1.6894647848440398,1.7177840855888509,0.9977843991137596,0.003684272842280031,0.99639892578125
ID18,v6_flipLR_rot180,36,62,144,248,7.312732791431452,1.8420903527521009,1.716118881426552,0.9991600616972862,0.001859115091806852,0.998321533203125
ID18,v6_flipLR_rot180,37,61,148,244,7.312732791431452,1.8420903527521009,1.716118881426552,0.9991600616972862,0.001859115091806852,0.998321533203125
ID18,v6_flipLR_rot180,38,26,152,104,7.312732791431452,0.2322267796093415,1.7238481127477654,0.9964551469127692,0.004500195750363548,0.9951019287109375
ID18,v6_flipLR_rot180,38,51,152,204,7.312732791431452,1.8420903527521009,1.7161188363006348,0.9991601130029778,0.0017390659493415285,0.998382568359375
ID18,v6_flipLR_rot180,38,59,152,236,7.312732791431452,1.8420903527521009,1.7161188363006348,0.9991601130029778,0.0017390659493415285,0.998382568359375
ID18,v6_flipLR_rot180,39,61,156,244,7.312732791431452,1.8420903527521009,1.7161188363006348,0.9991601130029778,0.0017390659493415285,0.998382568359375
ID18,v6_flipLR_rot180,40,37,160,148,7.312732791431452,1.6894647848440398,1.7214271328949335,0.9973872786444407,0.0038160493813563013,0.9964599609375
ID18,v6_flipLR_rot180,42,15,168,60,7.685485926751424,0.3192565518863375,1.7444795137355917,0.9942713982371183,0.0052191106319471135,0.99591064453125
ID18,v6_flipLR_rot180,44,29,176,116,8.058239062071396,0.3455605740511654,1.746797186810283,0.994423649835765,0.005315581489344887,0.9932403564453125
ID18,v6_flipLR_rot180,44,37,176,148,8.058239062071396,1.6842244536172395,1.7377894629561355,0.9960739982585051,0.004091302817227507,0.9972381591796875
ID18,v6_flipLR_rot180,45,4,180,16,9.291529634589942,0.28170200469244416,1.7459777451216056,0.9951139070420815,0.003933466646221875,0.9946441650390625
ID18,v6_flipLR_rot180,45,6,180,24,9.291529634589942,0.28170200469244416,1.7459800812823223,0.9951135339838442,0.004029712506322516,0.9946441650390625
ID18,v6_flipLR_rot180,45,21,180,84,7.685485926751424,0.3631806721557794,1.7467408099464334,0.9942696474687123,0.005676767336791813,0.9930267333984375
ID18,v6_flipLR_rot180,45,34,180,136,7.685485926751424,1.6461755164211964,1.7417842935761665,0.9953702288909941,0.004812282851853081,0.9944610595703125
ID18,v6_flipLR_rot180,46,11,184,44,7.312732791431452,0.39566272887723997,1.7467886769897818,0.9938266888742876,0.005856612681844579,0.992645263671875
ID18,v6_flipLR_rot180,46,23,184,92,7.312732791431452,0.39566272887723997,1.746789636894528,0.9938265002062927,0.005928801404598638,0.99261474609375
ID18,v6_flipLR_rot180,46,28,184,112,7.312732791431452,0.39566272887723997,1.7467886769897818,0.9938266888742876,0.005856612681844579,0.992645263671875
ID18,v6_flipLR_rot180,46,40,184,160,8.058239062071396,1.6842244536172395,1.731004097549847,0.996853088098257,0.0036593764201008497,0.9972381591796875
ID18,v6_flipLR_rot180,47,0,188,0,8.058239062071396,0.36260657710585725,1.7460368889792661,0.9946405667867831,0.004257258107953554,0.9939727783203125
ID18,v6_flipLR_rot180,47,5,188,20,8.058239062071396,0.36260657710585725,1.7460368889792661,0.9946405667867831,0.004257258107953554,0.9939727783203125
ID18,v6_flipLR_rot180,47,21,188,84,7.312732791431452,0.39566272887723997,1.7467999998965553,0.9937959383261258,0.00600081113825773,0.9923553466796875
ID18,v6_flipLR_rot180,47,33,188,132,7.312732791431452,1.6088637351823667,1.7431045916592058,0.9946059930015433,0.005400564973012419,0.99371337890625
ID18,v6_flipLR_rot180,47,55,188,220,5.690580868279836,1.8710178003730455,1.7163107873336805,0.9989921356035734,0.0019309628816826627,0.9982147216796875
ID19,v0_rot0,1,4,4,16,,,,,,0.9982147216796875
ID19,v0_rot0,1,33,4,132,,,,,,0.9993133544921875
ID19,v0_rot0,4,19,16,76,,,,,,0.99859619140625
ID19,v0_rot0,4,29,16,116,,,,,,0.99969482421875
ID19,v0_rot0,5,27,20,108,,,,,,0.999908447265625
ID19,v0_rot0,6,35,24,140,,,,,,1.0
ID19,v0_rot0,6,44,24,176,,,,,,1.0
ID19,v0_rot0,8,33,32,132,,,,,,1.0
ID19,v0_rot0,9,54,36,216,,,,,,0.99957275390625
ID19,v0_rot0,10,22,40,88,,,,,,1.0
ID19,v0_rot0,11,36,44,144,,,,,,1.0
ID19,v0_rot0,11,42,44,168,,,,,,1.0
ID19,v0_rot0,11,60,44,240,,,,,,0.99957275390625
ID19,v0_rot0,13,16,52,64,,,,,,1.0
ID19,v0_rot0,13,17,52,68,,,,,,1.0
ID19,v0_rot0,14,4,56,16,,,,,,1.0
ID19,v0_rot0,15,40,60,160,,,,,,1.0
ID19,v0_rot0,15,50,60,200,,,,,,0.99957275390625
ID19,v0_rot0,16,36,64,144,,,,,,1.0
ID19,v0_rot0,16,49,64,196,,,,,,0.99957275390625
ID19,v0_rot0,16,54,64,216,,,,,,0.99957275390625
ID19,v0_rot0,17,1,68,4,,,,,,1.0
ID19,v0_rot0,18,16,72,64,,,,,,1.0
ID19,v0_rot0,18,32,72,128,,,,,,1.0
ID19,v0_rot0,18,44,72,176,,,,,,1.0
ID19,v0_rot0,19,9,76,36,,,,,,1.0
ID19,v0_rot0,20,6,80,24,,,,,,1.0
ID19,v0_rot0,20,29,80,116,,,,,,1.0
ID19,v0_rot0,21,0,84,0,,,,,,1.0
ID19,v0_rot0,22,41,88,164,,,,,,1.0
ID19,v0_rot0,24,48,96,192,,,,,,0.99957275390625
ID19,v0_rot0,25,44,100,176,,,,,,1.0
ID19,v0_rot0,26,11,104,44,,,,,,1.0
ID19,v0_rot0,26,21,104,84,,,,,,1.0
ID19,v0_rot0,28,11,112,44,,,,,,1.0
ID19,v0_rot0,29,38,116,152,,,,,,1.0
ID19,v0_rot0,29,54,116,216,,,,,,0.99957275390625
ID19,v0_rot0,30,23,120,92,,,,,,1.0
ID19,v0_rot0,31,30,124,120,,,,,,1.0
ID19,v0_rot0,31,60,124,240,,,,,,0.99957275390625
ID19,v0_rot0,33,29,132,116,,,,,,1.0
ID19,v0_rot0,34,17,136,68,,,,,,1.0
ID19,v0_rot0,35,16,140,64,,,,,,1.0
ID19,v0_rot0,35,48,140,192,,,,,,0.99957275390625
ID19,v0_rot0,36,31,144,124,,,,,,1.0
ID19,v0_rot0,36,44,144,176,,,,,,1.0
ID19,v0_rot0,38,4,152,16,,,,,,1.0
ID19,v0_rot0,39,16,156,64,,,,,,1.0
ID19,v0_rot0,41,3,164,12,,,,,,1.0
ID19,v0_rot0,43,10,172,40,,,,,,1.0
ID19,v0_rot0,43,34,172,136,,,,,,1.0
ID19,v0_rot0,46,12,184,48,,,,,,1.0
ID19,v0_rot0,46,32,184,128,,,,,,1.0
ID19,v0_rot0,47,51,188,204,,,,,,1.0
ID19,v0_rot0,47,54,188,216,,,,,,1.0
ID19,v0_rot0,48,17,192,68,,,,,,0.9985504150390625
ID19,v0_rot0,48,43,192,172,,,,,,0.9985504150390625
ID19,v2_rot180,0,27,0,108,,,,,,0.9998779296875
ID19,v2_rot180,0,31,0,124,,,,,,0.9998779296875
ID19,v2_rot180,1,41,4,164,,,,,,1.0
ID19,v2_rot180,2,41,8,164,,,,,,0.99957275390625
ID19,v2_rot180,3,11,12,44,,,,,,0.9998779296875
ID19,v2_rot180,5,33,20,132,,,,,,0.99945068359375
ID19,v2_rot180,7,0,28,0,,,,,,0.9998779296875
ID19,v2_rot180,7,39,28,156,,,,,,0.99957275390625
ID19,v2_rot180,8,30,32,120,,,,,,0.99945068359375
ID19,v2_rot180,11,2,44,8,,,,,,1.0
ID19,v2_rot180,11,4,44,16,,,,,,1.0
ID19,v2_rot180,11,37,44,148,,,,,,0.99957275390625
ID19,v2_rot180,12,30,48,120,,,,,,0.99957275390625
ID19,v2_rot180,12,40,48,160,,,,,,0.99957275390625
ID19,v2_rot180,14,14,56,56,,,,,,1.0
ID19,v2_rot180,15,56,60,224,,,,,,0.99957275390625
ID19,v2_rot180,15,64,60,256,,,,,,0.99957275390625
ID19,v2_rot180,16,35,64,140,,,,,,0.99957275390625
ID19,v2_rot180,16,62,64,248,,,,,,0.99957275390625
ID19,v2_rot180,17,0,68,0,,,,,,1.0
ID19,v2_rot180,17,60,68,240,,,,,,0.99957275390625
ID19,v2_rot180,18,36,72,144,,,,,,0.99957275390625
ID19,v2_rot180,18,38,72,152,,,,,,0.99957275390625
ID19,v2_rot180,18,39,72,156,,,,,,0.99957275390625
ID19,v2_rot180,20,52,80,208,,,,,,0.99957275390625
ID19,v2_rot180,21,7,84,28,,,,,,1.0
ID19,v2_rot180,23,28,92,112,,,,,,0.99957275390625
ID19,v2_rot180,23,60,92,240,,,,,,0.99957275390625
ID19,v2_rot180,24,14,96,56,,,,,,1.0
ID19,v2_rot180,24,55,96,220,,,,,,0.99957275390625
ID19,v2_rot180,25,10,100,40,,,,,,1.0
ID19,v2_rot180,25,56,100,224,,,,,,0.99957275390625
ID19,v2_rot180,26,13,104,52,,,,,,1.0
ID19,v2_rot180,26,20,104,80,,,,,,1.0
ID19,v2_rot180,27,17,108,68,,,,,,1.0
ID19,v2_rot180,27,27,108,108,,,,,,0.99957275390625
ID19,v2_rot180,27,47,108,188,,,,,,0.99957275390625
ID19,v2_rot180,28,1,112,4,,,,,,1.0
ID19,v2_rot180,29,17,116,68,,,,,,1.0
ID19,v2_rot180,29,31,116,124,,,,,,0.99957275390625
ID19,v2_rot180,29,53,116,212,,,,,,0.99957275390625
ID19,v2_rot180,30,19,120,76,,,,,,1.0
ID19,v2_rot180,30,38,120,152,,,,,,0.99957275390625
ID19,v2_rot180,31,45,124,180,,,,,,0.99957275390625
ID19,v2_rot180,31,47,124,188,,,,,,0.99957275390625
ID19,v2_rot180,31,51,124,204,,,,,,0.99957275390625
ID19,v2_rot180,33,3,132,12,,,,,,1.0
ID19,v2_rot180,33,32,132,128,,,,,,0.99957275390625
ID19,v2_rot180,33,34,132,136,,,,,,0.99957275390625
ID19,v2_rot180,33,44,132,176,,,,,,0.99957275390625
ID19,v2_rot180,34,16,136,64,,,,,,1.0
ID19,v2_rot180,35,33,140,132,,,,,,0.99957275390625
ID19,v2_rot180,36,63,144,252,,,,,,0.99957275390625
ID19,v2_rot180,37,11,148,44,4.370193722368317,0.5107700787754644,1.7310950992945988,0.9958648681640625,0.0015459650127909977,0.99957275390625
ID19,v2_rot180,37,56,148,224,,,,,,0.99957275390625
ID19,v2_rot180,38,32,152,128,,,,,,0.99957275390625
ID19,v2_rot180,39,54,156,216,,,,,,0.99957275390625
ID19,v2_rot180,41,57,164,228,,,,,,0.99957275390625
ID19,v2_rot180,42,13,168,52,,,,,,0.9961090087890625
ID19,v2_rot180,44,35,176,140,,,,,,0.99957275390625
ID19,v2_rot180,44,41,176,164,,,,,,0.99957275390625
ID19,v2_rot180,45,16,180,64,,,,,,1.0
ID19,v2_rot180,45,51,180,204,,,,,,0.99957275390625
ID19,v2_rot180,46,1,184,4,4.370193722368317,0.5107700787754644,1.7318938593694229,0.9956357199536104,0.0019895027639012454,0.9956207275390625
ID19,v2_rot180,47,34,188,136,,,,,,0.99951171875
ID19,v4_flipLR,0,46,0,184,,,,,,0.99945068359375
ID19,v4_flipLR,0,55,0,220,,,,,,0.9995269775390625
ID19,v4_flipLR,1,7,4,28,4.370193722368317,0.5150489961539908,1.7324673518429206,0.9955898734949871,0.0019176222878270089,0.995513916015625
ID19,v4_flipLR,1,8,4,32,4.370193722368317,0.5150489961539908,1.7324673518429206,0.9955898734949871,0.0019176222878270089,0.995513916015625
ID19,v4_flipLR,2,13,8,52,,,,,,0.995941162109375
ID19,v4_flipLR,4,8,16,32,4.370193722368317,0.5150489961539908,1.7324660274602928,0.9955902099609375,0.0017976337358034857,0.9955902099609375
ID19,v4_flipLR,5,8,20,32,4.370193722368317,0.5150489961539908,1.7324660274602928,0.9955902099609375,0.0017976337358034857,0.9955902099609375
ID19,v4_flipLR,6,3,24,12,4.370193722368317,0.5150489961539908,1.7324660274602928,0.9955902099609375,0.0017976337358034857,0.9955902099609375
ID19,v4_flipLR,6,12,24,48,,,,,,0.9960174560546875
ID19,v4_flipLR,6,58,24,232,,,,,,0.9995269775390625
ID19,v4_flipLR,8,5,32,20,4.370193722368317,0.5150489961539908,1.7324660274602928,0.9955902099609375,0.0017976337358034857,0.9955902099609375
ID19,v4_flipLR,8,36,32,144,,,,,,0.9995269775390625
ID19,v4_flipLR,8,42,32,168,,,,,,0.9995269775390625
ID19,v4_flipLR,9,44,36,176,,,,,,0.9995269775390625
ID19,v4_flipLR,10,9,40,36,4.370193722368317,0.5150489961539908,1.7324660274602928,0.9955902099609375,0.0017976337358034857,0.9955902099609375
ID19,v4_flipLR,10,15,40,60,,,,,,1.0
ID19,v4_flipLR,11,35,44,140,,,,,,0.9995269775390625
ID19,v4_flipLR,13,30,52,120,,,,,,0.9995269775390625
ID19,v4_flipLR,13,48,52,192,,,,,,0.9995269775390625
ID19,v4_flipLR,14,43,56,172,,,,,,0.9995269775390625
ID19,v4_flipLR,14,59,56,236,,,,,,0.9995269775390625
ID19,v4_flipLR,15,13,60,52,,,,,,1.0
ID19,v4_flipLR,15,14,60,56,,,,,,1.0
ID19,v4_flipLR,15,28,60,112,,,,,,0.9995269775390625
ID19,v4_flipLR,16,19,64,76,,,,,,1.0
ID19,v4_flipLR,17,32,68,128,,,,,,0.9995269775390625
ID19,v4_flipLR,19,62,76,248,,,,,,0.9995269775390625
ID19,v4_flipLR,20,6,80,24,,,,,,1.0
ID19,v4_flipLR,20,32,80,128,,,,,,0.9995269775390625
ID19,v4_flipLR,21,13,84,52,,,,,,1.0
ID19,v4_flipLR,21,29,84,116,,,,,,0.9995269775390625
ID19,v4_flipLR,22,62,88,248,,,,,,0.9995269775390625
ID19,v4_flipLR,23,16,92,64,,,,,,1.0
ID19,v4_flipLR,24,26,96,104,,,,,,0.9995269775390625
ID19,v4_flipLR,25,46,100,184,,,,,,0.9995269775390625
ID19,v4_flipLR,25,51,100,204,,,,,,0.9995269775390625
ID19,v4_flipLR,26,19,104,76,,,,,,1.0
ID19,v4_flipLR,26,57,104,228,,,,,,0.9995269775390625
ID19,v4_flipLR,27,6,108,24,,,,,,1.0
ID19,v4_flipLR,27,15,108,60,,,,,,1.0
ID19,v4_flipLR,28,38,112,152,,,,,,0.9995269775390625
ID19,v4_flipLR,31,52,124,208,,,,,,0.9995269775390625
ID19,v4_flipLR,33,38,132,152,,,,,,0.9995269775390625
ID19,v4_flipLR,33,46,132,184,,,,,,0.9995269775390625
ID19,v4_flipLR,34,53,136,212,,,,,,0.9995269775390625
ID19,v4_flipLR,36,25,144,100,,,,,,0.9995269775390625
ID19,v4_flipLR,37,47,148,188,,,,,,0.9995269775390625
ID19,v4_flipLR,38,17,152,68,,,,,,1.0
ID19,v4_flipLR,40,0,160,0,,,,,,0.9998779296875
ID19,v4_flipLR,41,14,164,56,,,,,,0.9998779296875
ID19,v4_flipLR,44,16,176,64,,,,,,0.9998779296875
ID19,v4_flipLR,45,53,180,212,,,,,,0.9995269775390625
ID19,v4_flipLR,46,2,184,8,,,,,,0.9998779296875
ID19,v4_flipLR,47,13,188,52,,,,,,0.9998779296875
ID19,v4_flipLR,47,60,188,240,,,,,,1.0
ID19,v4_flipLR,48,49,192,196,,,,,,1.0
ID19,v4_flipLR,48,53,192,212,,,,,,1.0
ID19,v6_flipLR_rot180,0,5,0,20,,,,,,1.0
ID19,v6_flipLR_rot180,0,46,0,184,,,,,,0.998504638671875
ID19,v6_flipLR_rot180,3,31,12,124,,,,,,1.0
ID19,v6_flipLR_rot180,3,35,12,140,,,,,,1.0
ID19,v6_flipLR_rot180,5,4,20,16,,,,,,1.0
ID19,v6_flipLR_rot180,5,13,20,52,,,,,,1.0
ID19,v6_flipLR_rot180,6,42,24,168,,,,,,1.0
ID19,v6_flipLR_rot180,6,47,24,188,,,,,,0.9995880126953125
ID19,v6_flipLR_rot180,6,62,24,248,,,,,,0.9995880126953125
ID19,v6_flipLR_rot180,7,17,28,68,,,,,,1.0
ID19,v6_flipLR_rot180,7,32,28,128,,,,,,1.0
ID19,v6_flipLR_rot180,7,33,28,132,,,,,,1.0
ID19,v6_flipLR_rot180,7,35,28,140,,,,,,1.0
ID19,v6_flipLR_rot180,9,12,36,48,,,,,,1.0
ID19,v6_flipLR_rot180,10,15,40,60,,,,,,1.0
ID19,v6_flipLR_rot180,11,46,44,184,,,,,,0.9995880126953125
ID19,v6_flipLR_rot180,12,56,48,224,,,,,,0.9995880126953125
ID19,v6_flipLR_rot180,13,44,52,176,,,,,,1.0
ID19,v6_flipLR_rot180,14,28,56,112,,,,,,1.0
ID19,v6_flipLR_rot180,14,31,56,124,,,,,,1.0
ID19,v6_flipLR_rot180,15,58,60,232,,,,,,0.9995880126953125
ID19,v6_flipLR_rot180,16,45,64,180,,,,,,0.9995880126953125
ID19,v6_flipLR_rot180,17,5,68,20,,,,,,1.0
ID19,v6_flipLR_rot180,17,21,68,84,,,,,,1.0
ID19,v6_flipLR_rot180,18,30,72,120,,,,,,1.0
ID19,v6_flipLR_rot180,18,31,72,124,,,,,,1.0
ID19,v6_flipLR_rot180,18,56,72,224,,,,,,0.9995880126953125
ID19,v6_flipLR_rot180,19,11,76,44,,,,,,1.0
ID19,v6_flipLR_rot180,19,13,76,52,,,,,,1.0
ID19,v6_flipLR_rot180,19,55,76,220,,,,,,0.9995880126953125
ID19,v6_flipLR_rot180,19,61,76,244,,,,,,0.9995880126953125
ID19,v6_flipLR_rot180,20,18,80,72,,,,,,1.0
ID19,v6_flipLR_rot180,21,14,84,56,,,,,,1.0
ID19,v6_flipLR_rot180,21,53,84,212,,,,,,0.9995880126953125
ID19,v6_flipLR_rot180,22,16,88,64,,,,,,1.0
ID19,v6_flipLR_rot180,22,31,88,124,,,,,,1.0
ID19,v6_flipLR_rot180,22,40,88,160,,,,,,1.0
ID19,v6_flipLR_rot180,23,51,92,204,,,,,,0.9995880126953125
ID19,v6_flipLR_rot180,25,5,100,20,,,,,,1.0
ID19,v6_flipLR_rot180,25,9,100,36,,,,,,1.0
ID19,v6_flipLR_rot180,26,0,104,0,,,,,,1.0
ID19,v6_flipLR_rot180,26,7,104,28,,,,,,1.0
ID19,v6_flipLR_rot180,26,16,104,64,,,,,,1.0
ID19,v6_flipLR_rot180,26,58,104,232,,,,,,0.9995880126953125
ID19,v6_flipLR_rot180,28,14,112,56,,,,,,1.0
ID19,v6_flipLR_rot180,28,17,112,68,,,,,,1.0
ID19,v6_flipLR_rot180,28,28,112,112,,,,,,1.0
ID19,v6_flipLR_rot180,28,30,112,120,,,,,,1.0
ID19,v6_flipLR_rot180,28,45,112,180,,,,,,0.9995880126953125
ID19,v6_flipLR_rot180,28,63,112,252,,,,,,0.9995880126953125
ID19,v6_flipLR_rot180,30,25,120,100,,,,,,1.0
ID19,v6_flipLR_rot180,31,50,124,200,,,,,,0.9995880126953125
ID19,v6_flipLR_rot180,32,15,128,60,,,,,,1.0
ID19,v6_flipLR_rot180,32,58,128,232,,,,,,0.9995880126953125
ID19,v6_flipLR_rot180,33,56,132,224,,,,,,0.9995880126953125
ID19,v6_flipLR_rot180,34,13,136,52,,,,,,1.0
ID19,v6_flipLR_rot180,34,19,136,76,,,,,,1.0
ID19,v6_flipLR_rot180,34,52,136,208,,,,,,0.9995880126953125
ID19,v6_flipLR_rot180,35,5,140,20,,,,,,1.0
ID19,v6_flipLR_rot180,35,12,140,48,,,,,,1.0
ID19,v6_flipLR_rot180,35,60,140,240,,,,,,0.9995880126953125
ID19,v6_flipLR_rot180,36,15,144,60,,,,,,1.0
ID19,v6_flipLR_rot180,36,42,144,168,,,,,,1.0
ID19,v6_flipLR_rot180,38,9,152,36,,,,,,1.0
ID19,v6_flipLR_rot180,38,39,152,156,,,,,,1.0
ID19,v6_flipLR_rot180,38,62,152,248,,,,,,0.9995880126953125
ID19,v6_flipLR_rot180,39,5,156,20,,,,,,1.0
ID19,v6_flipLR_rot180,40,1,160,4,,,,,,1.0
ID19,v6_flipLR_rot180,40,7,160,28,,,,,,1.0
ID19,v6_flipLR_rot180,41,28,164,112,,,,,,1.0
ID19,v6_flipLR_rot180,41,35,164,140,,,,,,1.0
ID19,v6_flipLR_rot180,41,39,164,156,,,,,,1.0
ID19,v6_flipLR_rot180,42,7,168,28,,,,,,0.999908447265625
ID19,v6_flipLR_rot180,45,25,180,100,,,,,,0.9995880126953125
ID19,v6_flipLR_rot180,45,28,180,112,,,,,,0.9995880126953125
ID19,v6_flipLR_rot180,46,60,184,240,,,,,,0.9995880126953125
ID19,v6_flipLR_rot180,47,1,188,4,,,,,,0.998260498046875
ID20,v0_rot0,0,54,0,216,5.170882945826411,0.405189870072785,1.7245638565374064,0.9596672703275115,0.031412069336286416,0.9366302490234375
ID20,v0_rot0,0,60,0,240,5.4115163798060095,0.3794740649409708,1.7258055386999227,0.9557026163861934,0.03529757438067085,0.9339141845703125
ID20,v0_rot0,1,17,4,68,5.641895835477563,0.39888338022159603,1.7347482318279415,0.9578261404155908,0.03148159366378558,0.9530029296875
ID20,v0_rot0,1,23,4,92,5.349394668683889,0.41952244934622634,1.7336006015691083,0.9483861051337227,0.03510510081708853,0.9544677734375
ID20,v0_rot0,2,4,8,16,5.527906391541368,0.39188764860485864,1.7361398211599652,0.9619721559880009,0.031087292891648865,0.9547119140625
ID20,v0_rot0,2,13,8,52,5.349394668683889,0.404580013273663,1.7353265601120098,0.9559719401882961,0.033806289785029545,0.9508514404296875
ID20,v0_rot0,2,14,8,56,5.584901113509465,0.3967937266043285,1.7352698424953623,0.9566046440104568,0.032826575551503374,0.9526824951171875
ID20,v0_rot0,2,24,8,96,5.170882945826411,0.4220129970856655,1.7318523701468964,0.9510995681640054,0.03496639792476538,0.9530029296875
ID20,v0_rot0,2,31,8,124,5.170882945826411,0.4163964869899653,1.7247942060010637,0.9565925038770402,0.032837981158832,0.955169677734375
ID20,v0_rot0,2,46,8,184,5.64076689164648,0.4266268927369288,1.7256632555821974,0.9529785861316784,0.03512080330655276,0.9345245361328125
ID20,v0_rot0,2,60,8,240,5.527906391541368,0.41087884585440065,1.7258256697826964,0.9512116465493412,0.03683476137190649,0.9336700439453125
ID20,v0_rot0,4,43,16,172,5.170882945826411,0.42159259611950656,1.726635459376961,0.9589472068753837,0.03136289166912462,0.935699462890625
ID20,v0_rot0,6,21,24,84,5.641895835477563,0.41848324226646766,1.7384681915247315,0.9521703068841582,0.03271587594282984,0.9534454345703125
ID20,v0_rot0,6,62,24,248,5.527906391541368,0.44829792884565467,1.7207636293345743,0.9586638638700076,0.03229661175494701,0.9339447021484375
ID20,v0_rot0,7,10,28,40,5.469711385673689,0.4125827517791146,1.7378568643789938,0.9603225806451613,0.030293929159615863,0.9548797607421875
ID20,v0_rot0,7,29,28,116,5.170882945826411,0.42055889575434235,1.7287720595089011,0.9627981897675846,0.027700090168761734,0.9583892822265625
ID20,v0_rot0,7,57,28,228,5.292567428401227,0.4142985105284472,1.7204828092965463,0.9577328606289424,0.03219605713023289,0.93609619140625
ID20,v0_rot0,8,63,32,252,5.4115163798060095,0.4658195657938999,1.7203030528094798,0.9616706033927421,0.02977858615169932,0.935943603515625
ID20,v0_rot0,9,10,36,40,5.527906391541368,0.4071436801274318,1.7379623596182976,0.9624660352159162,0.028056393457666633,0.96014404296875
ID20,v0_rot0,9,61,36,244,5.469711385673689,0.427021676370882,1.7223495023098436,0.9602963962996487,0.030616828516529096,0.9350433349609375
ID20,v0_rot0,11,11,44,44,5.170882945826411,0.4174761350505775,1.7374486576710333,0.9653050576970292,0.026020050251275025,0.9621429443359375
ID20,v0_rot0,11,58,44,232,5.527906391541368,0.41848324226646766,1.7220477089591553,0.9590348871118751,0.03139037062739943,0.93341064453125
ID20,v0_rot0,12,14,48,56,5.170882945826411,0.404580013273663,1.7369766989878097,0.967651346581754,0.02450263893481182,0.96405029296875
ID20,v0_rot0,14,57,56,228,5.4115163798060095,0.42055889575434213,1.720324154125428,0.9598790539192362,0.030655035524376636,0.937042236328125
ID20,v0_rot0,15,21,60,84,5.641895835477563,0.43466125214530726,1.7369245384141965,0.9605989934945378,0.026450671545621075,0.9614715576171875
ID20,v0_rot0,15,55,60,220,5.469711385673689,0.4174412597691676,1.7185458675851903,0.9644271201006722,0.02807145763716057,0.940155029296875
ID20,v0_rot0,16,10,64,40,5.4115163798060095,0.41328557535455634,1.7360490079707123,0.9674311574748792,0.024519218570435028,0.962310791015625
ID20,v0_rot0,16,18,64,72,5.170882945826411,0.4148811692643055,1.7360522842480115,0.9692954203858777,0.022681892298969282,0.9652099609375
ID20,v0_rot0,16,19,64,76,5.170882945826411,0.42087893327308173,1.7365953714028217,0.9672040619103864,0.023649531296485574,0.964752197265625
ID20,v0_rot0,17,32,68,128,5.170882945826411,0.4658195657938999,1.727576691439433,0.9655960839074992,0.026526637065351844,0.96099853515625
ID20,v0_rot0,18,54,72,216,5.527906391541368,0.42159259611950656,1.7185282608206254,0.9668891446106636,0.0264631279911131,0.9420623779296875
ID20,v0_rot0,19,48,76,192,5.170882945826411,0.45934692814509637,1.725545847352342,0.9643443692345475,0.027907426566976604,0.9415740966796875
ID20,v0_rot0,19,62,76,248,5.4115163798060095,0.46711369397756614,1.7205084566586946,0.9621509665541578,0.02963016391215596,0.936065673828125
ID20,v0_rot0,20,14,80,56,5.170882945826411,0.4122941667802748,1.7360379376206767,0.9691096584108277,0.023465767795089954,0.96478271484375
ID20,v0_rot0,20,56,80,224,5.4115163798060095,0.42262356495444303,1.7190702705470042,0.9619658644400786,0.02932947156719658,0.938568115234375
ID20,v0_rot0,21,37,84,148,5.349394668683889,0.4664671664601413,1.7263834081784024,0.9663864257003467,0.026026510891634012,0.941619873046875
ID20,v0_rot0,21,51,84,204,5.170882945826411,0.43137076091640214,1.720116540092513,0.9683012151712287,0.02575174719498507,0.942779541015625
ID20,v0_rot0,22,41,88,164,5.349394668683889,0.47033035799634615,1.7249796785463873,0.9691026741903828,0.023941541168334874,0.9434356689453125
ID20,v0_rot0,23,43,92,172,5.170882945826411,0.46711369397756614,1.7270855561107123,0.9666641098412211,0.026037361833272772,0.9420318603515625
ID20,v0_rot0,24,46,96,184,5.349394668683889,0.4533201209189404,1.728597053400255,0.9628839393985908,0.02905443955650836,0.9366302490234375
ID20,v0_rot0,25,41,100,164,5.349394668683889,0.47033035799634615,1.7249794858457206,0.9690969879148519,0.024222987954608127,0.94329833984375
ID20,v0_rot0,30,3,120,12,5.584901113509465,0.3944004470693867,1.7384121205957077,0.9706382913478787,0.02206113729234641,0.9660491943359375
ID20,v0_rot0,30,27,120,108,5.170882945826411,0.45934692814509637,1.731229648082406,0.9666364989032228,0.02455310483048273,0.9615478515625
ID20,v0_rot0,31,24,124,96,5.170882945826411,0.4339416637737464,1.7342766202437399,0.9626856511599362,0.026161461469495828,0.9607391357421875
ID20,v0_rot0,31,61,124,244,5.527906391541368,0.43137076091640214,1.7235052341963824,0.9601933553287808,0.03083017727262599,0.934844970703125
ID20,v0_rot0,33,46,132,184,5.64076689164648,0.44413448795117927,1.7286815954237267,0.9621071379220341,0.029724808044935748,0.9365386962890625
ID20,v0_rot0,33,56,132,224,5.527906391541368,0.4198615919896908,1.7206625015593024,0.9604439123227113,0.03018721988621616,0.9375762939453125
ID20,v0_rot0,34,29,136,116,5.349394668683889,0.4524174090549423,1.728487523954088,0.9658853847097804,0.025179196243414328,0.9618988037109375
ID20,v0_rot0,34,34,136,136,5.641895835477563,0.4564938472265198,1.7271516150342257,0.962417673518891,0.02896243898983175,0.93768310546875
ID20,v0_rot0,34,53,136,212,5.753627391751592,0.42262356495444303,1.7207339970853461,0.966028355735592,0.02700664831789237,0.9418792724609375
ID20,v0_rot0,34,57,136,228,5.64076689164648,0.41435230800072126,1.7222334040648632,0.9577205317940373,0.031928127002309604,0.9364471435546875
ID20,v0_rot0,35,6,140,24,5.697761613614578,0.40748766915336565,1.7378434874963902,0.9693753929672284,0.02300465414419982,0.964996337890625
ID20,v0_rot0,36,30,144,120,5.170882945826411,0.43567189958208596,1.7281498476187298,0.96459145162775,0.026568729868543056,0.9602508544921875
ID20,v0_rot0,37,31,148,124,5.170882945826411,0.427021676370882,1.728125210746969,0.9637261972349664,0.02773014337631045,0.95947265625
ID20,v0_rot0,37,35,148,140,5.349394668683889,0.43567189958208596,1.7271605469441744,0.9612491172045322,0.030036951899515517,0.9350128173828125
ID20,v0_rot0,37,48,148,192,5.527906391541368,0.42262356495444303,1.728058539291748,0.9603820521482755,0.03111586348032027,0.9375152587890625
ID20,v0_rot0,37,53,148,212,5.527906391541368,0.41848324226646766,1.7211062461579958,0.9646139917442877,0.028382658014040704,0.938812255859375
ID20,v0_rot0,37,59,148,236,5.527906391541368,0.41534890894476495,1.725477724173221,0.9557940639059069,0.03386303749320612,0.9298248291015625
ID20,v0_rot0,38,36,152,144,5.170882945826411,0.43567189958208596,1.727220788901596,0.9617061786021374,0.030208549307680382,0.936126708984375
ID20,v0_rot0,39,18,156,72,5.170882945826411,0.4104666525438352,1.7356135641803268,0.9650056764137338,0.02596626433864412,0.9615020751953125
ID20,v0_rot0,39,53,156,212,5.170882945826411,0.41534890894476495,1.7212755021349364,0.9633779469548134,0.02964289789713785,0.937835693359375
ID20,v0_rot0,39,64,156,256,5.3520419041036185,0.46052813350987193,1.7223081951512877,0.9593926553672316,0.032616403094910616,0.9327850341796875
ID20,v0_rot0,41,10,164,40,5.584901113509465,0.4139871351348833,1.7364036707219932,0.9558410461850163,0.03152393972900381,0.9539337158203125
ID20,v0_rot0,41,33,164,132,5.584901113509465,0.42221480294026986,1.7282858479961907,0.9586449423363381,0.03235957665804687,0.9328155517578125
ID20,v0_rot0,42,21,168,84,5.697761613614578,0.4345815041933662,1.7360619805884605,0.953577623923489,0.031986941058525814,0.9546356201171875
ID20,v0_rot0,43,15,172,60,5.527906391541368,0.4210891651994542,1.7349200060546266,0.9608881114589087,0.029055345423667337,0.958282470703125
ID20,v0_rot0,43,46,172,184,5.64076689164648,0.4236254040885602,1.7295789553524061,0.954118857809932,0.03582987796707405,0.9298248291015625
ID20,v0_rot0,44,49,176,196,5.231725187113819,0.42221480294026986,1.7244782078504597,0.9551791911064705,0.035358956715924796,0.932708740234375
ID20,v0_rot0,45,1,180,4,5.863230142835039,0.42860269095631803,1.7396909314527218,0.9579700356134103,0.031045073540900612,0.95428466796875
ID20,v0_rot0,45,21,180,84,5.86222435659672,0.4311067855475104,1.7363623335181315,0.9504845571408825,0.0345830433330848,0.9511871337890625
ID20,v0_rot0,46,2,184,8,5.917025732138443,0.4296762154065647,1.7401571834926863,0.9580321932207031,0.0304908369530842,0.9549560546875
ID20,v0_rot0,46,45,184,180,5.64076689164648,0.4551956189173609,1.729802931571263,0.9521848687849548,0.03704708317912492,0.94793701171875
ID20,v0_rot0,48,18,192,72,5.170882945826411,0.42644673963912727,1.7339183990824938,0.9590241955293539,0.030542458055234225,0.932464599609375
ID20,v0_rot0,48,64,192,256,5.753627391751592,0.4645211307231787,1.7257531795392147,0.9525352913165697,0.035167442071605076,0.9479217529296875
ID20,v2_rot180,0,53,0,212,6.179528547030358,0.45112702170168184,1.7272707448573814,0.9523897483260217,0.038372258456453485,0.9101715087890625
ID20,v2_rot180,0,56,0,224,5.970821321441846,0.4194094612678829,1.7255707663528321,0.9492438941759832,0.04064990032305928,0.9088134765625
ID20,v2_rot180,1,16,4,64,6.180387232371033,0.43058696757631787,1.7517594892436512,0.9439100101422996,0.03813901398924204,0.9102020263671875
ID20,v2_rot180,2,58,8,232,5.970821321441846,0.4281379601521571,1.7205524614788366,0.9478037210448497,0.0421803135129205,0.9165802001953125
ID20,v2_rot180,3,2,12,8,5.697761613614578,0.4974471389905396,1.761001328064355,0.9500829901026618,0.035680164919820144,0.9420166015625
ID20,v2_rot180,3,34,12,136,6.023664550594173,0.415203970920724,1.7561213664402053,0.9449114703618168,0.04227485726308667,0.91229248046875
ID20,v2_rot180,4,1,16,4,5.641895835477563,0.48326285560508386,1.76507203697063,0.9500545557929031,0.035231934947321415,0.943267822265625
ID20,v2_rot180,5,16,20,64,6.075604276906439,0.4899239773117247,1.7645682688698336,0.9530789085545722,0.035331333309177246,0.9136505126953125
ID20,v2_rot180,5,40,20,160,6.231468273342625,0.47461465999603497,1.7537692261565658,0.9592731636766471,0.03717088886067253,0.9184112548828125
ID20,v2_rot180,6,34,24,136,6.076507779746499,0.4520756258744463,1.7641583763202204,0.9474907277735883,0.04022538185854981,0.914764404296875
ID20,v2_rot180,6,44,24,176,6.282549314314218,0.4746146599960355,1.7536586617300596,0.9513321327977098,0.04102817205477736,0.9160614013671875
ID20,v2_rot180,7,28,28,112,5.970821321441846,0.45398273830887076,1.769180649771781,0.9497801826175177,0.037619526503311844,0.91033935546875
ID20,v2_rot180,7,38,28,152,6.076507779746499,0.3983069205450409,1.7612599894806664,0.9587934906327867,0.03696616697936124,0.918426513671875
ID20,v2_rot180,7,43,28,172,6.128447506058766,0.465425291402426,1.7566913403437474,0.9549462216682824,0.03956659722358007,0.9168701171875
ID20,v2_rot180,8,10,32,40,5.753627391751592,0.5086926711356512,1.7746298071382425,0.946201023717663,0.03797996560014099,0.9462432861328125
ID20,v2_rot180,8,58,32,232,5.695568267188204,0.4481970331199556,1.720796268687473,0.955318952518694,0.038729746033308025,0.89892578125
ID20,v2_rot180,9,24,36,96,6.075604276906439,0.4777818570431685,1.7717624843822584,0.9514061779621945,0.037006773766352793,0.90960693359375
ID20,v2_rot180,10,52,40,208,6.282549314314218,0.44632014870492864,1.7228218541205207,0.960029505324789,0.03459116893791721,0.8960113525390625
ID20,v2_rot180,11,40,44,160,6.282549314314218,0.5134685377660068,1.7608719469058347,0.9625901049751779,0.034077417507200655,0.9207611083984375
ID20,v2_rot180,12,13,48,52,5.753627391751592,0.5181581735820463,1.772779341402741,0.955241749808135,0.0333327079323706,0.9164276123046875
ID20,v2_rot180,13,29,52,116,6.282549314314218,0.5452502005563263,1.7700473010372801,0.9574722878987932,0.03235212442649544,0.916259765625
ID20,v2_rot180,13,52,52,208,6.3328129003685705,0.45706394425377994,1.7226812276701313,0.9607686517872229,0.03329747516899829,0.898193359375
ID20,v2_rot180,15,15,60,60,5.753627391751592,0.548665530538847,1.7691733182877376,0.9609365410580581,0.03002964623767094,0.919677734375
ID20,v2_rot180,16,4,64,16,5.641895835477563,0.548665530538847,1.7693641239439697,0.9596041730592206,0.02878668628960577,0.9488677978515625
ID20,v2_rot180,16,34,64,136,6.076507779746499,0.5434836410581175,1.766426516788141,0.9570181639364416,0.03379406302844231,0.92059326171875
ID20,v2_rot180,17,44,68,176,6.282549314314218,0.548665530538847,1.7560551694741615,0.9594902069304799,0.03545074267033958,0.9219207763671875
ID20,v2_rot180,18,19,72,76,5.863230142835039,0.548665530538847,1.7703451062862106,0.9607858184329675,0.030593823017461802,0.9195556640625
ID20,v2_rot180,20,22,80,88,5.808428767293315,0.4895894375693077,1.7717365900869155,0.9567734406191456,0.03335910014983173,0.9167327880859375
ID20,v2_rot180,21,24,84,96,5.808428767293315,0.5128149731707046,1.770191053092332,0.9573076155228282,0.03340990697684064,0.91497802734375
ID20,v2_rot180,22,2,88,8,5.527906391541368,0.5364269135469228,1.7702370001148515,0.9607635532231582,0.02811664925357527,0.950164794921875
ID20,v2_rot180,22,13,88,52,5.641895835477563,0.5408634988131213,1.7708029781282881,0.958044318949113,0.03162612455888073,0.91839599609375
ID20,v2_rot180,22,40,88,160,6.282549314314218,0.548665530538847,1.7583905345635231,0.9672617218705831,0.031190534203625695,0.9244232177734375
ID20,v2_rot180,23,51,92,204,6.282549314314218,0.47361795161726306,1.7219576106715453,0.961749305161003,0.032369649287636484,0.89837646484375
ID20,v2_rot180,23,59,92,236,5.863230142835039,0.4539966652850878,1.7191831754003382,0.9590371816351312,0.03476762185992178,0.9011383056640625
ID20,v2_rot180,24,11,96,44,5.753627391751592,0.5364269135469228,1.7723572071810512,0.9552300677076137,0.032352621135144304,0.949005126953125
ID20,v2_rot180,24,30,96,120,5.808428767293315,0.5347352450534433,1.76825393209269,0.9580646151956268,0.03229679199033178,0.916046142578125
ID20,v2_rot180,25,11,100,44,5.753627391751592,0.5364269135469228,1.7723624703621936,0.9552440466137477,0.03236567334385701,0.949005126953125
ID20,v2_rot180,26,34,104,136,5.969868961290769,0.5495147119540541,1.7658823221995221,0.9571845704625788,0.03378407037574086,0.9212188720703125
ID20,v2_rot180,26,49,104,196,6.179528547030358,0.47476477427434804,1.7346855826779746,0.9600276625172891,0.03426687238182504,0.898040771484375
ID20,v2_rot180,28,21,112,84,5.863230142835039,0.5239290345237834,1.77101415930445,0.958035193317569,0.03257317260904259,0.9174041748046875
ID20,v2_rot180,28,48,112,192,6.076507779746499,0.513820363820916,1.7449387220458437,0.9579842267898596,0.035631312438480944,0.8976287841796875
ID20,v2_rot180,32,21,128,84,5.808428767293315,0.5128149731707046,1.7710841552390542,0.9578446423088732,0.03249382944974091,0.91741943359375
ID20,v2_rot180,32,50,128,200,5.863230142835039,0.47273744877831786,1.7244530142406724,0.9615284198239983,0.03301391078922513,0.898223876953125
ID20,v2_rot180,32,59,128,236,5.863230142835039,0.4539966652850878,1.7179682239895673,0.9598235556306964,0.034318844482101124,0.90191650390625
ID20,v2_rot180,32,61,128,244,5.469711385673689,0.4664671664601413,1.718878987984753,0.9614167665038552,0.03228159440376573,0.9350128173828125
ID20,v2_rot180,33,4,132,16,5.641895835477563,0.5537331142038114,1.7691429025438088,0.9615520336304638,0.027582141426176515,0.9508514404296875
ID20,v2_rot180,34,56,136,224,5.863230142835039,0.44754727543278233,1.7196461544567436,0.9604597913112966,0.034361848557658864,0.8984832763671875
ID20,v2_rot180,36,20,144,80,6.072889728574628,0.5478144968166202,1.771086314774367,0.9597164034805027,0.03112039129401979,0.9187774658203125
ID20,v2_rot180,36,31,144,124,5.641895835477563,0.5239290345237834,1.7666344385862744,0.958270642060982,0.03189391319719733,0.9166107177734375
ID20,v2_rot180,37,43,148,172,6.076507779746499,0.5269313523170529,1.7550447662733577,0.9637352674524026,0.03312872379682523,0.9238739013671875
ID20,v2_rot180,37,49,148,196,5.969868961290769,0.4661855465003947,1.7341175696745188,0.9603275817033634,0.03387386329235956,0.8979644775390625
ID20,v2_rot180,37,50,148,200,5.969868961290769,0.4661855465003947,1.7244741405743618,0.9617032384871704,0.0325987936007755,0.8985443115234375
ID20,v2_rot180,37,53,148,212,6.076507779746499,0.4699032116880765,1.7206551150351017,0.9622360439222913,0.03228919424733117,0.8987274169921875
ID20,v2_rot180,38,46,152,184,6.3328129003685705,0.530797522688234,1.7551715624267645,0.955481084072497,0.036341462419122214,0.900482177734375
ID20,v2_rot180,39,28,156,112,5.808428767293315,0.5461068400039237,1.7677740975572613,0.9588675131657736,0.031678324841398056,0.917022705078125
ID20,v2_rot180,39,56,156,224,5.917025732138443,0.44299631537893636,1.7199782521846412,0.9600682174353932,0.0343549852686067,0.89825439453125
ID20,v2_rot180,40,48,160,192,6.076507779746499,0.5035476986564066,1.7449600009115234,0.957992622194897,0.035370682735237066,0.897552490234375
ID20,v2_rot180,41,20,164,80,5.808428767293315,0.5478144968166202,1.76880386060332,0.9602609363008442,0.031271263788994336,0.919708251953125
ID20,v2_rot180,41,36,164,144,5.863230142835039,0.4246450988461263,1.762653417348029,0.9630750791358063,0.0326454720795061,0.9238739013671875
ID20,v2_rot180,41,52,164,208,6.076507779746499,0.46246478361380844,1.7205341312370352,0.9616931769329976,0.032437527782643485,0.8989410400390625
ID20,v2_rot180,42,2,168,8,5.527906391541368,0.5364269135469228,1.768267758375921,0.9614640587097368,0.028288514314035892,0.951141357421875
ID20,v2_rot180,42,51,168,204,5.863230142835039,0.45128217129146647,1.7206008566337305,0.9601824268296428,0.03366061045487359,0.8979339599609375
ID20,v2_rot180,43,61,172,244,5.753627391751592,0.4164301471567409,1.7195684023797264,0.9562665191468437,0.03623094975903774,0.9309844970703125
ID20,v2_rot180,44,60,176,240,5.753627391751592,0.39754832416914665,1.7210092217476702,0.9532710280373832,0.03819785706144747,0.9329833984375
ID20,v2_rot180,44,64,176,256,5.753627391751592,0.4145160176722451,1.722421379588515,0.9560409178877523,0.03476664987729927,0.9350433349609375
ID20,v2_rot180,46,19,184,76,5.753627391751592,0.44126921369623795,1.769617502373569,0.9589983869728858,0.033759030051249105,0.9229278564453125
ID20,v2_rot180,46,57,184,228,5.753627391751592,0.43430636555990393,1.721305683940411,0.951421673407249,0.04027899667733611,0.900604248046875
ID20,v4_flipLR,0,25,0,100,5.641895835477563,0.40336475206247374,1.768604838022741,0.9598967059655379,0.03414092266916679,0.9501495361328125
ID20,v4_flipLR,1,15,4,60,5.697761613614578,0.41676978194749253,1.7664294451518885,0.9617713038935497,0.03226936309463103,0.9545745849609375
ID20,v4_flipLR,2,43,8,172,5.697761613614578,0.43323875591007915,1.7557211502337544,0.9604981932805412,0.03618133155283701,0.92425537109375
ID20,v4_flipLR,5,27,20,108,5.641895835477563,0.4692555987926299,1.7675526485198496,0.9568980093766812,0.03445586593399919,0.9160614013671875
ID20,v4_flipLR,6,39,24,156,6.180387232371033,0.5465379209963156,1.7580427394223073,0.9668597415766589,0.03132566614192966,0.92474365234375
ID20,v4_flipLR,7,5,28,20,5.808428767293315,0.5597690737920697,1.7657909656666961,0.9628304725642521,0.02742032461641842,0.9517974853515625
ID20,v4_flipLR,7,11,28,44,5.808428767293315,0.5458945920502996,1.769492049449484,0.9565310920237857,0.03242674305940203,0.9500274658203125
ID20,v4_flipLR,7,53,28,212,6.180387232371033,0.46930000517563086,1.7207419676572093,0.9617640735849636,0.03255105253231954,0.8991546630859375
ID20,v4_flipLR,10,43,40,172,6.180387232371033,0.5301081008724614,1.7549151571239476,0.9639174465600172,0.03293764830131754,0.923828125
ID20,v4_flipLR,11,51,44,204,6.180387232371033,0.4724733060871008,1.721012789287974,0.9624478015229674,0.031820586975034794,0.8992919921875
ID20,v4_flipLR,12,32,48,128,5.753627391751592,0.5210946972483541,1.7658814704944321,0.957830862585452,0.03274553522483562,0.915924072265625
ID20,v4_flipLR,13,10,52,40,5.917025732138443,0.555345786482715,1.7719692624135557,0.9559067453004054,0.03149457250016491,0.951507568359375
ID20,v4_flipLR,14,7,56,28,5.970821321441846,0.5570803661440764,1.770213252734967,0.9613418285100177,0.028468950084921705,0.9509124755859375
ID20,v4_flipLR,14,15,56,60,6.023664550594173,0.547627683971581,1.768658830736434,0.9620408601820443,0.029439320864734206,0.92010498046875
ID20,v4_flipLR,14,24,56,96,5.970821321441846,0.5458945920502996,1.7682119601603723,0.9587839498586703,0.0324554666882625,0.9159698486328125
ID20,v4_flipLR,14,40,56,160,6.231468273342625,0.5484615674438755,1.756911193207971,0.9683405275042627,0.030173747778875527,0.9254302978515625
ID20,v4_flipLR,15,9,60,36,5.970821321441846,0.5521317058141056,1.7719937115496223,0.9574069524628424,0.030570328341305297,0.9523162841796875
ID20,v4_flipLR,16,60,64,240,5.641895835477563,0.4654891873517953,1.7185419131578654,0.9607517710878551,0.03301006526350438,0.9344329833984375
ID20,v4_flipLR,16,63,64,252,5.697761613614578,0.4517587387682009,1.7193794065860712,0.9633326167736388,0.02982356751653548,0.93634033203125
ID20,v4_flipLR,17,2,68,8,5.808428767293315,0.5471801908927126,1.7696517740107287,0.9618850257118735,0.027463919199008167,0.9507904052734375
ID20,v4_flipLR,17,37,68,148,5.753627391751592,0.4260063841557023,1.7608678934946063,0.9665129860150607,0.0315511110976015,0.9241943359375
ID20,v4_flipLR,17,45,68,180,6.3328129003685705,0.5458945920502996,1.7548822799334125,0.9573646986469865,0.03617855008515921,0.9004364013671875
ID20,v4_flipLR,17,58,68,232,5.753627391751592,0.46937805234577007,1.718135096986349,0.9596931638253063,0.03442176390595263,0.903167724609375
ID20,v4_flipLR,19,58,76,232,5.753627391751592,0.46937805234577007,1.7181044097310516,0.9597700265945182,0.03431310172596191,0.9033660888671875
ID20,v4_flipLR,20,18,80,72,6.023664550594173,0.5492807598471213,1.7686173001098504,0.9620657363484242,0.029648813825731517,0.9197845458984375
ID20,v4_flipLR,20,29,80,116,5.970821321441846,0.5352214068626647,1.766658275347418,0.9594200227321599,0.031593981966914216,0.9167938232421875
ID20,v4_flipLR,22,34,88,136,5.970821321441846,0.542222272959681,1.7657465559579564,0.9575449221451957,0.033549372028859444,0.92120361328125
ID20,v4_flipLR,25,3,100,12,5.863230142835039,0.5570803661440764,1.769044910501833,0.9619186492709133,0.027389480080414468,0.950958251953125
ID20,v4_flipLR,25,51,100,204,6.3328129003685705,0.47405032998111796,1.7221353494060077,0.9619967447716734,0.0321269647650831,0.8986968994140625
ID20,v4_flipLR,26,14,104,56,5.753627391751592,0.547821405220581,1.7689430377552007,0.960609735504966,0.030635628282285374,0.9194183349609375
ID20,v4_flipLR,26,51,104,204,6.3328129003685705,0.47405032998111796,1.7221352327732808,0.9619955776672194,0.03220031165578261,0.8986663818359375
ID20,v4_flipLR,28,56,112,224,6.282549314314218,0.46610068246806996,1.7207884252407937,0.9605305626853973,0.03422227369214094,0.8980255126953125
ID20,v4_flipLR,30,6,120,24,5.808428767293315,0.5497387493475586,1.7692504243908107,0.9598207434236778,0.02896515833273072,0.94903564453125
ID20,v4_flipLR,30,18,120,72,6.023664550594173,0.5492807598471213,1.7686140239711539,0.9620686479184576,0.029574200153720077,0.91986083984375
ID20,v4_flipLR,30,42,120,168,6.3328129003685705,0.5458945920502996,1.7567179515892082,0.9656343656343657,0.03265199465135015,0.9238433837890625
ID20,v4_flipLR,32,8,128,32,5.970821321441846,0.547821405220581,1.7717932594476,0.95771468930891,0.03100398713468408,0.9475555419921875
ID20,v4_flipLR,34,16,136,64,6.023664550594173,0.5492807598471213,1.7686083921347966,0.9620544622847144,0.029585348186801003,0.919891357421875
ID20,v4_flipLR,35,12,140,48,5.86222435659672,0.5307952809041891,1.7732201000081544,0.9547143734643735,0.0336857658226209,0.9149932861328125
ID20,v4_flipLR,35,50,140,200,6.3328129003685705,0.4623106540989581,1.7265689981762755,0.9602635782747604,0.03374229944431468,0.8980712890625
ID20,v4_flipLR,36,30,144,120,6.076507779746499,0.507575204119302,1.7700665131665332,0.9567134145404832,0.03300793190665917,0.915130615234375
ID20,v4_flipLR,36,34,144,136,6.231468273342625,0.5302063356023162,1.7689278356371256,0.9549465076242006,0.034793370433341214,0.9196014404296875
ID20,v4_flipLR,36,37,144,148,6.180387232371033,0.3720229733481986,1.7654068680679968,0.9627397934087555,0.03380341332871457,0.9212646484375
ID20,v4_flipLR,36,45,144,180,6.4820448144285745,0.5158511705585476,1.7590202669709674,0.953966593866314,0.03817186311999656,0.898590087890625
ID20,v4_flipLR,37,45,148,180,6.4820448144285745,0.5051881266506723,1.7586778391260622,0.9526058331282303,0.03897511806424083,0.8975830078125
ID20,v4_flipLR,38,61,152,244,5.527906391541368,0.44590105237362265,1.721139911422508,0.9589647434912243,0.0344017576873133,0.9324188232421875
ID20,v4_flipLR,39,24,156,96,6.076507779746499,0.4839833961807995,1.7716789025894717,0.9520126695162828,0.036831766019284375,0.9097442626953125
ID20,v4_flipLR,39,30,156,120,5.970821321441846,0.4759274751553666,1.7698855702708391,0.9522184300341296,0.03625973441383847,0.9102783203125
ID20,v4_flipLR,41,12,164,48,5.970821321441846,0.4888096300956433,1.7727468376510365,0.9472178647227092,0.03914791066979068,0.9090118408203125
ID20,v4_flipLR,41,52,164,208,6.180387232371033,0.46287490766401895,1.7231874536914629,0.9584768171196655,0.0360654334348201,0.894195556640625
ID20,v4_flipLR,42,29,168,116,6.023664550594173,0.4470171862531117,1.7663377478662674,0.9498462011688711,0.03795326098730825,0.909210205078125
ID20,v4_flipLR,42,33,168,132,5.970821321441846,0.4677724772342809,1.7653170649861134,0.9472355621228913,0.04037726058594196,0.9099578857421875
ID20,v4_flipLR,43,30,172,120,5.970821321441846,0.4350777281653825,1.7641252806125762,0.9495153100476996,0.038901318479402765,0.9086456298828125
ID20,v4_flipLR,43,61,172,244,5.641895835477563,0.42631755748801015,1.720914910836832,0.9541161631698764,0.037692153291700586,0.9292449951171875
ID20,v4_flipLR,45,19,180,76,6.023664550594173,0.4470171862531117,1.7596711624995969,0.9504606345837371,0.03791760615980852,0.9117279052734375
ID20,v4_flipLR,46,14,184,56,5.970821321441846,0.4527816868485681,1.755662690182355,0.9468044216902665,0.038507368096097394,0.9107208251953125
ID20,v4_flipLR,46,25,184,100,6.179528547030358,0.4184054397519103,1.7560965363109116,0.9444085326438267,0.041231771714050174,0.906402587890625
ID20,v4_flipLR,48,14,192,56,5.970821321441846,0.42862638549729226,1.75196518139287,0.9381216658723692,0.04099230963356245,0.89764404296875
ID20,v4_flipLR,48,33,192,132,5.86222435659672,0.4142889551199139,1.7511620411987991,0.9360024638127502,0.0451476954721693,0.8983154296875
ID20,v6_flipLR_rot180,1,20,4,80,5.753627391751592,0.39734733862530525,1.7340857255840643,0.9543723316030347,0.03296515619628999,0.9545745849609375
ID20,v6_flipLR_rot180,1,45,4,180,5.808428767293315,0.448676750151641,1.7297606362278097,0.9518372239553718,0.03715104342852186,0.9508209228515625
ID20,v6_flipLR_rot180,5,7,20,28,6.076507779746499,0.3915087278732629,1.7372237474575563,0.9586044941060904,0.029859885356327963,0.9552154541015625
ID20,v6_flipLR_rot180,6,12,24,48,5.527906391541368,0.37486622820042226,1.735978522522741,0.9582974932415826,0.03155876129650597,0.9548492431640625
ID20,v6_flipLR_rot180,8,18,32,72,5.292567428401227,0.37726463228289914,1.735951909533162,0.9640708453557616,0.026989171954185136,0.961456298828125
ID20,v6_flipLR_rot180,8,44,32,176,5.292567428401227,0.4214619104853164,1.7284416808980911,0.9595175910278076,0.03242225941079956,0.935333251953125
ID20,v6_flipLR_rot180,9,46,36,184,5.292567428401227,0.4143211939157016,1.7297993136103693,0.9586093478628406,0.033594563557399724,0.9319915771484375
ID20,v6_flipLR_rot180,9,51,36,204,5.292567428401227,0.4046774212568501,1.7226624152788688,0.96357437921344,0.030140358579373503,0.9373779296875
ID20,v6_flipLR_rot180,11,6,44,24,5.527906391541368,0.3785301092576669,1.7378949635215235,0.968291223710249,0.0243377405013706,0.9640350341796875
ID20,v6_flipLR_rot180,12,41,48,164,5.753627391751592,0.48984220166076703,1.7258655157858314,0.9662564448809231,0.02688778698962232,0.940032958984375
ID20,v6_flipLR_rot180,13,18,52,72,5.292567428401227,0.3893583551753575,1.7359004858209173,0.9681843284040007,0.0237108606732248,0.964263916015625
ID20,v6_flipLR_rot180,13,41,52,164,5.808428767293315,0.49095239263786355,1.7257200981176908,0.9666728042717732,0.026428192664497085,0.9405975341796875
ID20,v6_flipLR_rot180,14,35,56,140,5.527906391541368,0.4697872570207019,1.726725713636395,0.9626268675050287,0.029196016300232195,0.93695068359375
ID20,v6_flipLR_rot180,14,36,56,144,5.527906391541368,0.48311388555216017,1.7266490429087373,0.9636151496077499,0.02858865230844758,0.9385986328125
ID20,v6_flipLR_rot180,14,42,56,168,5.753627391751592,0.48984220166076703,1.726418786942033,0.9663126553915099,0.026855752295182708,0.9414215087890625
ID20,v6_flipLR_rot180,14,46,56,184,5.863230142835039,0.4562581387329386,1.729045894257853,0.9613056835637481,0.03069205726087724,0.935272216796875
ID20,v6_flipLR_rot180,15,8,60,32,5.292567428401227,0.39066424476798833,1.7373918380382494,0.9680250398919847,0.02428159597468176,0.96563720703125
ID20,v6_flipLR_rot180,16,6,64,24,5.410236909971298,0.3877810859517722,1.7381262043320458,0.9704898923279855,0.02281579375862399,0.9658203125
ID20,v6_flipLR_rot180,16,36,64,144,5.292567428401227,0.48536957464581076,1.7260262260860302,0.9653346024532907,0.02781696367591251,0.9395294189453125
ID20,v6_flipLR_rot180,18,37,72,148,5.292567428401227,0.487612297275469,1.7261528177751007,0.9665725336116398,0.026615494271925316,0.9409332275390625
ID20,v6_flipLR_rot180,19,16,76,64,5.170882945826411,0.39423848757329544,1.7356169731357698,0.9701691691845217,0.022525644783871847,0.9652099609375
ID20,v6_flipLR_rot180,19,62,76,248,5.641895835477563,0.45874687728197816,1.722376222298441,0.9612823031121478,0.03049317649922571,0.9348602294921875
ID20,v6_flipLR_rot180,20,51,80,204,5.292567428401227,0.4285395672515455,1.7214844062590209,0.9679498986922085,0.026727262974337553,0.9412994384765625
ID20,v6_flipLR_rot180,21,0,84,0,5.292567428401227,0.382797952537734,1.7380140176517669,0.9703346933766911,0.023034041298523194,0.9657440185546875
ID20,v6_flipLR_rot180,22,42,88,168,5.292567428401227,0.49205943349432596,1.725804100509861,0.9682666339307635,0.02559823378124509,0.9426116943359375
ID20,v6_flipLR_rot180,22,64,88,256,5.697761613614578,0.46155685998139,1.7210703107661096,0.9617898904336617,0.030166829373965153,0.935302734375
ID20,v6_flipLR_rot180,23,21,92,84,5.64076689164648,0.4164867400260614,1.7366281003844228,0.9610331808833912,0.026602623570676942,0.9616241455078125
ID20,v6_flipLR_rot180,24,11,96,44,5.231725187113819,0.38208501699403496,1.7360982660676298,0.9677830304518664,0.024989722383394374,0.9630126953125
ID20,v6_flipLR_rot180,25,33,100,132,5.410236909971298,0.467470512368013,1.7269265665908655,0.9648115452521686,0.027878107834112233,0.938629150390625
ID20,v6_flipLR_rot180,25,50,100,200,5.292567428401227,0.4214619104853164,1.7222481644737682,0.9673953088542306,0.027138819627404765,0.9421539306640625
ID20,v6_flipLR_rot180,27,38,108,152,5.292567428401227,0.49205943349432596,1.725003849731235,0.9684551298771039,0.025329593866876908,0.9430389404296875
ID20,v6_flipLR_rot180,28,42,112,168,5.292567428401227,0.49316334205625734,1.7250482915523118,0.9686713715863762,0.02513563315199566,0.9430084228515625
ID20,v6_flipLR_rot180,29,57,116,228,5.4115163798060095,0.39734733862530525,1.7201277248484488,0.9603549932440733,0.030799455062601077,0.93701171875
ID20,v6_flipLR_rot180,30,20,120,80,5.292567428401227,0.40659138245658627,1.7369732093846975,0.9645394423900201,0.025151155682903048,0.963409423828125
ID20,v6_flipLR_rot180,30,39,120,156,5.292567428401227,0.4942641359988749,1.724747435123121,0.9694023097805249,0.024200010893475156,0.94329833984375
ID20,v6_flipLR_rot180,32,17,128,68,5.231725187113819,0.39766699692626145,1.7354883770738323,0.9704912501342003,0.022260637198179237,0.9655303955078125
ID20,v6_flipLR_rot180,32,24,128,96,5.292567428401227,0.4046774212568501,1.734369772373261,0.9632443216697361,0.02620404553753917,0.9609527587890625
ID20,v6_flipLR_rot180,32,28,128,112,5.292567428401227,0.45153025020227755,1.730010548880615,0.9670961803957662,0.024517337973827387,0.962066650390625
ID20,v6_flipLR_rot180,32,45,128,180,5.292567428401227,0.48311388555216017,1.7256260988838308,0.9648174868756332,0.02780106475907217,0.938079833984375
ID20,v6_flipLR_rot180,33,8,132,32,5.292567428401227,0.3917952496151841,1.7366457515837188,0.9694766550095097,0.022924914181013317,0.966461181640625
ID20,v6_flipLR_rot180,33,12,132,48,5.231725187113819,0.3869277322296774,1.7359862886863375,0.9687672662532998,0.02422877875297549,0.963470458984375
ID20,v6_flipLR_rot180,33,54,132,216,5.3520419041036185,0.4123775130539427,1.718788944477139,0.9669270553568962,0.026951768648332455,0.94189453125
ID20,v6_flipLR_rot180,34,63,136,252,5.4115163798060095,0.45874687728197816,1.7201322386141091,0.9620855262148436,0.02982616197518427,0.93585205078125
ID20,v6_flipLR_rot180,36,47,144,188,5.4115163798060095,0.4562581387329386,1.7269120364685495,0.9633086677515429,0.029166971003998086,0.9375457763671875
ID20,v6_flipLR_rot180,36,50,144,200,5.292567428401227,0.4143211939157016,1.7211928560175267,0.9674206617150574,0.026925595375205624,0.9417266845703125
ID20,v6_flipLR_rot180,37,32,148,128,5.3520419041036185,0.467470512368013,1.7279257806672668,0.9651626764886433,0.02732500976706592,0.9604949951171875
ID20,v6_flipLR_rot180,39,38,156,152,5.3520419041036185,0.4793217207231045,1.7252150511834243,0.966743365546863,0.026204034443771285,0.9416656494140625
ID20,v6_flipLR_rot180,40,9,160,36,5.4115163798060095,0.3913817176609386,1.7377620560348792,0.9624733213567338,0.028122722020711064,0.9614715576171875
ID20,v6_flipLR_rot180,40,28,160,112,5.4115163798060095,0.4112535771004295,1.7302155936633248,0.9643974720824641,0.02629961023893468,0.9604034423828125
ID20,v6_flipLR_rot180,42,33,168,132,5.469711385673689,0.4085126742603225,1.726834391462335,0.959181166208517,0.03213140512140919,0.9340057373046875
ID20,v6_flipLR_rot180,43,5,172,20,5.292567428401227,0.3954776508334541,1.7389684632508513,0.9635947320701366,0.029123688292810267,0.957763671875
ID20,v6_flipLR_rot180,43,25,172,100,5.170882945826411,0.39682804928571963,1.733639014253235,0.9587972418876791,0.031154436722447425,0.9559478759765625
ID20,v6_flipLR_rot180,43,52,172,208,5.292567428401227,0.4142228237443092,1.72018605725929,0.9641239772186487,0.029418822534038068,0.9384765625
ID20,v6_flipLR_rot180,45,2,180,8,5.527906391541368,0.3885038755557977,1.7402225508598588,0.9605180183644277,0.0318425882263973,0.9569244384765625
ID20,v6_flipLR_rot180,45,27,180,108,5.3520419041036185,0.39713466189336216,1.7327484089237317,0.957499731302492,0.03125722856985653,0.956878662109375
ID20,v6_flipLR_rot180,45,59,180,236,5.641895835477563,0.3884362895447689,1.7264942436550614,0.9502627454595741,0.03780849460563913,0.9298095703125
ID20,v6_flipLR_rot180,48,33,192,132,5.469711385673689,0.40828967960992224,1.7255522439874666,0.9564709319310546,0.03531073434774265,0.9326324462890625
ID21,v0_rot0,0,47,0,188,4.979095155321801,1.5394370883914235,1.7157647980769948,0.9979366947378074,0.0041893343781153536,0.996337890625
ID21,v0_rot0,1,28,4,112,5.292567428401227,0.2589480542049564,1.7178151488881717,0.9963008819797924,0.005138264684644195,0.9945526123046875
ID21,v0_rot0,3,18,12,72,5.753627391751592,0.2950700492458707,1.7180454267712948,0.9940869990374185,0.005700073761459884,0.9928741455078125
ID21,v0_rot0,3,40,12,160,4.787307364817192,1.6533714631440615,1.7159530802457363,0.998257253798881,0.004226314757022989,0.99639892578125
ID21,v0_rot0,4,12,16,48,5.753627391751592,0.2950700492458707,1.7181583477576885,0.993720397249809,0.005915986165850909,0.9929046630859375
ID21,v0_rot0,4,30,16,120,5.292567428401227,0.2589480542049564,1.7175977131297988,0.9963773100380612,0.005042222354090098,0.9952239990234375
ID21,v0_rot0,5,9,20,36,6.308644954664645,0.33744263326220775,1.7183138260856456,0.9932158846089202,0.006168268308498303,0.9928131103515625
ID21,v0_rot0,6,14,24,56,6.308644954664645,0.33744263326220775,1.71837451245538,0.9930183173686542,0.006011343016974832,0.9918212890625
ID21,v0_rot0,6,33,24,132,5.292567428401227,1.3867578221284376,1.7159454996912193,0.9969571400174314,0.005224058488323828,0.9948883056640625
ID21,v0_rot0,6,39,24,156,4.787307364817192,1.6533714631440615,1.7159530802457363,0.998257253798881,0.004226314757022989,0.99639892578125
ID21,v0_rot0,7,43,28,172,4.787307364817192,1.6533714631440615,1.7159530802457363,0.998257253798881,0.004226314757022989,0.99639892578125
ID21,v0_rot0,8,53,32,212,6.017272731702054,1.7749756236528047,1.7155634227762981,0.9988384710611178,0.0032529367162462512,0.9972381591796875
ID21,v0_rot0,9,21,36,84,5.753627391751592,0.34187873201880026,1.718067299344122,0.9937476114041122,0.006459439148632992,0.992156982421875
ID21,v0_rot0,9,23,36,92,5.52309741007641,0.33714464188514365,1.7180194486232632,0.9936390464686005,0.006881346008757594,0.9915618896484375
ID21,v0_rot0,9,42,36,168,4.787307364817192,1.6533714631440615,1.7159530802457363,0.998257253798881,0.004226314757022989,0.99639892578125
ID21,v0_rot0,10,13,40,52,6.308644954664645,0.33744263326220775,1.71837451245538,0.9930183173686542,0.006011343016974832,0.9918212890625
ID21,v0_rot0,10,20,40,80,6.308644954664645,0.33744263326220775,1.7182212452076784,0.9933822405624332,0.006325918265481511,0.99237060546875
ID21,v0_rot0,11,15,44,60,6.308644954664645,0.33744263326220775,1.7183747151129547,0.9930178907001971,0.0060237098074269945,0.99176025390625
ID21,v0_rot0,11,53,44,212,6.017272731702054,1.7749756236528047,1.7155634227762981,0.9988384710611178,0.0032529367162462512,0.9972381591796875
ID21,v0_rot0,12,48,48,192,4.979095155321801,1.5394370883914235,1.7157572108504187,0.9979516967288291,0.004345981888564296,0.9964447021484375
ID21,v0_rot0,12,51,48,204,5.231725187113819,1.7084050128361203,1.715673671596391,0.998272884283247,0.0037933241572071725,0.9970245361328125
ID21,v0_rot0,14,40,56,160,4.787307364817192,1.6533714631440615,1.7159531349593489,0.9982571472251949,0.004322631689697009,0.996337890625
ID21,v0_rot0,14,41,56,164,4.787307364817192,1.6533714631440615,1.7159531349593489,0.9982571472251949,0.004322631689697009,0.996337890625
ID21,v0_rot0,14,43,56,172,4.787307364817192,1.6533714631440615,1.7159531349593489,0.9982571472251949,0.004322631689697009,0.996337890625
ID21,v0_rot0,14,49,56,196,5.170882945826411,1.6441866598307864,1.7156726917206566,0.9981198122869502,0.004189974763076621,0.996368408203125
ID21,v0_rot0,15,26,60,104,4.222008245644752,0.16607876991889928,1.716115266416297,0.9978145250030566,0.004129125935455468,0.996673583984375
ID21,v0_rot0,15,34,60,136,4.787307364817192,1.6533714631440615,1.7159531349593489,0.9982571472251949,0.004322631689697009,0.996337890625
ID21,v0_rot0,15,50,60,200,5.170882945826411,1.6441866598307864,1.7156649701024864,0.998135212387081,0.004069669342459608,0.9964141845703125
ID21,v0_rot0,16,0,64,0,4.757287837022989,0.3647436002569401,1.7158427231534,0.9955396694467357,0.004258948889592982,0.994476318359375
ID21,v0_rot0,19,62,76,248,6.017272731702054,1.7749756236528047,1.7155633764679208,0.9988385775631523,0.00319262667090058,0.9973297119140625
ID21,v0_rot0,20,1,80,4,4.757287837022989,0.3647436002569401,1.7158427950459076,0.9955392606171708,0.004355324370810781,0.994476318359375
ID21,v0_rot0,20,33,80,132,4.787307364817192,1.6533714631440615,1.7159532170423162,0.9982569873402238,0.004419095531317059,0.996337890625
ID21,v0_rot0,21,4,84,16,4.757287837022989,0.3647436002569401,1.7158428070292737,0.9955391924716235,0.004403384194180533,0.9943695068359375
ID21,v0_rot0,21,30,84,120,4.504657805230972,0.18137380788012306,1.715952929817798,0.9982575468093237,0.003889476575327065,0.9965667724609375
ID21,v0_rot0,22,27,88,108,4.504657805230972,0.18137380788012306,1.715952929817798,0.9982575468093237,0.003889476575327065,0.9965667724609375
ID21,v0_rot0,23,9,92,36,5.292567428401227,0.3570796207244529,1.7165133277770264,0.9949739531615209,0.0048233254661051075,0.993804931640625
ID21,v0_rot0,23,23,92,92,4.787307364817192,0.3570796207244529,1.7161565906522505,0.995596532269162,0.0056320312314940175,0.9935760498046875
ID21,v0_rot0,24,33,96,132,4.787307364817192,1.6533714631440615,1.7159532307242749,0.9982569606898766,0.0044671974799909905,0.9962310791015625
ID21,v0_rot0,25,20,100,80,5.292567428401227,0.3570796207244529,1.7163592574480353,0.9953388146834978,0.005077229316824901,0.994384765625
ID21,v0_rot0,25,21,100,84,4.757287837022989,0.3647436002569401,1.7162048940600145,0.9957046118100246,0.005210455722565195,0.994171142578125
ID21,v0_rot0,25,59,100,236,6.017272731702054,1.7749756236528047,1.715563484534014,0.9988383290280177,0.0034574182024435613,0.9971160888671875
ID21,v0_rot0,27,52,108,208,6.017272731702054,1.7749756236528047,1.7156064059369385,0.9987009215815134,0.0033969781944564177,0.9972381591796875
ID21,v0_rot0,29,8,116,32,5.292567428401227,0.3570796207244529,1.7165133277770264,0.9949739531615209,0.004835323788160094,0.993804931640625
ID21,v0_rot0,30,53,120,212,6.017272731702054,1.7749756236528047,1.7155634227762981,0.9988384710611178,0.0032529367162462512,0.9972381591796875
ID21,v0_rot0,30,62,120,248,6.017272731702054,1.7749756236528047,1.7155633764679208,0.9988385775631523,0.00319262667090058,0.9973297119140625
ID21,v0_rot0,32,6,128,24,5.292567428401227,0.3570796207244529,1.7163683503180527,0.995096167066408,0.004703342245555228,0.9943695068359375
ID21,v0_rot0,34,11,136,44,5.292567428401227,0.3570796207244529,1.7165151249000876,0.9948977253631933,0.0048471740121991585,0.99383544921875
ID21,v0_rot0,35,19,140,76,5.292567428401227,0.3570796207244529,1.7165289448686583,0.9949264953085363,0.0051849385156590615,0.994384765625
ID21,v0_rot0,35,35,140,140,4.787307364817192,1.6533714631440615,1.715987726446424,0.9981652217788175,0.00456326624300155,0.9962310791015625
ID21,v0_rot0,35,52,140,208,6.017272731702054,1.7749756236528047,1.7156408868972743,0.9986092219284437,0.003493005846596528,0.9972381591796875
ID21,v0_rot0,36,62,144,248,6.017272731702054,1.7749756236528047,1.7155633764679208,0.9988385775631523,0.00319262667090058,0.9973297119140625
ID21,v0_rot0,37,7,148,28,4.757287837022989,0.3968449245245077,1.7169564606021435,0.993369287885964,0.005759722525029795,0.9933624267578125
ID21,v0_rot0,38,31,152,124,5.03993739660921,0.3646747586093565,1.7166536785799043,0.9962392796538915,0.004898757902346,0.9964141845703125
ID21,v0_rot0,39,5,156,20,4.757287837022989,0.3978090903938445,1.7172125652344685,0.9916885656664426,0.006299792760857733,0.9907379150390625
ID21,v0_rot0,39,29,156,116,5.03993739660921,0.3646747586093565,1.7170506681213034,0.9952921755345979,0.005078082984838981,0.9945831298828125
ID21,v0_rot0,39,42,156,168,5.292567428401227,1.396250600021352,1.7168458310713046,0.9953364627452179,0.005596176574413402,0.9942474365234375
ID21,v0_rot0,40,31,160,124,5.292567428401227,0.34325321912774864,1.7184858024943643,0.9944497958809229,0.006052332069665213,0.9933624267578125
ID21,v0_rot0,40,55,160,220,6.863662517577698,1.5571053002306288,1.7162463752980357,0.9954448877271824,0.004898158858258952,0.9941864013671875
ID21,v0_rot0,41,3,164,12,5.292567428401227,0.38774596646014897,1.7201447400091512,0.990418850567687,0.007320989588674431,0.989990234375
ID21,v0_rot0,42,24,168,96,6.863662517577698,0.3648409847228194,1.7221927572349038,0.9911913136565224,0.007963281577190827,0.9900360107421875
ID21,v0_rot0,42,43,168,172,6.078114972989463,1.154727632277435,1.7165927885036982,0.9947853745813772,0.006137330624013213,0.99261474609375
ID21,v0_rot0,42,50,168,200,6.078114972989463,1.1415331918399538,1.7163041359133113,0.9946653215328412,0.005570455172137632,0.992919921875
ID21,v0_rot0,43,63,172,252,6.863662517577698,1.7134883997436192,1.7157790662324837,0.9979210614815495,0.004130009602994928,0.996124267578125
ID21,v0_rot0,44,0,176,0,4.831380575384772,0.38439271293532673,1.721658278991024,0.9894704668755253,0.008113840581595096,0.9885101318359375
ID21,v0_rot0,44,10,176,40,5.292567428401227,0.381039813325089,1.7223288234509007,0.9889053593532711,0.0084616609134771,0.98797607421875
ID21,v0_rot0,45,15,180,60,6.863662517577698,0.36671331934107015,1.7228564693810215,0.9898556260025972,0.007379418997623263,0.990570068359375
ID21,v0_rot0,45,52,180,208,6.863662517577698,1.5571053002306288,1.7159958193071327,0.9943602989500069,0.005269678487084929,0.9943084716796875
ID21,v0_rot0,47,44,188,176,6.078114972989463,1.173985982915625,1.7152345711856691,0.9927209334332421,0.006413570554252556,0.9931793212890625
ID21,v2_rot180,0,8,0,32,5.046265044040321,0.5050332749387854,1.722971900262339,0.9963616351239796,0.006099340615249086,0.9893646240234375
ID21,v2_rot180,0,17,0,68,5.046265044040321,0.5050332749387854,1.7229731022123655,0.9963610788330989,0.006460525532197223,0.9891510009765625
ID21,v2_rot180,0,46,0,184,6.180387232371033,1.6100738775749723,1.7164172721436468,0.9962078930870503,0.0054522357556299255,0.9958648681640625
ID21,v2_rot180,1,44,4,176,5.462255168789001,1.4942048542605537,1.7186215466235126,0.9961182259987162,0.005269275815806458,0.9950103759765625
ID21,v2_rot180,1,51,4,204,5.170882945826411,1.780492778655348,1.714997285414695,0.9975234659247256,0.004310360789122877,0.996490478515625
ID21,v2_rot180,2,33,8,132,5.170882945826411,0.7048432820370334,1.7227097884871978,0.9959800070311664,0.006458649280953597,0.9875030517578125
ID21,v2_rot180,2,50,8,200,5.170882945826411,1.6602296193730692,1.7149511394524797,0.9965602115852074,0.004598729519212711,0.9964447021484375
ID21,v2_rot180,2,59,8,236,6.383076486422923,1.7134213315669522,1.7152363243592508,0.9984255579333537,0.0036976862477287385,0.9967498779296875
ID21,v2_rot180,2,61,8,244,6.383076486422923,1.7134213315669522,1.715389235050968,0.9982879853255885,0.0037937300463710437,0.9967498779296875
ID21,v2_rot180,3,28,12,112,5.108573994933366,0.46853442272164514,1.722709672335294,0.9959800684764001,0.0064585505610758615,0.987518310546875
ID21,v2_rot180,5,0,20,0,5.046265044040321,0.4286263854972922,1.7230348579741694,0.9959033934576582,0.006398918084543563,0.9873504638671875
ID21,v2_rot180,5,13,20,52,5.046265044040321,0.46853442272164514,1.7228885175992514,0.9961169204427323,0.006639839545630601,0.9874420166015625
ID21,v2_rot180,5,63,20,252,6.383076486422923,1.7134213315669522,1.7156781184014553,0.9980279450882075,0.004178288452965909,0.9961700439453125
ID21,v2_rot180,8,54,32,216,6.882181329904766,1.775402392062135,1.7151343860735655,0.998517137004311,0.003770064868480734,0.9966583251953125
ID21,v2_rot180,9,26,36,104,5.108573994933366,0.46853442272164514,1.7227104854731965,0.9959796383203143,0.006519271790586765,0.9874420166015625
ID21,v2_rot180,11,17,44,68,5.046265044040321,0.46853442272164514,1.7228870909940988,0.9961176326730252,0.0063264984120575815,0.9876251220703125
ID21,v2_rot180,11,27,44,108,5.108573994933366,0.46853442272164514,1.7227087432478716,0.9959805599706566,0.0062417019954559404,0.98760986328125
ID21,v2_rot180,12,4,48,16,5.046265044040321,0.46853442272164514,1.7228847144814512,0.9961188191430842,0.0058205199750590185,0.9879302978515625
ID21,v2_rot180,12,51,48,204,4.979095155321801,1.848493083871966,1.7147635098043044,0.998410587929638,0.00334886200522501,0.9976654052734375
ID21,v2_rot180,14,61,56,244,5.776979716124667,1.7748446172627343,1.7154441450953035,0.9989149206058106,0.003240834198604848,0.997344970703125
ID21,v2_rot180,15,35,60,140,5.170882945826411,0.7048432820370334,1.722709904642653,0.9959799455840543,0.006518773542918505,0.98748779296875
ID21,v2_rot180,15,59,60,236,5.776979716124667,1.7748446172627343,1.71527427808202,0.9990677486894992,0.0030727909438623747,0.997833251953125
ID21,v2_rot180,16,22,64,88,5.046265044040321,0.4286263854972922,1.7226846358534693,0.9957966495475666,0.006614612191733828,0.9873046875
ID21,v2_rot180,18,9,72,36,5.046265044040321,0.46853442272164514,1.72288518966777,0.9961185819070905,0.005904888392291328,0.9879302978515625
ID21,v2_rot180,18,11,72,44,5.046265044040321,0.46853442272164514,1.722886140214702,0.9961181073480866,0.00615767908397865,0.9877471923828125
ID21,v2_rot180,18,64,72,256,5.776979716124667,1.7748446172627343,1.7154441450953035,0.9989149206058106,0.003240834198604848,0.997344970703125
ID21,v2_rot180,19,26,76,104,5.108573994933366,0.46853442272164514,1.7227087432478716,0.9959805599706566,0.0062417019954559404,0.98760986328125
ID21,v2_rot180,19,29,76,116,5.108573994933366,0.46853442272164514,1.7227087432478716,0.9959805599706566,0.006217695449319572,0.98760986328125
ID21,v2_rot180,19,36,76,144,5.170882945826411,0.7048432820370334,1.7227080465813835,0.9959809285124851,0.006157114487345136,0.9877166748046875
ID21,v2_rot180,23,3,92,12,5.046265044040321,0.46853442272164514,1.7228847144814512,0.9961188191430842,0.0058205199750590185,0.9879302978515625
ID21,v2_rot180,24,56,96,224,5.170882945826411,1.8291557976732968,1.714900570652796,0.9994039704736142,0.0028327291513731267,0.997833251953125
ID21,v2_rot180,24,58,96,232,5.170882945826411,1.8291557976732968,1.714985504159438,0.9993275564317698,0.0029287538683688257,0.997833251953125
ID21,v2_rot180,24,60,96,240,5.776979716124667,1.7748446172627343,1.715427158393975,0.9989302034141794,0.0031928218401069985,0.997833251953125
ID21,v2_rot180,25,9,100,36,5.046265044040321,0.46853442272164514,1.72288518966777,0.9961185819070905,0.005904888392291328,0.9879302978515625
ID21,v2_rot180,25,54,100,216,5.170882945826411,1.8291557976732968,1.714900570652796,0.9994039704736142,0.0028327291513731267,0.997833251953125
ID21,v2_rot180,26,31,104,124,5.108573994933366,0.46853442272164514,1.7227081626835927,0.9959808670935404,0.006121201511877052,0.9876861572265625
ID21,v2_rot180,27,3,108,12,5.046265044040321,0.46853442272164514,1.7228847144814512,0.9961188191430842,0.0058205199750590185,0.9879302978515625
ID21,v2_rot180,28,19,112,76,5.046265044040321,0.4286263854972922,1.7227135580164163,0.995842504279775,0.006506569524355236,0.9876251220703125
ID21,v2_rot180,28,54,112,216,5.170882945826411,1.8291557976732968,1.714900570652796,0.9994039704736142,0.0028327291513731267,0.997833251953125
ID21,v2_rot180,29,38,116,152,5.753627391751592,1.428780865087186,1.7228891319151685,0.9963802978235968,0.00506205460028596,0.9888763427734375
ID21,v2_rot180,29,53,116,212,5.170882945826411,1.8291557976732968,1.714900570652796,0.9994039704736142,0.0028327291513731267,0.997833251953125
ID21,v2_rot180,30,60,120,240,5.776979716124667,1.7748446172627343,1.715427158393975,0.9989302034141794,0.0031928218401069985,0.997833251953125
ID21,v2_rot180,31,2,124,8,5.046265044040321,0.46853442272164514,1.7228847144814512,0.9961188191430842,0.0058205199750590185,0.9879302978515625
ID21,v2_rot180,31,25,124,100,5.108573994933366,0.46853442272164514,1.7227087432478716,0.9959805599706566,0.0062417019954559404,0.98760986328125
ID21,v2_rot180,32,7,128,28,5.046265044040321,0.46853442272164514,1.7228847144814512,0.9961188191430842,0.0058205199750590185,0.9879302978515625
ID21,v2_rot180,33,52,132,208,5.170882945826411,1.8291557976732968,1.714872498562055,0.9991747283480813,0.0030727909438623747,0.997833251953125
ID21,v2_rot180,34,20,136,80,5.046265044040321,0.4286263854972922,1.7226846358534693,0.9957966495475666,0.006614612191733828,0.9873046875
ID21,v2_rot180,34,41,136,164,5.753627391751592,1.428780865087186,1.7212842529137302,0.9965180207697006,0.004425960939121234,0.99566650390625
ID21,v2_rot180,35,30,140,120,5.108573994933366,0.46853442272164514,1.7227081626835927,0.9959808670935404,0.006121201511877052,0.9876861572265625
ID21,v2_rot180,35,49,140,196,5.170882945826411,1.6602296193730692,1.714912373942839,0.9969430178527757,0.004333711435963543,0.9952392578125
ID21,v2_rot180,36,11,144,44,5.046265044040321,0.46853442272164514,1.722886140214702,0.9961181073480866,0.00615767908397865,0.9877471923828125
ID21,v2_rot180,36,46,144,184,5.170882945826411,1.6602296193730692,1.7160991582781695,0.9968518377015358,0.004549031923704942,0.9954681396484375
ID21,v2_rot180,37,15,148,60,5.046265044040321,0.46853442272164514,1.722886140214702,0.9961181073480866,0.00615767908397865,0.9877471923828125
ID21,v2_rot180,37,30,148,120,5.108573994933366,0.46853442272164514,1.7227081626835927,0.9959808670935404,0.006121201511877052,0.9876861572265625
ID21,v2_rot180,37,56,148,224,5.170882945826411,1.8291557976732968,1.714900570652796,0.9994039704736142,0.0028327291513731267,0.997833251953125
ID21,v2_rot180,38,7,152,28,5.046265044040321,0.46853442272164514,1.72288518966777,0.9961185819070905,0.005916890197966718,0.9879150390625
ID21,v2_rot180,38,14,152,56,5.046265044040321,0.46853442272164514,1.722886615575337,0.9961178700250657,0.006254087594456051,0.98773193359375
ID21,v2_rot180,39,27,156,108,5.108573994933366,0.46853442272164514,1.7227102531303247,0.9959797612314465,0.00657910077411458,0.9874114990234375
ID21,v2_rot180,39,48,156,192,5.170882945826411,1.6602296193730692,1.714912373942839,0.9969430178527757,0.004345716176783387,0.9952392578125
ID21,v2_rot180,39,54,156,216,5.170882945826411,1.8291557976732968,1.714900570652796,0.9994039704736142,0.0028327291513731267,0.997833251953125
ID21,v2_rot180,40,13,160,52,5.046265044040321,0.46853442272164514,1.722887685349308,0.9961173359421575,0.006483055507339183,0.987548828125
ID21,v2_rot180,40,32,160,128,5.170882945826411,0.7048432820370334,1.7227106016499598,0.9959795768619298,0.006627427329634821,0.98736572265625
ID21,v2_rot180,41,38,164,152,5.753627391751592,1.428780865087186,1.722890557783022,0.9963796342972366,0.005386917424582654,0.9886932373046875
ID21,v2_rot180,41,61,164,244,5.776979716124667,1.7748446172627343,1.715444190970045,0.9989147713377354,0.00349337957857449,0.99725341796875
ID21,v2_rot180,43,62,172,248,6.383076486422923,1.7133922353885336,1.7164928729855327,0.9982422621322125,0.003853462903333296,0.997222900390625
ID21,v2_rot180,44,36,176,144,5.462255168789001,0.6799506322685371,1.7240682195879398,0.9951088285644412,0.00711881130616726,0.98663330078125
ID21,v2_rot180,44,53,176,212,6.8449794188031206,1.7753836299093786,1.7162591767782023,0.9985325364190831,0.0037937880376281152,0.9967498779296875
ID21,v2_rot180,45,27,180,108,5.462255168789001,0.46853442272164514,1.7241353830415038,0.9952610257586181,0.007167816304338097,0.9870147705078125
ID21,v2_rot180,46,13,184,52,5.753627391751592,0.5050332749387854,1.7242487803898028,0.9957967780393115,0.006338309391890879,0.994293212890625
ID21,v2_rot180,46,45,184,180,5.462255168789001,1.1619782019598521,1.7187954590282863,0.99546114464736,0.00555726063502741,0.994232177734375
ID21,v2_rot180,48,11,192,44,5.753627391751592,0.5050332749387854,1.7215624375325786,0.9957203558218445,0.005894147559504587,0.994049072265625
ID21,v2_rot180,48,56,192,224,6.8449794188031206,1.7753836299093786,1.7162591416668322,0.99853258128124,0.0037336456002905246,0.9968414306640625
ID21,v4_flipLR,2,33,8,132,6.021808687603036,1.2170563701036103,1.7241313724536704,0.9956733121330724,0.006796345408557909,0.9938201904296875
ID21,v4_flipLR,2,50,8,200,5.170882945826411,1.6673258910108537,1.716095923109894,0.9966520928241661,0.0046345383415081634,0.9965667724609375
ID21,v4_flipLR,3,8,12,32,5.863230142835039,0.5094038207052681,1.72442257241233,0.9957359661322615,0.006253800845624712,0.988250732421875
ID21,v4_flipLR,3,28,12,112,5.517056544330725,0.46992741639300006,1.724350556018745,0.9953371757043922,0.007168254629164462,0.986785888671875
ID21,v4_flipLR,4,50,16,200,5.170882945826411,1.6673258910108537,1.7160959897660844,0.9966518880905061,0.004730880238168393,0.9965057373046875
ID21,v4_flipLR,6,1,24,4,5.046265044040321,0.48530691994304964,1.723062761040424,0.9962554258115791,0.006122043518565425,0.987701416015625
ID21,v4_flipLR,6,45,24,180,5.170882945826411,1.4063769641199948,1.7176560537585135,0.9962860505280533,0.005245670840218938,0.99505615234375
ID21,v4_flipLR,9,19,36,76,5.046265044040321,0.4437855646801794,1.7228908398428164,0.9959030803332569,0.006747592567902865,0.9873199462890625
ID21,v4_flipLR,9,23,36,92,5.046265044040321,0.4437855646801794,1.722852426777087,0.9958419322785294,0.00684364370765949,0.98699951171875
ID21,v4_flipLR,9,45,36,180,5.170882945826411,1.4063769641199948,1.717528763510553,0.9963632474061397,0.004752497176250929,0.995269775390625
ID21,v4_flipLR,9,55,36,220,5.170882945826411,1.8379130495854938,1.7148197835029422,0.9994192710323222,0.0027966344016444634,0.9978790283203125
ID21,v4_flipLR,12,52,48,208,5.170882945826411,1.8379130495854938,1.7148011494521325,0.9991747535722473,0.0030366888567212413,0.9978790283203125
ID21,v4_flipLR,14,18,56,72,5.046265044040321,0.48530691994304964,1.7230536032724637,0.9961631941790612,0.006423027215604562,0.9873809814453125
ID21,v4_flipLR,14,50,56,200,4.911654718753844,1.7545458433910006,1.7147013952115728,0.9974932746392761,0.0037934980990705805,0.99755859375
ID21,v4_flipLR,15,1,60,4,5.046265044040321,0.48530691994304964,1.7230512666204458,0.9961643082001284,0.005953077555015959,0.9876861572265625
ID21,v4_flipLR,15,26,60,104,5.108573994933366,0.46992741639300006,1.7228696864921316,0.9960108821911109,0.006314107628951792,0.98736572265625
ID21,v4_flipLR,16,47,64,188,5.170882945826411,1.6673258910108537,1.7152097401980022,0.9969888725849841,0.004477768325801666,0.9952850341796875
ID21,v4_flipLR,16,60,64,240,5.923232061975478,1.782510405728256,1.715360263695477,0.9988996714296631,0.0031807215297673078,0.9978790283203125
ID21,v4_flipLR,17,7,68,28,5.046265044040321,0.48530691994304964,1.7230511436763474,0.9961643668148963,0.00591698061637467,0.9876861572265625
ID21,v4_flipLR,18,27,72,108,5.108573994933366,0.46992741639300006,1.7228696864921316,0.9960108821911109,0.006314107628951792,0.98736572265625
ID21,v4_flipLR,18,50,72,200,4.911654718753844,1.7545458433910006,1.7147013952115728,0.9974932746392761,0.0037934980990705805,0.99755859375
ID21,v4_flipLR,19,59,76,236,5.923232061975478,1.782510405728256,1.7151854024567157,0.9990677771834645,0.003060694302228919,0.9978790283203125
ID21,v4_flipLR,20,53,80,212,5.170882945826411,1.8379130495854938,1.7148197835029422,0.9994192710323222,0.0027966344016444634,0.9978790283203125
ID21,v4_flipLR,21,59,84,236,5.923232061975478,1.782510405728256,1.7151854024567157,0.9990677771834645,0.003060694302228919,0.9978790283203125
ID21,v4_flipLR,22,20,88,80,5.046265044040321,0.4437855646801794,1.7228519470082726,0.9958421865207355,0.006711163015930748,0.987060546875
ID21,v4_flipLR,22,56,88,224,5.170882945826411,1.8379130495854938,1.7148197835029422,0.9994192710323222,0.0027966344016444634,0.9978790283203125
ID21,v4_flipLR,23,6,92,24,5.046265044040321,0.48530691994304964,1.7230511436763474,0.9961643668148963,0.00591698061637467,0.9876861572265625
ID21,v4_flipLR,23,23,92,92,5.046265044040321,0.4437855646801794,1.7228519470082726,0.9958421865207355,0.006711163015930748,0.987060546875
ID21,v4_flipLR,23,26,92,104,5.108573994933366,0.46992741639300006,1.7228696864921316,0.9960108821911109,0.006314107628951792,0.98736572265625
ID21,v4_flipLR,23,28,92,112,5.108573994933366,0.46992741639300006,1.7228696864921316,0.9960108821911109,0.006314107628951792,0.98736572265625
ID21,v4_flipLR,24,43,96,172,5.170882945826411,1.4063769641199948,1.7194992631642778,0.9962879227643519,0.004727122244639555,0.9954071044921875
ID21,v4_flipLR,26,20,104,80,5.046265044040321,0.4437855646801794,1.7228519470082726,0.9958421865207355,0.006711163015930748,0.987060546875
ID21,v4_flipLR,26,45,104,180,5.170882945826411,1.4063769641199948,1.717528763510553,0.9963632474061397,0.004752497176250929,0.995269775390625
ID21,v4_flipLR,27,19,108,76,5.046265044040321,0.4437855646801794,1.7228903577252612,0.9959033308366071,0.0066151177491553526,0.9873809814453125
ID21,v4_flipLR,27,24,108,96,5.046265044040321,0.4437855646801794,1.7228528184016871,0.9958579158132852,0.0065063706257667735,0.98736572265625
ID21,v4_flipLR,27,40,108,160,5.863230142835039,1.4330748909283606,1.7222399165417674,0.9965330808235079,0.0046541402559443145,0.9956207275390625
ID21,v4_flipLR,28,7,112,28,5.046265044040321,0.48530691994304964,1.7230511436763474,0.9961643668148963,0.00591698061637467,0.9876861572265625
ID21,v4_flipLR,28,9,112,36,5.046265044040321,0.48530691994304964,1.7230516354752878,0.9961641323450753,0.006001361376919448,0.9876861572265625
ID21,v4_flipLR,28,32,112,128,5.170882945826411,0.7108859506598542,1.7228692057635138,0.9960111260545299,0.006193688903183203,0.9874267578125
ID21,v4_flipLR,29,24,116,96,5.046265044040321,0.4437855646801794,1.7228528184016871,0.9958579158132852,0.0065063706257667735,0.98736572265625
ID21,v4_flipLR,30,20,120,80,5.046265044040321,0.4437855646801794,1.7228519470082726,0.9958421865207355,0.006711163015930748,0.987060546875
ID21,v4_flipLR,30,54,120,216,5.170882945826411,1.8379130495854938,1.7148197835029422,0.9994192710323222,0.0027966344016444634,0.9978790283203125
ID21,v4_flipLR,31,43,124,172,5.170882945826411,1.4063769641199948,1.7194992631642778,0.9962879227643519,0.004727122244639555,0.9954071044921875
ID21,v4_flipLR,31,62,124,248,5.923232061975478,1.782510405728256,1.715376160171728,0.9988843890884084,0.0032287324207826633,0.997344970703125
ID21,v4_flipLR,34,45,136,180,5.170882945826411,1.4063769641199948,1.717528763510553,0.9963632474061397,0.004752497176250929,0.995269775390625
ID21,v4_flipLR,36,10,144,40,5.046265044040321,0.48530691994304964,1.723052004363953,0.9961639564738966,0.006097662718637727,0.9875946044921875
ID21,v4_flipLR,36,14,144,56,5.046265044040321,0.48530691994304964,1.7230526192535707,0.9961636633194247,0.006254183183243471,0.9875030517578125
ID21,v4_flipLR,36,35,144,140,5.170882945826411,0.7108859506598542,1.7228711290307275,0.9960101504219151,0.006615421120704323,0.987213134765625
ID21,v4_flipLR,36,45,144,180,5.170882945826411,1.4063769641199948,1.717528763510553,0.9963632474061397,0.004752497176250929,0.995269775390625
ID21,v4_flipLR,39,24,156,96,5.046265044040321,0.4437855646801794,1.722854257889988,0.9958571559604977,0.0067597022960339285,0.9873199462890625
ID21,v4_flipLR,40,44,160,176,5.170882945826411,1.4063769641199948,1.7186080470479494,0.9959809285124851,0.005316962413048528,0.994903564453125
ID21,v4_flipLR,41,49,164,196,5.675635089098722,1.55714578956075,1.7150729964407494,0.996101275112375,0.005235507434200034,0.9941253662109375
ID21,v4_flipLR,43,46,172,184,5.675635089098722,1.55714578956075,1.7163159037925861,0.99601008942903,0.005474914966127591,0.99432373046875
ID21,v4_flipLR,43,62,172,248,6.6755811781245455,1.7198694181849705,1.7155386152667245,0.9979974624333124,0.004154084787372046,0.996185302734375
ID21,v4_flipLR,44,3,176,12,5.046265044040321,0.48530691994304964,1.7230511436763474,0.9961643668148963,0.00591698061637467,0.9876861572265625
ID21,v4_flipLR,44,40,176,160,5.863230142835039,1.4330748909283606,1.7222410215411232,0.996532551247976,0.004930783080627368,0.9954681396484375
ID21,v4_flipLR,44,48,176,192,5.675635089098722,1.55714578956075,1.7150729964407494,0.996101275112375,0.005247515478773888,0.9941253662109375
ID21,v4_flipLR,45,33,180,132,5.170882945826411,0.7108859506598542,1.722871008798964,0.9960102114129354,0.0066033139683659686,0.987274169921875
ID21,v4_flipLR,45,36,180,144,5.170882945826411,0.7108859506598542,1.722870047077171,0.9960106992739778,0.006458451844215929,0.9873809814453125
ID21,v4_flipLR,45,47,180,188,5.675635089098722,1.55714578956075,1.7153721600171792,0.9961014539283585,0.005331327256928971,0.9942169189453125
ID21,v4_flipLR,46,35,184,140,5.170882945826411,0.7108859506598542,1.722871609994543,0.9960099064391855,0.006723888147474027,0.987152099609375
ID21,v4_flipLR,47,23,188,92,5.108573994933366,0.48530691994304964,1.7229168141566187,0.996009357368928,0.0069769939136418435,0.9870147705078125
ID21,v4_flipLR,47,45,188,180,5.863230142835039,1.3501931643110663,1.7177350421424291,0.9957509896525899,0.0053778772861671304,0.9952239990234375
ID21,v4_flipLR,48,44,192,176,5.517056544330725,1.5071417739576676,1.718677634425162,0.9961633114749087,0.005402381093667962,0.994842529296875
ID21,v6_flipLR_rot180,0,64,0,256,7.01647743656893,1.765364860713896,1.715082112441739,0.998455964410744,0.003854169820228103,0.99658203125
ID21,v6_flipLR_rot180,1,52,4,208,8.740387444736633,1.5514248909481674,1.7151128958470172,0.9929996178830722,0.005366037127071599,0.99420166015625
ID21,v6_flipLR_rot180,1,54,4,216,8.740387444736633,1.5514248909481674,1.7150214240193191,0.9931214747558124,0.005354359928390913,0.994171142578125
ID21,v6_flipLR_rot180,2,6,8,24,5.844382880969505,0.41953730924111343,1.7239820274943294,0.9867351305091998,0.009373983214337783,0.98846435546875
ID21,v6_flipLR_rot180,3,0,12,0,4.644342240867125,0.38208597943962036,1.7228502156404362,0.9884467265725289,0.008809863865971745,0.98846435546875
ID21,v6_flipLR_rot180,3,1,12,4,4.644342240867125,0.38208597943962036,1.7228502156404362,0.9884467265725289,0.008809863865971745,0.98846435546875
ID21,v6_flipLR_rot180,3,16,12,64,6.672853666003136,0.3824320068660568,1.7229981511543193,0.989901304733095,0.007463526409894167,0.9906768798828125
ID21,v6_flipLR_rot180,3,39,12,156,5.700267786897255,1.1537063707612758,1.7164203442453487,0.9938680327242144,0.006545485114329984,0.9931793212890625
ID21,v6_flipLR_rot180,5,31,20,124,5.700267786897255,0.3577478269134838,1.7217968407187316,0.9935169187015489,0.00686912661065336,0.9916534423828125
ID21,v6_flipLR_rot180,5,58,20,232,6.863662517577698,1.5475928210070973,1.7161769546977514,0.9952904478661754,0.005464245085488141,0.9958648681640625
ID21,v6_flipLR_rot180,6,29,24,116,5.700267786897255,0.3577478269134838,1.7218313512957444,0.9936709828321587,0.006483650164869705,0.9918060302734375
ID21,v6_flipLR_rot180,8,29,32,116,4.918490759365935,0.34104582674412615,1.718754778740439,0.9944051240503233,0.005858940393750169,0.9935760498046875
ID21,v6_flipLR_rot180,8,38,32,152,5.700267786897255,1.1537063707612758,1.7166871513767936,0.9948619925070724,0.006041062408271527,0.9932403564453125
ID21,v6_flipLR_rot180,9,28,36,112,4.918490759365935,0.36123434709521873,1.7172418489507575,0.995246465418418,0.005185968767102754,0.9946441650390625
ID21,v6_flipLR_rot180,9,45,36,180,4.918490759365935,1.3931627651740333,1.7168776891693505,0.9952907358989649,0.0057040828037519375,0.9943084716796875
ID21,v6_flipLR_rot180,10,12,40,48,6.4820448144285745,0.38705695483506514,1.7174726726717569,0.9927743236430852,0.0055190595188406265,0.9940185546875
ID21,v6_flipLR_rot180,11,49,44,196,5.105529093883581,1.5424681432373049,1.7160746456866742,0.9969427374728668,0.00469428417084598,0.996429443359375
ID21,v6_flipLR_rot180,12,19,48,76,4.918490759365935,0.37283290978420447,1.7167780253329645,0.9945595696558469,0.005377137618467767,0.994598388671875
ID21,v6_flipLR_rot180,12,35,48,140,4.918490759365935,1.6460719024353103,1.7161486959159526,0.9976760186530081,0.004743250126779177,0.996337890625
ID21,v6_flipLR_rot180,14,27,56,108,4.570249502505344,0.1475353736659842,1.7158574283617363,0.998334021122778,0.003925370251287169,0.996673583984375
ID21,v6_flipLR_rot180,17,9,68,36,4.918490759365935,0.37283290978420447,1.7165092220557514,0.9951572000366647,0.004847396162616779,0.9939727783203125
ID21,v6_flipLR_rot180,17,39,68,156,4.918490759365935,1.6460719024353103,1.7158576620825348,0.9983334607445914,0.00447906910705983,0.996337890625
ID21,v6_flipLR_rot180,19,9,76,36,4.918490759365935,0.37283290978420447,1.7165092220557514,0.9951572000366647,0.004847396162616779,0.9939727783203125
ID21,v6_flipLR_rot180,19,34,76,136,4.918490759365935,1.6460719024353103,1.7158576620825348,0.9983334607445914,0.00447906910705983,0.996337890625
ID21,v6_flipLR_rot180,20,43,80,172,4.918490759365935,1.6460719024353103,1.7158576620825348,0.9983334607445914,0.00447906910705983,0.996337890625
ID21,v6_flipLR_rot180,21,37,84,148,4.918490759365935,1.6460719024353103,1.7158576620825348,0.9983334607445914,0.00447906910705983,0.996337890625
ID21,v6_flipLR_rot180,21,60,84,240,5.887306121414901,1.7647950449459584,1.7153726618450054,0.9988690030414648,0.0033490667378056837,0.9972381591796875
ID21,v6_flipLR_rot180,22,39,88,156,4.918490759365935,1.6460719024353103,1.7158576620825348,0.9983334607445914,0.00447906910705983,0.996337890625
ID21,v6_flipLR_rot180,23,44,92,176,4.918490759365935,1.6460719024353103,1.7158576620825348,0.9983334607445914,0.00447906910705983,0.996337890625
ID21,v6_flipLR_rot180,23,55,92,220,5.887306121414901,1.7647950449459584,1.7153726714776345,0.9988689511814874,0.003445255294455838,0.9971923828125
ID21,v6_flipLR_rot180,24,5,96,20,4.570249502505344,0.37463953455502585,1.7161194222123761,0.995539124323994,0.00459542755020353,0.994476318359375
ID21,v6_flipLR_rot180,24,51,96,204,5.105529093883581,1.6941758317701785,1.7155532414680612,0.9983493053326609,0.0037933241572071725,0.997039794921875
ID21,v6_flipLR_rot180,25,48,100,192,4.918490759365935,1.5337521653615431,1.7156289342915199,0.998012809734175,0.0043700596382804865,0.9965362548828125
ID21,v6_flipLR_rot180,26,58,104,232,5.887306121414901,1.7647950449459584,1.7153726875339792,0.9988688647376225,0.0035655715218208548,0.9971160888671875
ID21,v6_flipLR_rot180,27,36,108,144,4.918490759365935,1.6460719024353103,1.7158576620825348,0.9983334607445914,0.00447906910705983,0.996337890625
ID21,v6_flipLR_rot180,30,3,120,12,4.570249502505344,0.37463953455502585,1.7159945972883193,0.9956618040174139,0.00431900005839886,0.9945831298828125
ID21,v6_flipLR_rot180,32,10,128,40,4.918490759365935,0.37283290978420447,1.7165090163621295,0.9951579397568278,0.0046307156331553585,0.9941253662109375
ID21,v6_flipLR_rot180,33,51,132,204,5.105529093883581,1.6941758317701785,1.7155532414680612,0.9983493053326609,0.0037933241572071725,0.997039794921875
ID21,v6_flipLR_rot180,35,48,140,192,4.918490759365935,1.5337521653615431,1.7156289342915199,0.998012809734175,0.0043700596382804865,0.9965362548828125
ID21,v6_flipLR_rot180,37,34,148,136,4.918490759365935,1.5374514485993795,1.7157451135746058,0.9970491101461685,0.005127591825740176,0.995330810546875
ID21,v6_flipLR_rot180,37,64,148,256,5.887306121414901,1.7647950449459584,1.7153726425823974,0.9988691067471537,0.0032047269752749855,0.9973297119140625
ID21,v6_flipLR_rot180,40,32,160,128,4.918490759365935,1.3847890307467567,1.716394186967525,0.9966822108401499,0.005343661535232237,0.9948883056640625
ID21,v6_flipLR_rot180,41,7,164,28,6.2264330679352105,0.36416910051615037,1.7184858175414712,0.9930176773464118,0.006275889435713212,0.9917755126953125
ID21,v6_flipLR_rot180,42,58,168,232,5.887306121414901,1.7647950449459584,1.715420347944351,0.9988382757566493,0.0036496643484075857,0.9971160888671875
ID21,v6_flipLR_rot180,44,24,176,96,4.918490759365935,0.3524632957341882,1.7179301916648924,0.9945567413840556,0.0064607230957436645,0.993988037109375
ID21,v6_flipLR_rot180,45,12,180,48,5.970821321441846,0.3524632957341882,1.7182261439326514,0.9940568949185687,0.0057476352899345756,0.9929351806640625
ID21,v6_flipLR_rot180,45,39,180,156,4.918490759365935,1.6460719024353103,1.715857534578975,0.9983337664521454,0.00421411491435719,0.99652099609375
ID21,v6_flipLR_rot180,46,32,184,128,4.918490759365935,1.3847890307467567,1.716394186967525,0.9966822108401499,0.005343661535232237,0.9948883056640625
ID21,v6_flipLR_rot180,48,0,192,0,5.44465604040389,0.35606399598960514,1.7176926488634554,0.994637127578304,0.005387987400541701,0.9933319091796875
ID21,v6_flipLR_rot180,48,3,192,12,5.44465604040389,0.35606399598960514,1.7176926488634554,0.994637127578304,0.005387987400541701,0.9933319091796875
ID21,v6_flipLR_rot180,48,21,192,84,5.44465604040389,0.35606399598960514,1.7179211614172847,0.9949097357036947,0.005882772589992963,0.9934234619140625
ID21,v6_flipLR_rot180,48,50,192,200,4.918490759365935,1.6460719024353103,1.715530289674566,0.9982118021060997,0.003901242615723466,0.996612548828125
ID22,v0_rot0,0,4,0,16,,,,,,0.9981536865234375
ID22,v0_rot0,0,22,0,88,,,,,,0.99908447265625
ID22,v0_rot0,1,42,4,168,,,,,,0.99969482421875
ID22,v0_rot0,1,45,4,180,,,,,,0.9992828369140625
ID22,v0_rot0,3,10,12,40,,,,,,0.99810791015625
ID22,v0_rot0,3,63,12,252,,,,,,0.999359130859375
ID22,v0_rot0,6,56,24,224,,,,,,0.9993133544921875
ID22,v0_rot0,8,17,32,68,,,,,,0.998138427734375
ID22,v0_rot0,9,0,36,0,,,,,,0.9981842041015625
ID22,v0_rot0,9,20,36,80,,,,,,0.999114990234375
ID22,v0_rot0,10,6,40,24,,,,,,0.9981842041015625
ID22,v0_rot0,11,17,44,68,,,,,,0.998138427734375
ID22,v0_rot0,11,60,44,240,,,,,,0.9993133544921875
ID22,v0_rot0,14,42,56,168,,,,,,0.999725341796875
ID22,v0_rot0,15,20,60,80,,,,,,0.999114990234375
ID22,v0_rot0,15,23,60,92,,,,,,0.999114990234375
ID22,v0_rot0,16,8,64,32,,,,,,0.998138427734375
ID22,v0_rot0,16,32,64,128,,,,,,0.999114990234375
ID22,v0_rot0,16,40,64,160,,,,,,0.999725341796875
ID22,v0_rot0,17,5,68,20,,,,,,0.9981842041015625
ID22,v0_rot0,17,32,68,128,,,,,,0.999114990234375
ID22,v0_rot0,20,24,80,96,,,,,,0.999114990234375
ID22,v0_rot0,20,26,80,104,,,,,,0.999114990234375
ID22,v0_rot0,20,30,80,120,,,,,,0.999114990234375
ID22,v0_rot0,20,45,80,180,,,,,,0.9993133544921875
ID22,v0_rot0,20,61,80,244,,,,,,0.9993133544921875
ID22,v0_rot0,21,64,84,256,,,,,,0.999420166015625
ID22,v0_rot0,23,45,92,180,,,,,,0.9993743896484375
ID22,v0_rot0,24,45,96,180,,,,,,0.9993743896484375
ID22,v0_rot0,26,0,104,0,,,,,,0.9981842041015625
ID22,v0_rot0,26,47,104,188,,,,,,0.9993743896484375
ID22,v0_rot0,27,57,108,228,,,,,,0.9993743896484375
ID22,v0_rot0,28,7,112,28,,,,,,0.9981842041015625
ID22,v0_rot0,28,38,112,152,,,,,,0.999786376953125
ID22,v0_rot0,28,39,112,156,,,,,,0.999786376953125
ID22,v0_rot0,28,46,112,184,,,,,,0.9993743896484375
ID22,v0_rot0,29,4,116,16,,,,,,0.9981842041015625
ID22,v0_rot0,30,0,120,0,,,,,,0.9981842041015625
ID22,v0_rot0,30,51,120,204,,,,,,0.9993743896484375
ID22,v0_rot0,31,9,124,36,,,,,,0.998138427734375
ID22,v0_rot0,32,5,128,20,,,,,,0.9981842041015625
ID22,v0_rot0,33,1,132,4,,,,,,0.9981842041015625
ID22,v0_rot0,33,15,132,60,,,,,,0.998138427734375
ID22,v0_rot0,33,30,132,120,,,,,,0.999176025390625
ID22,v0_rot0,35,28,140,112,,,,,,0.999176025390625
ID22,v0_rot0,36,45,144,180,,,,,,0.9993743896484375
ID22,v0_rot0,36,57,144,228,,,,,,0.9993743896484375
ID22,v0_rot0,37,2,148,8,,,,,,0.9981842041015625
ID22,v0_rot0,38,20,152,80,,,,,,0.999176025390625
ID22,v0_rot0,38,33,152,132,,,,,,0.999176025390625
ID22,v0_rot0,39,38,156,152,,,,,,0.999786376953125
ID22,v0_rot0,39,54,156,216,,,,,,0.9993743896484375
ID22,v0_rot0,40,14,160,56,,,,,,0.998138427734375
ID22,v0_rot0,40,15,160,60,,,,,,0.998138427734375
ID22,v0_rot0,41,7,164,28,,,,,,0.9981842041015625
ID22,v0_rot0,43,34,172,136,,,,,,0.999176025390625
ID22,v0_rot0,43,36,172,144,,,,,,0.999176025390625
ID22,v0_rot0,43,59,172,236,,,,,,0.9993743896484375
ID22,v0_rot0,44,37,176,148,,,,,,0.999176025390625
ID22,v0_rot0,44,38,176,152,,,,,,0.999786376953125
ID22,v0_rot0,45,64,180,256,,,,,,0.999420166015625
ID22,v0_rot0,46,14,184,56,,,,,,0.9980316162109375
ID22,v0_rot0,46,25,184,100,,,,,,0.9990692138671875
ID22,v0_rot0,48,29,192,116,,,,,,0.99957275390625
ID22,v2_rot180,0,64,0,256,23.28948359361322,1.5777364140617938,1.7418773786142887,0.9995879498214449,0.0010787448448824947,0.9994354248046875
ID22,v2_rot180,2,6,8,24,,,,,,0.9994964599609375
ID22,v2_rot180,2,8,8,32,,,,,,0.9994964599609375
ID22,v2_rot180,4,64,16,256,,,,,,0.9994354248046875
ID22,v2_rot180,5,35,20,140,,,,,,0.999359130859375
ID22,v2_rot180,5,56,20,224,,,,,,0.999481201171875
ID22,v2_rot180,6,64,24,256,,,,,,0.9994354248046875
ID22,v2_rot180,7,0,28,0,,,,,,0.9997711181640625
ID22,v2_rot180,7,39,28,156,,,,,,0.999542236328125
ID22,v2_rot180,9,52,36,208,,,,,,0.999481201171875
ID22,v2_rot180,10,42,40,168,,,,,,0.999542236328125
ID22,v2_rot180,11,57,44,228,,,,,,0.9994354248046875
ID22,v2_rot180,12,17,48,68,,,,,,0.9997711181640625
ID22,v2_rot180,12,52,48,208,,,,,,0.999481201171875
ID22,v2_rot180,12,53,48,212,,,,,,0.999481201171875
ID22,v2_rot180,13,36,52,144,,,,,,0.99945068359375
ID22,v2_rot180,13,48,52,192,,,,,,0.999481201171875
ID22,v2_rot180,14,25,56,100,,,,,,0.999359130859375
ID22,v2_rot180,15,18,60,72,,,,,,0.9997711181640625
ID22,v2_rot180,15,26,60,104,,,,,,0.999359130859375
ID22,v2_rot180,15,56,60,224,,,,,,0.999481201171875
ID22,v2_rot180,16,7,64,28,,,,,,0.9997711181640625
ID22,v2_rot180,16,44,64,176,,,,,,0.999542236328125
ID22,v2_rot180,17,61,68,244,,,,,,0.9994354248046875
ID22,v2_rot180,18,41,72,164,,,,,,0.999542236328125
ID22,v2_rot180,18,48,72,192,,,,,,0.999481201171875
ID22,v2_rot180,18,63,72,252,,,,,,0.9994354248046875
ID22,v2_rot180,19,0,76,0,,,,,,0.9997711181640625
ID22,v2_rot180,19,26,76,104,,,,,,0.999359130859375
ID22,v2_rot180,19,36,76,144,,,,,,0.99945068359375
ID22,v2_rot180,20,33,80,132,,,,,,0.999359130859375
ID22,v2_rot180,21,13,84,52,,,,,,0.9997711181640625
ID22,v2_rot180,21,49,84,196,,,,,,0.999481201171875
ID22,v2_rot180,23,28,92,112,,,,,,0.9993896484375
ID22,v2_rot180,24,5,96,20,,,,,,0.9998016357421875
ID22,v2_rot180,24,64,96,256,,,,,,0.9994354248046875
ID22,v2_rot180,26,0,104,0,,,,,,0.99932861328125
ID22,v2_rot180,26,1,104,4,,,,,,0.99932861328125
ID22,v2_rot180,26,3,104,12,,,,,,0.99932861328125
ID22,v2_rot180,26,12,104,48,,,,,,0.99932861328125
ID22,v2_rot180,26,16,104,64,,,,,,0.99932861328125
ID22,v2_rot180,26,18,104,72,,,,,,0.99932861328125
ID22,v2_rot180,26,20,104,80,,,,,,0.99932861328125
ID22,v2_rot180,27,11,108,44,,,,,,0.999267578125
ID22,v2_rot180,27,27,108,108,,,,,,0.9988555908203125
ID22,v2_rot180,27,40,108,160,,,,,,0.999359130859375
ID22,v2_rot180,27,46,108,184,,,,,,0.999359130859375
ID22,v2_rot180,28,27,112,108,,,,,,0.998779296875
ID22,v2_rot180,29,27,116,108,,,,,,0.9986572265625
ID22,v2_rot180,29,60,116,240,,,,,,0.999359130859375
ID22,v2_rot180,30,64,120,256,,,,,,0.999359130859375
ID22,v2_rot180,31,35,124,140,5.863230142835039,1.7820090768553682,1.7178201052714936,0.999236571288973,0.0016308997804692486,0.99859619140625
ID22,v2_rot180,32,33,128,132,5.863230142835039,1.7820090768553682,1.7178201052714936,0.999236571288973,0.0016308997804692486,0.99859619140625
ID22,v2_rot180,35,0,140,0,,,,,,0.9990081787109375
ID22,v2_rot180,36,27,144,108,,,,,,0.99859619140625
ID22,v2_rot180,37,48,148,192,,,,,,0.99896240234375
ID22,v2_rot180,37,63,148,252,,,,,,0.999359130859375
ID22,v2_rot180,38,46,152,184,,,,,,0.9990234375
ID22,v2_rot180,39,19,156,76,,,,,,0.9989471435546875
ID22,v2_rot180,40,32,160,128,,,,,,0.998443603515625
ID22,v2_rot180,40,56,160,224,,,,,,0.9992828369140625
ID22,v2_rot180,42,16,168,64,,,,,,0.9986724853515625
ID22,v2_rot180,42,53,168,212,,,,,,0.9990997314453125
ID22,v2_rot180,43,33,172,132,5.863230142835039,1.7820090768553682,1.717820389419068,0.9992362214346816,0.0023994811297734582,0.9981842041015625
ID22,v2_rot180,44,5,176,20,,,,,,0.9984588623046875
ID22,v2_rot180,46,42,184,168,,,,,,0.998382568359375
ID22,v2_rot180,47,6,188,24,,,,,,0.9981231689453125
ID22,v2_rot180,47,38,188,152,,,,,,0.9983062744140625
ID22,v2_rot180,48,9,192,36,,,,,,0.9981842041015625
ID22,v4_flipLR,0,3,0,12,,,,,,0.998077392578125
ID22,v4_flipLR,0,37,0,148,,,,,,0.998626708984375
ID22,v4_flipLR,1,32,4,128,5.970821321441846,1.7873253990613018,1.7172550899068044,0.9992358946145853,0.0030486449890419934,0.997711181640625
ID22,v4_flipLR,4,36,16,144,5.970821321441846,1.7873253990613018,1.7172549467845066,0.9992361397558702,0.002483728551923733,0.998138427734375
ID22,v4_flipLR,5,46,20,184,,,,,,0.99859619140625
ID22,v4_flipLR,5,60,20,240,,,,,,0.9993743896484375
ID22,v4_flipLR,8,7,32,28,,,,,,0.9988250732421875
ID22,v4_flipLR,9,20,36,80,,,,,,0.998931884765625
ID22,v4_flipLR,9,50,36,200,,,,,,0.9990234375
ID22,v4_flipLR,10,18,40,72,,,,,,0.998992919921875
ID22,v4_flipLR,10,25,40,100,,,,,,0.998565673828125
ID22,v4_flipLR,10,33,40,132,5.970821321441846,1.7873253990613018,1.7172547084513088,0.9992365479753252,0.0016549341377396912,0.998565673828125
ID22,v4_flipLR,11,6,44,24,,,,,,0.998992919921875
ID22,v4_flipLR,11,55,44,220,,,,,,0.9994049072265625
ID22,v4_flipLR,12,44,48,176,,,,,,0.9990692138671875
ID22,v4_flipLR,12,48,48,192,,,,,,0.9989471435546875
ID22,v4_flipLR,15,60,60,240,,,,,,0.9993743896484375
ID22,v4_flipLR,16,55,64,220,,,,,,0.9994049072265625
ID22,v4_flipLR,18,12,72,48,,,,,,0.998992919921875
ID22,v4_flipLR,18,46,72,184,,,,,,0.998992919921875
ID22,v4_flipLR,19,11,76,44,,,,,,0.999053955078125
ID22,v4_flipLR,19,47,76,188,,,,,,0.9990081787109375
ID22,v4_flipLR,20,33,80,132,5.970821321441846,1.7873253990613018,1.717254640402891,0.9992366645293274,0.0014388534641338246,0.9987640380859375
ID22,v4_flipLR,21,46,84,184,,,,,,0.999267578125
ID22,v4_flipLR,21,59,84,236,,,,,,0.99945068359375
ID22,v4_flipLR,22,7,88,28,,,,,,0.9993133544921875
ID22,v4_flipLR,22,18,88,72,,,,,,0.9993133544921875
ID22,v4_flipLR,24,20,96,80,,,,,,0.999786376953125
ID22,v4_flipLR,25,30,100,120,,,,,,0.999359130859375
ID22,v4_flipLR,25,36,100,144,,,,,,0.9994659423828125
ID22,v4_flipLR,28,18,112,72,,,,,,0.9997711181640625
ID22,v4_flipLR,29,25,116,100,,,,,,0.9993438720703125
ID22,v4_flipLR,30,26,120,104,,,,,,0.9993438720703125
ID22,v4_flipLR,31,22,124,88,,,,,,0.9993438720703125
ID22,v4_flipLR,31,44,124,176,,,,,,0.9995269775390625
ID22,v4_flipLR,33,62,132,248,,,,,,0.99945068359375
ID22,v4_flipLR,36,34,144,136,,,,,,0.9993438720703125
ID22,v4_flipLR,36,47,144,188,,,,,,0.999481201171875
ID22,v4_flipLR,37,20,148,80,,,,,,0.9997711181640625
ID22,v4_flipLR,38,23,152,92,,,,,,0.9993438720703125
ID22,v4_flipLR,39,21,156,84,,,,,,0.9997711181640625
ID22,v4_flipLR,39,50,156,200,,,,,,0.999481201171875
ID22,v4_flipLR,40,26,160,104,,,,,,0.9993438720703125
ID22,v4_flipLR,40,36,160,144,,,,,,0.99945068359375
ID22,v4_flipLR,42,64,168,256,,,,,,0.99945068359375
ID22,v4_flipLR,43,30,172,120,,,,,,0.9993438720703125
ID22,v4_flipLR,43,53,172,212,,,,,,0.999481201171875
ID22,v4_flipLR,43,62,172,248,,,,,,0.99945068359375
ID22,v4_flipLR,44,52,176,208,,,,,,0.999481201171875
ID22,v4_flipLR,45,19,180,76,,,,,,0.9996185302734375
ID22,v4_flipLR,45,21,180,84,,,,,,0.9996185302734375
ID22,v4_flipLR,46,57,184,228,,,,,,0.99945068359375
ID22,v4_flipLR,47,4,188,16,,,,,,0.9995269775390625
ID22,v4_flipLR,47,42,188,168,,,,,,0.99957275390625
ID22,v4_flipLR,47,50,188,200,,,,,,0.999481201171875
ID22,v4_flipLR,48,38,192,152,21.70480664627101,1.5873032098664652,1.7630989404828064,0.99957275390625,0.0012823120648731532,0.993927001953125
ID22,v4_flipLR,48,55,192,220,21.70480664627101,1.5873032098664652,1.763103178843506,0.9995727147871204,0.0014741946299082274,0.99383544921875
ID22,v6_flipLR_rot180,1,25,4,100,,,,,,0.9991302490234375
ID22,v6_flipLR_rot180,2,27,8,108,,,,,,0.9991302490234375
ID22,v6_flipLR_rot180,2,38,8,152,,,,,,0.9997406005859375
ID22,v6_flipLR_rot180,3,41,12,164,,,,,,0.9997406005859375
ID22,v6_flipLR_rot180,4,5,16,20,,,,,,0.998199462890625
ID22,v6_flipLR_rot180,5,7,20,28,,,,,,0.998291015625
ID22,v6_flipLR_rot180,5,58,20,232,,,,,,0.9994049072265625
ID22,v6_flipLR_rot180,6,27,24,108,,,,,,0.9992218017578125
ID22,v6_flipLR_rot180,7,0,28,0,,,,,,0.998291015625
ID22,v6_flipLR_rot180,8,43,32,172,,,,,,0.9998321533203125
ID22,v6_flipLR_rot180,10,47,40,188,,,,,,0.9994049072265625
ID22,v6_flipLR_rot180,10,56,40,224,,,,,,0.9994049072265625
ID22,v6_flipLR_rot180,10,62,40,248,,,,,,0.9994354248046875
ID22,v6_flipLR_rot180,11,40,44,160,,,,,,0.9998321533203125
ID22,v6_flipLR_rot180,14,30,56,120,,,,,,0.9992218017578125
ID22,v6_flipLR_rot180,14,57,56,228,,,,,,0.9994049072265625
ID22,v6_flipLR_rot180,15,8,60,32,,,,,,0.998260498046875
ID22,v6_flipLR_rot180,15,38,60,152,,,,,,0.9998321533203125
ID22,v6_flipLR_rot180,15,44,60,176,,,,,,0.9998321533203125
ID22,v6_flipLR_rot180,16,3,64,12,,,,,,0.998291015625
ID22,v6_flipLR_rot180,16,39,64,156,,,,,,0.9998321533203125
ID22,v6_flipLR_rot180,18,31,72,124,,,,,,0.9992218017578125
ID22,v6_flipLR_rot180,18,37,72,148,,,,,,0.9992218017578125
ID22,v6_flipLR_rot180,20,16,80,64,,,,,,0.998260498046875
ID22,v6_flipLR_rot180,21,9,84,36,,,,,,0.998260498046875
ID22,v6_flipLR_rot180,21,23,84,92,,,,,,0.9992218017578125
ID22,v6_flipLR_rot180,21,59,84,236,,,,,,0.9994049072265625
ID22,v6_flipLR_rot180,22,26,88,104,,,,,,0.9992218017578125
ID22,v6_flipLR_rot180,24,10,96,40,,,,,,0.998260498046875
ID22,v6_flipLR_rot180,25,42,100,168,,,,,,0.9998321533203125
ID22,v6_flipLR_rot180,25,44,100,176,,,,,,0.9998321533203125
ID22,v6_flipLR_rot180,26,21,104,84,,,,,,0.9992218017578125
ID22,v6_flipLR_rot180,26,36,104,144,,,,,,0.9992218017578125
ID22,v6_flipLR_rot180,26,60,104,240,,,,,,0.9994049072265625
ID22,v6_flipLR_rot180,27,9,108,36,,,,,,0.998260498046875
ID22,v6_flipLR_rot180,28,4,112,16,,,,,,0.998291015625
ID22,v6_flipLR_rot180,30,40,120,160,,,,,,0.999755859375
ID22,v6_flipLR_rot180,30,62,120,248,,,,,,0.999359130859375
ID22,v6_flipLR_rot180,31,7,124,28,,,,,,0.998291015625
ID22,v6_flipLR_rot180,32,48,128,192,,,,,,0.99932861328125
ID22,v6_flipLR_rot180,33,56,132,224,,,,,,0.99932861328125
ID22,v6_flipLR_rot180,33,61,132,244,,,,,,0.99932861328125
ID22,v6_flipLR_rot180,34,27,136,108,,,,,,0.9991455078125
ID22,v6_flipLR_rot180,35,12,140,48,,,,,,0.998260498046875
ID22,v6_flipLR_rot180,37,22,148,88,,,,,,0.9991455078125
ID22,v6_flipLR_rot180,37,42,148,168,,,,,,0.999755859375
ID22,v6_flipLR_rot180,38,18,152,72,,,,,,0.998260498046875
ID22,v6_flipLR_rot180,40,46,160,184,,,,,,0.99932861328125
ID22,v6_flipLR_rot180,40,53,160,212,,,,,,0.99932861328125
ID22,v6_flipLR_rot180,41,44,164,176,,,,,,0.999755859375
ID22,v6_flipLR_rot180,41,64,164,256,,,,,,0.999359130859375
ID22,v6_flipLR_rot180,42,2,168,8,,,,,,0.998291015625
ID22,v6_flipLR_rot180,42,23,168,92,,,,,,0.9991455078125
ID22,v6_flipLR_rot180,43,13,172,52,,,,,,0.9982147216796875
ID22,v6_flipLR_rot180,44,12,176,48,,,,,,0.9982147216796875
ID22,v6_flipLR_rot180,44,26,176,104,,,,,,0.9990997314453125
ID22,v6_flipLR_rot180,44,34,176,136,,,,,,0.9990997314453125
ID22,v6_flipLR_rot180,44,38,176,152,,,,,,0.9997100830078125
ID22,v6_flipLR_rot180,45,27,180,108,,,,,,0.9990997314453125
ID22,v6_flipLR_rot180,46,3,184,12,,,,,,0.9982452392578125
ID22,v6_flipLR_rot180,46,18,184,72,,,,,,0.9982147216796875
ID22,v6_flipLR_rot180,47,3,188,12,,,,,,0.9982452392578125
ID22,v6_flipLR_rot180,47,7,188,28,,,,,,0.9982452392578125
ID22,v6_flipLR_rot180,47,47,188,188,,,,,,0.9992828369140625
ID22,v6_flipLR_rot180,47,64,188,256,,,,,,0.999359130859375
ID22,v6_flipLR_rot180,48,56,192,224,,,,,,0.9992828369140625
